Animal_Species,Age_Months,Sex,Herd_Size,Vaccinated_FMD,Vaccinated_HS,Vaccinated_LSD,Vaccinated_BQ,Days_Since_Last_Vaccination,Recent_Treatment,Latitude,Longitude,Dist_Nearest_Outbreak_km,Dist_Waterbody_km,Temperature_C,Humidity_Percent,Rainfall_mm,Season,District_Outbreaks_30d,Symptom_Onset_Days,Sick_Animal_Count,Mortality_Count,Fever,Salivation,Blisters_Mouth_Teats,Lameness,Skin_Nodules,Udder_Swelling,Respiratory_Distress,Abnormal_Milk,Diarrhea,Bleeding_Orifices,Target_Disease,Triage_Risk_Level,Escalation_Required
Cow,26,Female,10,1,1,1,0,101,Supportive Care,21.685,80.109,2.8,9.2,29.3,68.8,28.4,Monsoon,1,3,4,0,1,0,0,1,0,0,0,0,0,0,Black_Quarter,High,1
Buffalo,98,Female,3,1,0,1,1,213,Supportive Care,19.2293,77.6641,34.4,12.4,30.7,83.7,12.5,Winter,0,0,0,0,0,0,0,0,0,0,0,0,0,0,Healthy,Low,0
Cow,22,Female,2,1,0,0,1,238,Antibiotics,25.0226,78.9255,26.4,6.5,32.7,89.1,23.2,Post-Monsoon,0,5,1,0,1,0,0,0,1,0,0,0,0,0,Lumpy_Skin_Disease,Moderate,0
Buffalo,78,Female,12,0,0,1,1,242,Antibiotics,21.6397,78.0089,11.5,1.9,27.4,73.0,65.3,Monsoon,4,3,4,1,1,1,0,0,0,0,0,0,0,0,Hemorrhagic_Septicemia,Critical,1
Buffalo,115,Male,7,0,0,1,0,285,Dewormed,23.8083,73.1991,25.8,3.5,22.3,58.7,5.2,Monsoon,3,1,3,0,1,1,1,1,0,0,0,0,0,0,FMD,High,1
Cow,44,Female,3,1,1,1,1,217,Untreated,22.5489,77.4674,47.0,14.6,24.2,83.6,28.1,Summer,2,5,2,0,0,0,0,0,0,1,0,0,0,0,Mastitis,Moderate,0
Cow,26,Female,3,1,1,0,1,243,Dewormed,22.4361,82.2226,2.7,14.9,29.6,73.1,23.6,Post-Monsoon,5,2,1,0,1,0,0,0,0,0,0,0,0,0,Lumpy_Skin_Disease,Moderate,0
Cow,117,Female,4,1,1,1,1,62,Antibiotics,25.5217,82.7214,88.0,13.7,21.3,47.8,7.3,Summer,0,0,0,0,0,0,0,0,0,0,0,0,0,0,Healthy,Low,0
Buffalo,80,Female,1,1,0,0,0,40,Untreated,23.2866,81.7131,48.8,7.8,27.5,70.0,7.3,Post-Monsoon,3,4,1,0,1,0,0,0,1,0,0,0,0,0,Lumpy_Skin_Disease,Moderate,0
Buffalo,115,Female,12,1,0,1,1,277,Untreated,21.391,78.6817,9.1,6.6,28.0,82.5,35.0,Monsoon,3,6,3,1,1,1,0,0,0,0,1,0,0,0,Hemorrhagic_Septicemia,Critical,1
Cow,63,Female,8,0,1,1,0,304,Antibiotics,23.861,77.0875,13.4,7.5,23.8,60.9,8.8,Winter,3,4,2,0,1,1,1,1,0,0,0,1,0,0,FMD,Moderate,0
Cow,68,Female,14,1,1,1,0,277,Antibiotics,23.798,78.7903,24.9,1.3,25.9,79.2,18.0,Winter,2,3,4,0,1,0,0,0,0,1,0,1,0,0,Mastitis,Moderate,0
Cow,95,Female,1,1,1,0,1,54,Antibiotics,16.0855,82.3258,28.1,6.4,35.1,82.0,38.9,Monsoon,2,5,1,0,1,0,0,0,0,1,0,1,0,0,Mastitis,Moderate,0
Buffalo,12,Male,2,1,1,1,0,354,Dewormed,15.5908,76.3716,47.5,13.4,36.4,81.3,19.5,Monsoon,3,3,1,2,1,0,0,0,0,0,0,0,0,0,Black_Quarter,High,1
Buffalo,72,Male,37,1,0,1,0,224,Antibiotics,15.8257,73.4419,7.1,0.3,34.4,88.8,22.4,Post-Monsoon,2,5,2,2,0,0,0,1,0,0,0,0,0,0,Black_Quarter,High,1
Cow,72,Female,29,1,1,0,1,149,Dewormed,16.7422,73.3454,78.0,9.3,16.9,50.4,3.1,Monsoon,1,0,0,0,0,0,0,0,0,0,0,0,0,0,Healthy,Low,0
Buffalo,45,Female,9,1,1,0,1,348,Antibiotics,16.6646,74.8228,7.4,9.6,30.2,87.7,17.8,Post-Monsoon,3,1,1,0,1,0,0,0,1,0,0,0,0,0,Lumpy_Skin_Disease,Moderate,0
Cow,27,Female,18,1,1,1,0,137,Dewormed,27.8213,79.4391,93.2,3.6,20.1,51.6,1.3,Monsoon,1,0,0,0,0,0,0,0,0,0,1,0,0,0,Healthy,Low,0
Buffalo,22,Male,12,1,1,0,0,311,Antibiotics,19.3868,83.7958,30.6,3.7,45.3,81.2,14.3,Post-Monsoon,3,4,3,1,1,0,0,0,0,0,1,0,0,1,Anthrax,Critical,1
Cow,61,Female,3,0,0,1,1,221,Supportive Care,21.2548,79.3911,3.1,5.1,29.8,62.2,0.1,Summer,1,4,1,0,1,1,1,1,0,0,0,0,0,0,FMD,Moderate,0
Buffalo,98,Male,12,1,0,1,1,166,Untreated,18.064,80.6051,45.4,4.8,28.8,76.8,56.4,Monsoon,6,5,4,0,0,0,0,0,0,0,1,0,0,0,Hemorrhagic_Septicemia,Critical,1
Cow,46,Female,5,1,1,0,1,195,Untreated,21.9743,77.5459,23.1,9.1,24.1,93.5,13.3,Post-Monsoon,4,5,1,0,1,0,0,0,1,0,0,0,0,0,Lumpy_Skin_Disease,Moderate,0
Cow,70,Female,3,0,1,0,0,273,Untreated,26.8389,74.4737,12.2,2.6,27.5,76.6,15.6,Post-Monsoon,3,1,2,0,1,0,0,0,1,0,0,0,0,0,Lumpy_Skin_Disease,Moderate,0
Cow,49,Female,5,1,1,0,1,105,Untreated,27.4939,74.784,21.0,1.4,33.6,63.4,28.0,Post-Monsoon,3,4,1,0,1,0,0,0,1,0,0,0,0,1,Lumpy_Skin_Disease,Moderate,0
Buffalo,108,Male,3,1,1,1,0,164,Antibiotics,17.8856,75.7729,33.8,0.4,37.3,66.1,33.5,Monsoon,2,1,2,1,1,0,0,1,0,0,0,0,0,1,Black_Quarter,High,1
Buffalo,17,Male,13,0,1,0,0,38,Dewormed,22.1766,78.2335,15.1,14.2,29.9,91.3,21.7,Post-Monsoon,3,4,2,0,1,0,0,0,1,0,0,0,0,0,Lumpy_Skin_Disease,Moderate,0
Buffalo,54,Male,4,1,1,1,0,305,Dewormed,23.2303,78.9313,28.9,12.6,27.6,77.4,15.6,Monsoon,3,2,3,0,1,0,0,1,0,0,0,0,0,0,Black_Quarter,High,1
Cow,16,Female,3,0,1,1,1,275,Supportive Care,20.6528,75.9568,41.0,12.0,32.1,82.1,46.6,Monsoon,3,1,2,2,1,1,0,0,0,0,1,0,0,1,Anthrax,Critical,1
Cow,21,Female,12,1,1,1,1,358,Untreated,24.5033,75.3112,6.2,6.4,26.9,64.6,35.6,Post-Monsoon,2,2,1,0,0,0,0,0,0,1,0,0,0,0,Mastitis,Moderate,0
Buffalo,79,Female,3,1,0,1,1,294,Untreated,24.9734,77.8232,24.3,9.4,29.7,81.2,40.4,Monsoon,6,6,2,1,1,1,0,0,0,1,1,1,0,0,Hemorrhagic_Septicemia,Critical,1
Buffalo,38,Male,3,1,1,1,0,59,Untreated,17.2949,75.6458,9.7,11.7,34.8,67.5,11.8,Monsoon,1,4,2,0,1,0,0,1,0,0,0,0,0,0,Black_Quarter,Moderate,0
Cow,111,Female,8,0,0,0,1,224,Antibiotics,18.3768,81.681,25.0,1.3,33.3,80.4,61.8,Monsoon,2,1,2,0,1,1,0,0,0,0,1,0,0,0,Hemorrhagic_Septicemia,Critical,1
Cow,60,Female,24,0,1,1,0,83,Antibiotics,17.9721,83.9044,0.6,8.4,32.9,43.0,8.5,Monsoon,2,1,4,0,1,1,0,1,0,0,0,0,0,0,FMD,High,1
Cow,69,Female,4,1,1,0,1,342,Untreated,27.6554,84.6265,37.6,2.0,30.1,83.8,24.0,Post-Monsoon,1,1,3,0,1,0,0,0,1,0,0,0,0,0,Lumpy_Skin_Disease,High,1
Cow,61,Female,3,1,1,1,0,288,Antibiotics,19.1697,81.6931,37.4,3.1,17.5,73.9,39.9,Monsoon,5,3,1,0,1,0,0,0,1,1,0,1,0,0,Mastitis,Moderate,0
Cow,23,Female,19,1,0,0,1,112,Dewormed,27.6711,81.6627,33.0,11.4,21.3,81.2,6.1,Post-Monsoon,5,5,2,0,1,0,0,0,0,1,0,0,0,0,Mastitis,Moderate,0
Buffalo,60,Male,5,0,1,1,1,357,Untreated,27.1576,84.3682,31.5,11.8,26.3,29.4,1.3,Monsoon,6,4,2,0,1,1,1,1,0,0,0,0,0,0,FMD,Moderate,0
Buffalo,56,Female,3,1,1,1,1,44,Dewormed,17.2645,84.5294,21.1,12.7,38.1,78.6,13.2,Post-Monsoon,6,2,2,0,1,1,0,0,1,0,0,0,0,0,Lumpy_Skin_Disease,Moderate,0
Buffalo,75,Female,6,1,0,1,0,355,Dewormed,23.5376,76.9023,38.8,2.1,27.9,54.5,28.6,Monsoon,3,3,4,0,1,0,0,0,0,0,1,0,0,1,Anthrax,Critical,1
Cow,44,Female,2,0,0,1,1,189,Dewormed,19.11,79.0868,2.6,2.3,30.9,73.9,62.4,Monsoon,2,1,1,2,1,1,0,0,0,0,1,0,0,0,Hemorrhagic_Septicemia,Critical,1
Cow,104,Female,3,0,0,0,1,61,Supportive Care,27.1023,81.2743,34.0,3.3,35.3,83.9,28.4,Monsoon,3,6,2,0,1,1,0,0,0,0,0,0,0,0,Hemorrhagic_Septicemia,Critical,1
Buffalo,11,Female,51,0,1,1,1,331,Antibiotics,22.7543,79.5482,22.5,0.3,27.0,81.5,11.1,Post-Monsoon,3,3,3,0,1,1,1,1,0,0,0,0,0,0,FMD,High,1
Buffalo,114,Female,1,1,1,1,1,36,Antibiotics,18.9948,82.6363,27.2,4.7,26.5,71.7,29.1,Monsoon,3,3,1,0,1,1,0,0,0,0,0,0,0,0,Black_Quarter,Moderate,0
Cow,83,Female,17,1,1,0,1,44,Supportive Care,18.0793,82.3663,14.1,12.4,29.2,84.6,19.2,Post-Monsoon,2,6,2,0,1,0,0,0,0,0,0,0,0,0,Lumpy_Skin_Disease,Moderate,0
Cow,72,Female,3,0,1,1,0,229,Antibiotics,22.519,76.2899,4.4,1.4,39.8,31.6,2.7,Monsoon,3,1,2,0,1,0,1,1,0,0,0,0,0,0,FMD,Moderate,0
Cow,65,Female,12,1,0,0,0,151,Untreated,15.0161,76.6102,49.1,7.2,27.0,88.6,19.8,Post-Monsoon,1,3,4,0,0,0,0,0,1,0,0,0,0,0,Lumpy_Skin_Disease,High,1
Cow,90,Female,8,0,0,1,1,42,Supportive Care,21.4605,84.9059,42.6,3.2,21.1,64.1,3.9,Post-Monsoon,3,4,4,0,1,1,1,1,0,0,0,0,0,0,FMD,High,1
Buffalo,97,Female,18,1,1,0,1,74,Supportive Care,16.7572,84.5574,27.7,14.5,27.4,79.2,22.4,Post-Monsoon,3,1,1,0,1,0,0,0,1,0,0,0,0,0,Lumpy_Skin_Disease,Moderate,0
Buffalo,30,Female,5,1,0,0,1,118,Antibiotics,20.2624,80.8489,18.0,7.9,22.6,77.4,39.8,Monsoon,2,5,4,0,1,0,0,0,0,1,0,1,0,0,Mastitis,Moderate,0
Buffalo,21,Female,4,0,1,1,1,193,Dewormed,20.9728,82.4202,44.7,14.3,19.0,68.7,9.3,Monsoon,4,3,2,0,1,1,1,1,0,0,0,0,0,0,FMD,Moderate,0
Buffalo,108,Female,7,1,0,1,1,43,Dewormed,25.0705,80.9364,26.7,2.7,15.9,55.9,13.3,Winter,0,0,0,0,0,0,0,0,1,0,0,0,0,0,Healthy,Low,0
Buffalo,36,Male,1,1,0,0,1,190,Supportive Care,22.7809,74.1401,19.1,8.3,31.0,70.4,26.9,Summer,2,1,1,0,0,0,0,0,0,1,0,1,0,0,Mastitis,Moderate,0
Buffalo,62,Male,49,0,1,1,1,216,Untreated,16.9588,77.1086,21.0,11.4,26.8,64.0,12.7,Monsoon,2,6,2,0,1,1,1,1,0,0,0,0,0,0,FMD,Moderate,0
Cow,71,Female,15,1,1,0,1,250,Untreated,24.7441,82.1041,34.1,11.4,31.6,72.4,25.3,Post-Monsoon,3,5,1,0,1,0,0,0,1,0,0,0,0,0,Lumpy_Skin_Disease,Moderate,0
Buffalo,94,Male,2,0,1,1,1,200,Antibiotics,27.7656,75.5181,41.3,7.9,39.7,62.5,10.1,Post-Monsoon,1,4,1,2,1,0,0,1,0,0,0,0,1,0,Black_Quarter,High,1
Buffalo,48,Male,17,0,1,1,0,348,Untreated,19.8999,78.5408,24.3,6.6,28.9,88.5,35.4,Post-Monsoon,3,1,4,0,1,0,0,1,0,0,0,0,0,0,Black_Quarter,High,1
Cow,94,Female,15,1,1,0,0,117,Supportive Care,21.9215,77.9331,17.7,13.5,31.1,66.5,26.0,Post-Monsoon,0,1,4,0,1,0,0,1,0,0,0,0,0,1,Black_Quarter,High,1
Buffalo,69,Female,18,1,1,1,1,147,Supportive Care,22.066,73.9807,23.2,7.3,33.4,72.0,10.0,Post-Monsoon,4,1,3,0,1,0,0,0,1,0,0,0,0,0,Lumpy_Skin_Disease,High,1
Cow,68,Female,16,1,1,1,0,284,Antibiotics,18.6716,77.6887,40.0,5.6,32.3,83.7,12.1,Monsoon,2,4,1,0,1,1,0,1,0,0,0,0,0,0,Black_Quarter,Moderate,0
Buffalo,27,Male,5,1,1,1,1,85,Untreated,19.0711,82.5831,97.1,12.9,36.2,76.2,12.0,Winter,0,0,0,0,0,0,0,0,0,0,1,0,0,0,Healthy,Low,0
Buffalo,118,Female,12,0,0,1,1,129,Supportive Care,16.4683,74.0462,36.1,6.4,32.2,75.8,7.3,Post-Monsoon,4,4,1,0,0,0,0,0,0,0,0,0,0,0,Lumpy_Skin_Disease,Moderate,0
Cow,97,Female,39,1,0,0,0,201,Supportive Care,16.4429,78.3647,23.3,13.0,31.7,63.2,10.2,Monsoon,3,2,4,2,1,0,1,1,0,0,0,0,0,0,Black_Quarter,High,1
Buffalo,90,Female,2,0,1,1,1,240,Dewormed,17.9426,81.763,30.1,1.1,28.1,56.1,11.3,Monsoon,6,5,1,0,1,1,1,1,0,0,0,0,0,0,FMD,Moderate,0
Buffalo,54,Male,16,1,1,1,1,51,Supportive Care,25.2544,80.6753,34.0,2.1,22.3,78.4,34.1,Winter,3,6,2,0,0,1,0,0,0,1,0,1,0,0,Mastitis,Moderate,0
Cow,118,Female,11,0,1,0,1,187,Supportive Care,20.1584,73.5327,14.3,12.3,31.3,78.2,27.7,Post-Monsoon,5,3,1,0,1,0,0,0,1,0,0,0,0,0,Lumpy_Skin_Disease,Moderate,0
Cow,57,Female,4,1,1,1,1,349,Dewormed,20.4463,82.0141,4.0,1.3,38.9,62.9,45.3,Monsoon,5,3,2,0,1,1,0,0,0,0,1,0,0,1,Anthrax,Critical,1
Cow,110,Female,2,0,0,0,0,999,Antibiotics,18.9821,82.4678,22.6,12.0,29.2,84.9,27.6,Post-Monsoon,6,5,1,0,1,0,0,0,1,0,0,0,0,0,Lumpy_Skin_Disease,Moderate,0
Buffalo,84,Female,2,0,0,1,1,63,Antibiotics,16.2909,75.5064,46.3,6.3,19.2,53.5,0.4,Post-Monsoon,2,4,1,0,1,1,1,1,0,0,0,0,0,0,FMD,Moderate,0
Cow,101,Female,32,1,0,1,0,355,Antibiotics,25.799,79.5379,8.7,8.8,21.1,75.2,79.7,Monsoon,3,2,3,1,1,0,0,0,0,0,1,0,0,0,Hemorrhagic_Septicemia,Critical,1
Buffalo,40,Female,10,1,1,1,1,208,Dewormed,27.7528,78.8009,87.7,8.9,20.8,66.8,12.8,Monsoon,0,0,0,0,0,0,0,0,0,0,0,0,0,0,Healthy,Low,0
Buffalo,92,Female,26,1,1,0,1,350,Supportive Care,15.2485,78.7221,34.5,10.9,34.2,83.8,29.5,Post-Monsoon,2,4,4,0,1,0,0,0,1,0,0,0,0,0,Lumpy_Skin_Disease,High,1
Cow,37,Female,8,0,1,0,1,305,Dewormed,22.5015,81.3731,0.8,1.6,30.8,83.1,15.3,Winter,4,4,3,0,1,0,0,0,0,1,0,1,1,0,Mastitis,Moderate,0
Buffalo,86,Female,3,1,1,1,0,357,Untreated,24.2814,82.8704,40.3,8.3,15.4,48.6,2.3,Winter,3,5,1,0,1,1,1,1,0,0,0,0,0,0,FMD,Moderate,0
Buffalo,21,Female,4,1,1,1,1,345,Untreated,23.7768,74.3923,2.6,8.5,21.2,60.2,4.1,Summer,4,3,3,0,1,0,1,1,0,0,0,0,0,0,FMD,High,1
Cow,37,Female,31,0,1,1,1,67,Supportive Care,25.3511,82.0483,2.3,6.0,37.7,78.7,30.0,Post-Monsoon,4,5,3,0,1,0,1,0,1,0,0,0,0,0,Lumpy_Skin_Disease,High,1
Buffalo,72,Male,1,1,1,1,1,40,Supportive Care,26.1427,79.9043,4.3,5.8,26.0,71.2,43.4,Post-Monsoon,2,2,1,0,1,0,0,0,0,0,1,0,0,1,Anthrax,Critical,1
Cow,90,Female,5,1,1,1,1,307,Untreated,21.8996,80.8115,32.4,8.5,34.3,99.7,59.8,Monsoon,6,5,3,1,1,1,0,0,0,0,0,0,0,0,Hemorrhagic_Septicemia,Critical,1
Cow,66,Female,5,0,1,0,1,341,Untreated,22.1092,75.1637,23.2,8.5,20.1,41.1,13.8,Post-Monsoon,4,6,4,0,1,1,1,1,0,0,0,0,0,0,FMD,High,1
Cow,50,Female,33,1,0,1,0,358,Dewormed,23.328,80.9992,8.6,8.5,13.0,77.5,38.4,Summer,2,5,1,0,1,0,0,0,0,1,0,1,0,0,Mastitis,Moderate,0
Buffalo,111,Male,11,0,1,1,1,81,Untreated,27.9017,77.6359,28.9,6.3,30.4,73.5,30.5,Winter,4,2,3,0,0,0,0,0,0,1,0,1,0,0,Mastitis,Moderate,0
Cow,32,Female,2,1,0,1,1,311,Untreated,23.2686,77.3723,15.1,13.2,25.7,90.7,45.9,Monsoon,1,2,1,1,1,1,0,0,0,0,1,0,0,0,Hemorrhagic_Septicemia,Critical,1
Cow,88,Female,15,0,0,1,0,205,Untreated,26.0295,78.0716,15.5,4.9,26.3,91.1,21.2,Monsoon,3,4,3,0,1,0,0,0,0,1,1,1,0,0,Mastitis,Moderate,0
Buffalo,118,Female,8,0,1,1,0,231,Untreated,24.2862,78.5406,92.9,10.4,17.3,33.0,11.3,Post-Monsoon,2,0,0,0,0,0,0,0,0,0,0,0,0,0,Healthy,Low,0
Cow,45,Female,11,0,1,1,1,199,Untreated,21.9458,79.4888,21.8,4.7,27.6,71.7,10.9,Winter,3,4,3,0,1,0,1,1,0,0,0,0,0,0,FMD,High,1
Cow,106,Female,2,0,1,1,1,34,Untreated,20.626,81.2253,17.0,0.9,36.9,64.4,30.1,Post-Monsoon,5,1,1,0,1,0,0,1,0,0,0,0,0,0,Black_Quarter,Moderate,0
Cow,17,Female,4,1,0,1,1,93,Dewormed,17.2374,84.1063,3.9,6.5,27.7,77.5,7.4,Monsoon,2,1,2,0,1,0,0,0,0,1,0,1,0,0,Mastitis,Moderate,0
Buffalo,86,Female,12,0,0,0,1,101,Antibiotics,24.6123,75.576,33.4,7.5,31.6,99.1,51.5,Monsoon,3,6,1,2,0,1,0,0,0,0,1,0,0,0,Hemorrhagic_Septicemia,Critical,1
Cow,99,Female,13,0,1,1,0,113,Dewormed,22.0753,75.4034,31.0,11.2,40.9,75.4,38.0,Monsoon,2,6,4,2,1,0,0,1,0,0,0,0,0,0,Black_Quarter,High,1
Cow,72,Female,5,1,1,1,0,197,Supportive Care,18.6535,81.5555,1.1,6.2,34.2,77.2,41.5,Monsoon,3,3,1,0,1,0,0,1,0,0,0,0,0,0,Black_Quarter,Moderate,0
Cow,88,Female,12,0,1,0,0,293,Supportive Care,19.4822,78.5421,21.0,0.3,30.7,88.2,18.8,Post-Monsoon,3,5,4,0,1,0,0,0,1,0,0,0,0,0,Lumpy_Skin_Disease,High,1
Cow,54,Female,1,1,0,1,1,325,Antibiotics,24.8002,83.4576,34.1,6.2,33.4,86.3,37.8,Monsoon,3,5,1,1,1,1,0,0,0,0,1,0,0,0,Hemorrhagic_Septicemia,Critical,1
Buffalo,113,Female,2,0,1,0,1,290,Untreated,26.3642,75.4412,6.8,4.4,32.1,81.6,17.8,Post-Monsoon,4,5,1,0,1,0,0,0,0,0,0,0,0,0,Lumpy_Skin_Disease,Moderate,0
Buffalo,79,Male,4,0,1,1,1,361,Supportive Care,27.0807,77.5507,41.7,12.7,30.1,26.3,14.5,Post-Monsoon,2,1,2,0,1,0,1,1,0,0,0,0,0,0,FMD,Moderate,0
Cow,72,Female,9,1,0,0,1,251,Untreated,24.2661,77.6345,29.6,2.9,24.5,84.4,21.9,Post-Monsoon,7,2,2,0,1,0,0,0,1,0,0,0,0,0,Lumpy_Skin_Disease,Moderate,0
Buffalo,115,Female,12,0,1,0,0,303,Dewormed,22.2454,73.4678,33.5,4.9,32.6,85.3,12.9,Summer,7,6,1,0,1,0,0,0,0,1,0,1,0,1,Mastitis,Moderate,0
Buffalo,16,Female,28,1,1,1,1,328,Untreated,27.1994,77.9778,20.4,5.9,34.5,73.2,49.9,Monsoon,1,1,3,0,1,0,1,0,0,1,1,0,0,1,Anthrax,Critical,1
Buffalo,21,Female,10,1,1,1,1,184,Dewormed,22.2109,81.9735,40.6,6.3,32.2,75.6,31.1,Monsoon,1,4,4,0,0,0,0,1,0,0,0,0,0,0,Black_Quarter,High,1
Cow,114,Female,1,1,1,0,1,164,Untreated,26.4526,83.595,33.1,3.2,35.7,88.8,26.0,Post-Monsoon,4,1,1,0,1,0,0,0,1,0,0,0,1,0,Lumpy_Skin_Disease,Moderate,0
Cow,9,Female,12,0,1,1,1,254,Supportive Care,27.8089,74.9923,6.2,0.2,24.8,66.8,12.7,Summer,1,3,3,0,0,1,1,1,0,0,0,0,0,0,FMD,High,1
Buffalo,8,Female,5,1,0,1,1,31,Antibiotics,15.5845,74.5163,28.3,11.5,31.6,97.0,29.4,Monsoon,1,4,4,1,1,1,0,0,0,0,1,0,0,0,Hemorrhagic_Septicemia,Critical,1
Buffalo,80,Female,19,1,1,0,1,88,Untreated,17.3769,82.9085,14.6,13.9,33.8,67.4,14.9,Monsoon,3,2,2,0,1,0,0,1,0,0,0,0,0,0,Black_Quarter,Moderate,0
Buffalo,15,Female,9,1,1,1,1,238,Antibiotics,27.2807,80.3193,93.2,11.8,28.1,45.3,3.3,Summer,0,0,0,0,0,0,0,0,0,0,0,0,0,0,Healthy,Low,0
Cow,86,Female,7,1,1,0,0,144,Antibiotics,15.645,81.6952,6.0,9.2,40.5,71.2,47.4,Post-Monsoon,1,1,1,1,1,0,0,1,0,0,1,0,0,0,Black_Quarter,High,1
Buffalo,50,Female,11,1,1,0,0,205,Supportive Care,27.3131,83.6183,37.1,4.2,33.3,73.1,19.1,Post-Monsoon,2,2,4,0,1,0,0,1,0,0,0,0,0,0,Lumpy_Skin_Disease,High,1
Buffalo,76,Female,4,1,1,1,0,341,Untreated,24.8003,79.9347,45.3,12.3,30.7,75.6,11.5,Post-Monsoon,1,4,3,0,1,0,0,0,1,0,0,0,0,0,Lumpy_Skin_Disease,High,1
Cow,81,Female,13,1,1,1,0,319,Untreated,17.8328,73.1821,29.3,1.7,31.9,75.9,37.6,Monsoon,6,3,2,0,1,0,0,1,0,0,0,0,0,0,Black_Quarter,Moderate,0
Cow,17,Female,7,1,1,1,1,280,Supportive Care,27.8626,79.8932,7.3,10.4,26.7,71.2,30.9,Post-Monsoon,3,4,1,0,1,0,0,0,1,1,0,1,0,1,Mastitis,Moderate,0
Cow,11,Female,3,0,1,1,0,183,Untreated,15.8899,78.012,6.3,9.2,31.2,80.4,46.5,Monsoon,2,4,2,2,1,0,0,0,0,0,1,0,0,0,Black_Quarter,High,1
Cow,51,Female,1,1,0,1,1,123,Dewormed,19.0697,83.038,3.0,7.0,31.7,83.9,77.7,Monsoon,2,2,1,0,1,1,0,1,0,0,1,0,0,0,Hemorrhagic_Septicemia,Critical,1
Buffalo,10,Female,14,1,1,1,1,114,Supportive Care,24.4688,77.1497,33.7,12.1,27.5,85.5,5.3,Post-Monsoon,5,6,2,0,1,0,0,0,0,1,1,1,1,0,Mastitis,Moderate,0
Buffalo,84,Male,28,0,0,1,1,58,Antibiotics,26.2893,84.1176,21.3,0.9,24.4,20.0,13.8,Monsoon,0,1,1,0,1,1,1,1,0,0,0,1,0,0,FMD,Moderate,0
Cow,9,Female,30,0,1,0,1,219,Antibiotics,17.5122,73.6067,31.5,4.4,20.9,75.1,0.6,Post-Monsoon,4,1,1,0,1,1,1,1,0,0,0,0,0,0,FMD,Moderate,0
Buffalo,85,Female,9,0,0,1,0,161,Dewormed,20.1609,74.8758,37.0,5.5,27.2,88.6,29.0,Monsoon,2,5,4,2,1,1,0,0,0,0,1,0,0,0,Hemorrhagic_Septicemia,Critical,1
Cow,118,Female,2,1,1,1,0,237,Untreated,23.4772,82.371,39.7,9.1,36.6,88.3,44.6,Monsoon,1,2,1,1,1,0,0,1,0,0,0,0,0,0,Black_Quarter,High,1
Cow,115,Female,4,1,0,0,1,45,Untreated,23.2079,78.1168,59.3,2.7,29.1,59.2,4.9,Post-Monsoon,0,0,0,0,0,0,0,0,0,0,1,0,0,1,Healthy,Low,0
Buffalo,11,Female,2,0,1,1,1,273,Untreated,16.6611,78.3084,2.6,10.3,22.1,78.0,8.1,Summer,3,6,1,0,1,0,0,0,0,1,0,1,0,0,Mastitis,Moderate,0
Cow,58,Female,11,0,0,1,0,211,Antibiotics,16.2564,75.1228,49.4,6.7,26.7,71.8,4.3,Summer,6,1,2,0,1,0,1,1,0,0,0,0,0,0,FMD,Moderate,0
Buffalo,83,Female,5,1,1,1,0,237,Untreated,15.7413,74.2658,29.5,8.2,29.8,73.5,32.9,Post-Monsoon,3,3,3,1,1,1,0,1,0,0,0,0,0,0,Black_Quarter,High,1
Buffalo,34,Female,2,1,0,1,0,216,Untreated,18.2614,74.4454,29.4,14.5,30.0,95.3,63.8,Monsoon,1,5,1,2,1,0,1,0,0,0,1,0,0,0,Hemorrhagic_Septicemia,Critical,1
Buffalo,24,Female,2,1,0,1,1,162,Dewormed,23.7831,73.457,31.2,10.5,18.1,34.7,1.7,Post-Monsoon,1,2,1,0,1,1,1,1,0,0,0,0,0,0,FMD,Moderate,0
Cow,19,Female,17,1,0,0,1,57,Dewormed,26.3767,84.6513,9.3,10.9,35.9,81.3,25.7,Monsoon,0,6,1,0,0,0,0,0,0,1,0,1,0,0,Mastitis,Moderate,0
Buffalo,72,Female,23,0,0,1,0,333,Dewormed,26.2618,74.9755,21.0,0.3,30.3,66.0,27.6,Post-Monsoon,1,3,1,0,1,0,0,1,0,0,0,0,0,0,Black_Quarter,Moderate,0
Cow,95,Female,8,0,0,1,0,201,Untreated,15.633,74.1761,2.7,2.9,11.9,71.1,9.4,Winter,2,4,4,0,1,1,1,1,0,0,0,0,0,0,FMD,High,1
Buffalo,39,Male,2,0,1,0,1,60,Dewormed,27.5814,79.5984,48.2,1.8,32.9,88.0,22.0,Post-Monsoon,2,6,1,0,1,0,0,0,1,0,0,0,0,1,Lumpy_Skin_Disease,Moderate,0
Buffalo,72,Male,5,1,1,1,0,167,Supportive Care,16.8198,77.9898,27.7,6.1,36.1,68.1,27.7,Winter,3,1,3,0,0,0,0,0,0,1,0,1,0,0,Mastitis,Moderate,0
Buffalo,24,Female,6,1,1,1,0,96,Supportive Care,20.3612,75.3491,56.2,2.0,33.2,42.5,7.3,Winter,0,0,0,0,0,0,0,0,0,0,0,0,0,0,Healthy,Low,0
Cow,12,Female,8,0,0,0,1,50,Antibiotics,18.8447,76.0689,16.7,2.6,26.6,71.1,74.5,Monsoon,3,2,3,2,1,1,0,0,0,0,1,0,0,0,Hemorrhagic_Septicemia,Critical,1
Buffalo,13,Female,1,0,1,0,1,133,Antibiotics,16.7281,80.6619,16.3,1.0,33.2,89.6,19.5,Post-Monsoon,1,5,1,0,1,0,0,0,1,0,0,0,0,1,Lumpy_Skin_Disease,Moderate,0
Cow,29,Female,12,1,1,1,1,291,Supportive Care,23.3878,81.9426,12.0,6.1,37.1,62.0,14.0,Winter,2,2,2,0,1,1,0,1,0,0,0,0,0,0,FMD,Moderate,0
Cow,91,Female,15,0,0,1,1,340,Untreated,15.8279,75.1255,0.8,6.7,18.5,66.4,7.2,Winter,2,2,2,0,1,0,0,0,0,1,0,1,0,0,Mastitis,Moderate,0
Buffalo,38,Female,2,1,0,1,1,314,Dewormed,16.3702,83.0662,33.7,10.5,22.2,79.8,27.6,Winter,3,5,1,0,1,0,0,0,0,1,0,1,0,0,Mastitis,Moderate,0
Buffalo,11,Female,20,0,0,0,1,356,Dewormed,20.3969,78.0663,39.4,3.0,26.3,78.3,76.5,Monsoon,4,2,1,2,1,1,0,0,0,0,1,0,0,0,Hemorrhagic_Septicemia,Critical,1
Cow,42,Female,4,1,1,1,0,201,Dewormed,15.949,81.9283,74.0,3.6,29.8,58.2,5.2,Monsoon,2,0,0,0,0,0,0,0,0,0,0,0,0,0,Healthy,Low,0
Buffalo,37,Female,17,1,1,0,1,361,Antibiotics,18.0518,82.8264,17.2,12.4,30.2,76.7,12.2,Monsoon,0,1,2,0,1,0,1,1,0,0,0,0,0,0,FMD,Moderate,0
Cow,32,Female,3,1,1,1,1,209,Antibiotics,19.2417,73.2491,78.5,0.7,14.4,67.1,6.3,Summer,1,0,0,0,0,0,0,0,0,0,0,0,0,0,Healthy,Low,0
Cow,90,Female,2,1,1,1,1,96,Dewormed,25.3537,81.8736,68.1,2.4,16.1,58.7,1.7,Post-Monsoon,0,0,0,0,0,0,0,0,0,0,0,0,0,0,Healthy,Low,0
Buffalo,53,Male,4,1,0,1,1,289,Dewormed,23.2634,77.2715,7.9,9.0,30.5,88.6,34.9,Winter,2,3,1,0,1,0,0,0,0,0,0,1,0,0,Mastitis,Moderate,0
Cow,40,Female,28,1,1,0,1,144,Dewormed,18.8737,74.0771,92.0,0.2,34.6,62.4,10.7,Post-Monsoon,0,0,0,0,0,1,0,0,0,0,0,0,0,0,Healthy,Low,0
Buffalo,111,Male,34,1,1,1,1,97,Supportive Care,21.336,81.297,13.5,9.4,27.6,94.5,36.0,Post-Monsoon,4,6,1,0,0,0,1,0,0,1,0,1,0,0,Mastitis,Moderate,0
Cow,88,Female,19,1,1,0,1,180,Dewormed,24.2966,84.4856,21.6,7.2,17.7,88.5,24.1,Post-Monsoon,4,2,4,0,1,0,0,0,0,1,0,1,0,0,Mastitis,Moderate,0
Buffalo,6,Male,38,1,1,1,1,264,Antibiotics,22.2215,80.007,10.7,12.8,27.8,69.3,8.5,Post-Monsoon,1,2,1,0,1,0,0,0,1,0,0,0,0,0,Lumpy_Skin_Disease,Moderate,0
Buffalo,100,Female,8,0,1,1,1,175,Untreated,17.1613,77.5568,31.1,14.6,22.4,49.1,7.8,Post-Monsoon,5,4,3,0,0,1,0,1,0,0,0,0,0,0,FMD,High,1
Buffalo,61,Female,2,0,1,1,0,146,Supportive Care,21.3052,74.0248,48.6,7.8,21.5,71.4,11.6,Summer,3,4,1,0,0,0,1,1,0,1,0,0,0,1,FMD,Moderate,0
Buffalo,101,Male,3,0,0,0,1,312,Untreated,27.5616,84.6409,43.3,9.1,23.9,89.2,39.3,Monsoon,4,1,2,0,1,0,1,0,0,1,0,1,0,0,Mastitis,Moderate,0
Buffalo,42,Female,2,0,1,1,1,63,Supportive Care,26.6902,80.4821,7.0,4.7,29.6,91.1,52.8,Monsoon,4,5,1,2,1,0,0,0,0,0,0,0,0,0,Hemorrhagic_Septicemia,Critical,1
Buffalo,60,Male,10,1,0,0,1,219,Supportive Care,24.7685,84.296,34.0,5.5,24.9,61.9,3.8,Monsoon,4,1,4,0,1,1,1,1,0,0,0,0,0,0,FMD,High,1
Cow,96,Female,4,1,0,1,0,244,Untreated,27.016,75.7646,36.0,5.6,16.0,48.3,4.6,Post-Monsoon,1,0,0,0,0,0,0,0,0,0,0,0,0,0,Healthy,Low,0
Cow,71,Female,2,0,1,0,1,42,Untreated,27.5672,81.366,4.6,13.0,31.6,51.0,1.2,Winter,1,3,1,0,1,0,1,1,0,0,0,0,0,0,FMD,Moderate,0
Buffalo,106,Male,18,1,1,0,0,187,Antibiotics,15.6523,74.1603,36.2,4.3,19.9,35.4,7.5,Monsoon,1,5,4,0,1,1,1,0,0,0,0,0,0,0,FMD,High,1
Buffalo,21,Female,28,0,1,1,1,193,Supportive Care,22.6392,82.8471,19.9,6.8,24.0,74.0,8.0,Summer,2,5,3,0,0,1,0,1,0,0,0,0,0,0,FMD,High,1
Cow,105,Female,34,1,0,1,1,221,Supportive Care,15.7242,74.5507,3.4,12.7,24.6,79.8,40.8,Monsoon,1,2,4,0,1,0,0,1,0,0,1,0,0,0,Hemorrhagic_Septicemia,Critical,1
Buffalo,16,Female,5,1,1,0,1,223,Dewormed,26.2246,74.6734,28.7,13.0,29.8,73.0,13.7,Post-Monsoon,3,6,3,0,1,0,0,0,1,0,1,0,0,0,Lumpy_Skin_Disease,High,1
Cow,104,Female,2,1,0,1,1,121,Dewormed,27.7834,75.8992,34.2,10.8,31.3,82.7,78.0,Monsoon,2,6,1,2,1,1,0,0,0,0,1,0,0,0,Hemorrhagic_Septicemia,Critical,1
Cow,90,Female,6,0,1,0,1,60,Dewormed,18.4813,78.1868,5.0,11.2,27.1,67.9,15.4,Post-Monsoon,0,3,2,1,1,0,0,1,1,0,0,0,0,0,Black_Quarter,High,1
Buffalo,32,Female,1,1,1,0,1,273,Untreated,22.5311,83.668,28.7,9.5,34.7,73.4,24.2,Post-Monsoon,1,3,1,0,1,0,0,0,1,0,0,0,0,0,Lumpy_Skin_Disease,Moderate,0
Cow,41,Female,2,1,1,1,0,289,Untreated,22.0906,74.601,34.7,11.9,32.7,63.6,32.2,Monsoon,1,4,1,1,1,0,0,1,0,0,0,0,0,1,Black_Quarter,High,1
Buffalo,66,Female,25,0,0,0,1,234,Untreated,25.8729,84.6933,48.8,1.1,34.5,64.2,35.7,Post-Monsoon,3,6,1,2,1,0,0,1,0,0,0,0,0,0,Black_Quarter,High,1
Cow,109,Female,9,1,0,1,1,341,Dewormed,16.6283,80.8661,2.5,9.0,32.2,81.3,62.1,Monsoon,4,5,2,0,1,1,0,0,0,0,1,0,0,0,Hemorrhagic_Septicemia,Critical,1
Buffalo,33,Female,28,1,0,1,1,241,Dewormed,17.6371,84.9798,27.3,4.3,27.6,72.2,14.1,Monsoon,6,1,3,0,1,0,0,0,0,0,1,0,0,1,Anthrax,Critical,1
Buffalo,38,Female,12,1,0,1,1,290,Dewormed,17.8305,80.4547,2.9,7.3,26.9,86.6,50.8,Monsoon,0,6,1,2,1,1,0,0,0,0,1,1,0,1,Hemorrhagic_Septicemia,Critical,1
Buffalo,31,Male,15,1,1,1,1,85,Dewormed,17.9001,79.548,34.4,2.9,23.1,73.4,28.9,Winter,2,2,3,0,1,0,0,0,0,1,0,1,0,0,Mastitis,Moderate,0
Cow,71,Female,6,0,0,1,1,148,Untreated,17.127,81.3013,33.9,14.7,23.9,46.1,6.8,Monsoon,4,5,4,0,1,1,1,1,0,0,1,0,0,0,FMD,High,1
Buffalo,49,Female,3,1,1,0,1,242,Dewormed,16.3969,73.203,45.5,4.1,21.6,79.6,20.7,Winter,3,3,2,0,1,0,0,1,0,1,0,1,0,0,Mastitis,Moderate,0
Buffalo,110,Female,10,0,1,0,1,358,Untreated,25.9583,78.3506,35.6,11.0,29.5,75.2,7.5,Post-Monsoon,2,6,2,0,1,0,0,0,1,0,0,0,0,0,Lumpy_Skin_Disease,Moderate,0
Buffalo,66,Female,11,0,1,1,1,78,Dewormed,20.2881,82.1483,7.6,0.2,18.2,35.9,13.4,Post-Monsoon,0,6,4,0,1,1,1,1,0,0,0,0,0,0,FMD,High,1
Cow,65,Female,14,1,1,1,0,320,Untreated,22.6211,78.9084,10.0,7.0,28.4,65.8,24.1,Post-Monsoon,4,6,4,2,1,0,0,1,0,0,0,0,0,0,Black_Quarter,High,1
Cow,20,Female,2,0,1,1,1,170,Antibiotics,25.0987,81.081,30.9,13.4,28.3,98.9,24.4,Post-Monsoon,1,2,1,0,1,0,0,0,1,0,0,0,0,0,Lumpy_Skin_Disease,Moderate,0
Buffalo,50,Female,17,1,1,0,0,120,Dewormed,25.9744,74.6716,26.3,0.7,29.8,60.5,26.4,Post-Monsoon,2,4,1,0,0,0,0,0,0,0,1,0,0,0,Black_Quarter,Moderate,0
Buffalo,98,Male,8,1,1,1,0,359,Antibiotics,24.2782,82.8177,70.1,2.0,22.2,71.5,14.3,Winter,1,0,0,0,0,0,0,0,1,0,0,0,0,0,Healthy,Low,0
Cow,67,Female,21,0,0,1,1,198,Untreated,26.372,74.5468,36.1,1.6,26.4,49.9,11.4,Summer,3,1,2,0,1,1,1,1,0,0,0,0,0,0,FMD,Moderate,0
Buffalo,87,Female,5,1,0,0,1,151,Dewormed,22.8595,79.3331,28.1,14.7,26.0,84.0,47.2,Monsoon,3,6,3,2,1,1,0,0,0,0,1,0,0,0,Hemorrhagic_Septicemia,Critical,1
Buffalo,84,Female,9,0,0,1,0,37,Antibiotics,26.7769,74.5196,9.3,7.4,30.5,84.5,42.6,Monsoon,1,3,3,0,1,1,0,0,0,0,1,0,0,0,Hemorrhagic_Septicemia,Critical,1
Cow,48,Female,1,1,0,0,0,364,Antibiotics,20.3365,84.1983,32.1,12.0,33.8,73.6,21.5,Post-Monsoon,2,1,1,0,1,0,0,0,1,0,0,0,0,0,Lumpy_Skin_Disease,Moderate,0
Buffalo,25,Female,6,0,1,1,0,363,Supportive Care,20.9798,76.3521,18.8,2.5,25.7,69.3,8.1,Monsoon,1,4,2,0,1,1,0,1,0,0,0,0,0,0,FMD,Moderate,0
Cow,43,Female,10,0,1,0,0,245,Dewormed,16.1754,84.3743,13.3,5.1,19.0,60.0,5.8,Summer,1,6,3,0,1,0,1,1,0,0,0,0,0,0,FMD,High,1
Cow,51,Female,27,0,1,1,1,157,Untreated,19.604,78.0338,19.8,10.0,23.8,81.8,17.8,Winter,1,6,1,0,1,0,0,0,0,1,0,1,0,0,Mastitis,Moderate,0
Buffalo,53,Male,3,0,0,1,1,361,Supportive Care,25.862,84.5394,38.9,9.4,31.2,72.4,28.6,Monsoon,5,6,2,1,0,0,0,0,0,0,1,0,0,0,Anthrax,Critical,1
Buffalo,22,Male,8,1,0,1,1,147,Supportive Care,21.8153,81.0487,13.8,4.2,25.6,83.8,43.4,Monsoon,4,3,3,1,1,1,0,0,0,0,1,0,0,0,Hemorrhagic_Septicemia,Critical,1
Cow,68,Female,6,0,1,1,1,111,Supportive Care,24.2266,73.0883,26.2,0.7,28.1,81.2,37.3,Post-Monsoon,7,1,2,2,1,0,0,0,0,0,1,0,0,1,Anthrax,Critical,1
Buffalo,59,Female,17,1,0,1,1,270,Antibiotics,27.8938,76.1933,85.0,6.5,25.1,41.1,12.5,Post-Monsoon,1,0,0,0,0,0,0,0,0,0,0,0,0,0,Healthy,Low,0
Buffalo,56,Female,4,1,1,1,1,205,Antibiotics,25.3654,76.233,44.4,2.1,30.7,88.5,18.7,Post-Monsoon,2,5,3,0,1,0,0,0,1,0,0,0,0,0,Lumpy_Skin_Disease,High,1
Buffalo,95,Female,13,1,1,0,1,120,Antibiotics,27.959,78.1641,38.8,13.6,24.6,34.9,1.1,Summer,0,0,0,0,1,0,1,0,0,0,0,0,0,0,Healthy,Low,0
Cow,10,Female,41,1,0,1,1,247,Dewormed,18.6004,73.7896,35.4,3.6,29.9,70.7,47.4,Post-Monsoon,4,2,2,1,1,0,0,0,0,0,1,0,0,1,Anthrax,Critical,1
Buffalo,75,Female,1,1,1,1,0,316,Dewormed,16.0402,77.3136,43.0,3.6,28.9,84.7,37.0,Winter,1,5,1,0,1,0,0,0,0,1,0,0,0,0,Mastitis,Moderate,0
Cow,104,Female,22,1,0,0,1,78,Untreated,19.2058,75.2058,29.1,2.4,30.0,81.8,14.6,Monsoon,4,6,1,0,1,1,1,1,1,0,0,0,0,0,FMD,Moderate,0
Cow,14,Female,11,1,1,1,1,277,Dewormed,18.5401,74.41,13.0,13.8,32.4,83.8,11.8,Post-Monsoon,5,6,3,0,1,0,0,0,1,0,0,0,0,0,Lumpy_Skin_Disease,High,1
Buffalo,67,Female,3,0,0,1,1,273,Dewormed,23.3119,77.056,45.4,8.9,26.7,91.5,22.2,Monsoon,1,3,1,2,1,1,0,0,0,0,1,0,0,0,Hemorrhagic_Septicemia,Critical,1
Cow,62,Female,1,1,1,1,1,89,Untreated,24.6777,74.8238,7.0,5.2,31.6,83.4,73.8,Monsoon,2,6,1,0,1,1,0,0,0,0,1,0,0,0,Hemorrhagic_Septicemia,Critical,1
Buffalo,78,Male,9,1,1,0,1,147,Antibiotics,22.4258,81.9448,19.3,4.6,27.4,87.6,26.6,Post-Monsoon,6,5,2,0,1,0,0,0,1,0,0,0,0,0,Lumpy_Skin_Disease,Moderate,0
Buffalo,99,Female,2,0,1,1,0,143,Antibiotics,16.4722,79.8422,43.2,7.2,32.2,53.9,33.7,Monsoon,3,1,1,1,1,0,0,1,0,0,0,0,0,0,Black_Quarter,High,1
Buffalo,69,Female,2,0,0,0,1,356,Antibiotics,19.6152,78.7828,25.4,4.8,31.3,65.8,46.6,Monsoon,8,3,1,0,1,0,0,0,0,0,1,0,0,1,Anthrax,Critical,1
Cow,38,Female,64,0,1,0,1,277,Dewormed,24.2272,78.7867,26.3,14.6,31.2,74.6,6.4,Post-Monsoon,3,6,4,0,1,0,0,0,1,1,0,0,0,0,Lumpy_Skin_Disease,High,1
Cow,52,Female,20,0,0,0,1,270,Untreated,16.3942,79.098,36.9,14.9,30.1,60.3,13.6,Summer,3,5,3,0,1,1,1,1,0,0,0,0,0,0,FMD,High,1
Cow,28,Female,5,0,1,1,1,175,Supportive Care,16.9422,79.1198,23.3,13.5,20.0,53.0,4.0,Monsoon,5,2,2,0,1,1,1,1,0,0,0,0,0,0,FMD,Moderate,0
Cow,32,Female,20,0,1,1,0,340,Supportive Care,23.5303,77.5868,14.4,10.9,33.3,88.1,13.9,Post-Monsoon,3,6,3,0,1,0,0,0,1,0,0,0,0,0,Lumpy_Skin_Disease,High,1
Cow,11,Female,15,1,0,1,0,325,Dewormed,27.4277,79.3761,46.0,14.3,20.2,75.9,8.9,Summer,1,0,0,0,1,0,0,0,1,0,0,0,0,0,Healthy,Low,0
Buffalo,47,Female,2,1,1,0,1,288,Untreated,18.1293,75.8794,4.6,13.9,29.1,83.2,15.3,Post-Monsoon,5,1,1,0,1,0,0,0,1,0,0,0,0,0,Lumpy_Skin_Disease,Moderate,0
Cow,93,Female,5,0,1,0,1,54,Antibiotics,23.2697,78.4506,43.2,13.8,30.0,63.4,20.0,Post-Monsoon,3,1,1,1,0,0,0,1,0,0,0,0,0,0,Black_Quarter,High,1
Buffalo,8,Female,5,1,1,1,0,70,Antibiotics,17.378,77.3806,21.9,9.4,31.4,73.2,27.9,Monsoon,1,1,2,0,1,0,0,0,0,0,0,0,0,0,Black_Quarter,Moderate,0
Cow,78,Female,9,0,0,1,0,363,Untreated,27.9501,75.2945,16.0,7.3,32.0,49.1,6.5,Post-Monsoon,5,2,4,0,1,1,1,1,0,0,0,0,0,0,FMD,High,1
Buffalo,95,Female,1,0,1,1,1,53,Antibiotics,16.6417,84.3493,7.1,11.6,21.1,65.1,11.6,Post-Monsoon,4,4,1,0,1,1,0,1,0,0,0,0,0,0,FMD,Moderate,0
Buffalo,93,Male,33,0,1,1,1,167,Supportive Care,16.2586,78.7127,49.6,11.6,27.0,78.6,7.6,Summer,2,3,3,0,1,1,1,1,0,0,0,0,0,0,FMD,High,1
Cow,93,Female,7,1,0,1,1,327,Untreated,24.8841,78.044,47.2,13.5,14.6,80.0,7.5,Summer,3,3,2,0,1,1,1,1,0,0,0,0,0,0,FMD,Moderate,0
Cow,17,Female,25,1,1,0,1,144,Untreated,15.2918,80.1986,34.9,12.4,30.8,85.4,18.5,Post-Monsoon,1,6,4,0,1,0,0,0,0,0,0,0,0,0,Lumpy_Skin_Disease,High,1
Buffalo,42,Female,4,0,1,1,0,254,Untreated,26.3751,76.6175,5.2,11.4,17.0,84.4,3.8,Post-Monsoon,2,1,2,0,1,1,1,1,0,0,0,0,0,0,FMD,Moderate,0
Cow,29,Female,20,1,1,1,1,146,Supportive Care,20.744,82.2483,13.6,0.2,24.1,80.0,8.7,Monsoon,3,3,1,0,0,0,0,0,0,1,0,1,0,0,Mastitis,Moderate,0
Buffalo,32,Female,13,0,1,1,1,148,Antibiotics,18.4811,78.4594,52.4,10.6,28.5,71.4,9.9,Winter,1,0,0,0,0,0,0,0,0,0,0,0,0,0,Healthy,Low,0
Buffalo,68,Male,15,0,1,1,1,190,Antibiotics,20.2362,80.0657,4.9,6.5,28.3,47.6,10.6,Winter,4,1,3,0,1,1,1,1,0,0,0,0,0,0,FMD,High,1
Cow,38,Female,13,0,1,1,1,80,Supportive Care,23.9428,83.3675,15.3,3.0,17.2,80.9,7.2,Winter,2,4,2,0,1,0,0,0,0,1,0,1,0,0,Mastitis,Moderate,0
Cow,22,Female,5,0,1,0,0,72,Antibiotics,22.8521,83.456,49.9,9.2,34.4,76.5,18.6,Post-Monsoon,2,4,2,0,1,0,0,1,0,0,0,0,0,0,Black_Quarter,Moderate,0
Cow,110,Female,24,1,0,1,0,264,Supportive Care,27.4518,83.6051,46.7,12.9,31.5,74.2,27.8,Summer,2,6,4,0,1,0,0,1,0,1,0,1,0,0,Mastitis,Moderate,0
Cow,63,Female,3,0,0,1,1,92,Antibiotics,27.4685,84.1731,39.6,10.9,32.5,62.4,1.9,Monsoon,3,5,2,0,1,1,0,1,0,0,0,0,0,0,FMD,Moderate,0
Cow,22,Female,19,0,1,1,1,280,Antibiotics,22.0535,75.7965,28.9,12.3,21.4,77.5,6.1,Monsoon,0,2,3,0,0,1,1,0,0,0,0,0,0,0,FMD,High,1
Cow,39,Female,23,0,1,1,1,241,Untreated,15.6219,83.2021,49.9,13.3,29.1,27.7,2.2,Summer,4,3,4,0,1,1,1,1,0,0,0,0,0,0,FMD,High,1
Cow,41,Female,4,0,1,1,1,112,Dewormed,20.7256,83.8141,37.7,7.4,27.6,68.4,13.2,Monsoon,4,4,3,0,1,1,1,0,0,0,0,0,0,0,FMD,High,1
Cow,12,Female,23,0,1,0,1,290,Untreated,18.8872,76.7992,33.7,0.6,20.8,31.4,3.9,Monsoon,4,5,4,0,1,0,1,1,0,0,0,0,0,0,FMD,High,1
Cow,118,Female,9,1,1,1,1,61,Supportive Care,23.9639,77.1278,14.2,15.0,16.7,80.0,14.3,Post-Monsoon,3,5,2,0,1,0,0,0,0,1,0,1,0,0,Mastitis,Moderate,0
Buffalo,92,Female,1,1,0,1,1,360,Supportive Care,25.5318,74.0509,31.9,13.7,25.1,79.7,46.8,Monsoon,2,4,1,0,1,0,1,0,0,0,1,0,0,0,Hemorrhagic_Septicemia,Critical,1
Buffalo,89,Female,5,1,0,0,1,112,Untreated,19.9143,74.2354,36.1,7.6,32.6,76.2,12.6,Post-Monsoon,3,4,2,0,1,0,0,0,1,0,0,0,0,0,Lumpy_Skin_Disease,Moderate,0
Cow,97,Female,6,0,1,1,1,257,Untreated,19.1386,77.5748,49.5,3.8,31.1,69.5,45.2,Post-Monsoon,3,2,4,2,1,0,0,0,0,0,1,0,0,1,Anthrax,Critical,1
Cow,58,Female,8,0,1,1,1,91,Antibiotics,20.3449,75.8388,36.6,2.1,13.4,73.4,5.7,Winter,4,6,2,0,1,1,1,1,0,1,0,0,0,0,FMD,Moderate,0
Buffalo,79,Male,19,0,1,1,0,222,Supportive Care,15.2008,78.2288,11.6,5.9,10.0,57.8,6.2,Monsoon,2,4,4,0,1,1,1,1,0,0,0,0,0,0,FMD,High,1
Cow,62,Female,3,1,1,1,1,314,Antibiotics,20.1321,78.9066,44.1,6.3,25.9,84.8,25.0,Monsoon,1,1,2,0,1,0,0,0,0,1,0,1,0,0,Mastitis,Moderate,0
Cow,83,Female,7,0,1,0,1,319,Dewormed,19.7257,80.6921,45.1,2.5,36.3,73.5,22.8,Post-Monsoon,2,3,2,0,1,0,0,0,1,0,0,0,0,0,Lumpy_Skin_Disease,Moderate,0
Cow,37,Female,2,1,1,1,0,226,Antibiotics,15.4666,83.9783,17.9,6.2,23.0,79.4,36.3,Winter,0,2,1,0,1,0,0,0,1,1,0,0,0,0,Mastitis,Moderate,0
Cow,76,Female,12,1,1,0,1,69,Untreated,24.0156,73.4765,42.1,6.8,36.7,65.2,21.9,Post-Monsoon,4,3,4,0,1,0,0,0,0,0,1,0,0,1,Anthrax,Critical,1
Buffalo,107,Female,5,1,0,1,1,148,Antibiotics,16.3098,81.4903,2.0,13.1,24.7,81.2,44.4,Monsoon,1,2,1,1,1,1,0,0,0,0,1,0,0,0,Hemorrhagic_Septicemia,Critical,1
Cow,85,Female,15,1,0,1,1,81,Dewormed,27.3688,77.3376,39.0,11.1,28.3,62.8,29.2,Post-Monsoon,5,4,3,2,1,0,0,0,0,0,1,0,0,1,Anthrax,Critical,1
Buffalo,32,Female,8,1,1,1,1,45,Antibiotics,24.5043,75.9062,9.0,8.0,25.1,86.0,31.2,Winter,2,3,2,0,1,0,0,0,0,1,0,1,0,0,Mastitis,Moderate,0
Cow,6,Female,4,0,1,1,0,236,Dewormed,18.1408,81.0664,10.2,13.4,22.8,67.6,11.7,Summer,2,5,2,0,1,1,1,1,0,1,0,0,0,0,FMD,Moderate,0
Cow,83,Female,33,1,0,1,0,303,Dewormed,16.9405,75.892,46.8,7.9,40.2,69.3,47.5,Post-Monsoon,3,1,1,1,1,0,0,1,0,0,0,0,0,1,Black_Quarter,High,1
Buffalo,42,Female,12,1,0,1,1,358,Supportive Care,17.1874,79.9798,48.8,11.4,33.2,81.1,46.1,Monsoon,1,1,1,0,0,0,0,0,0,0,0,0,0,0,Hemorrhagic_Septicemia,Critical,1
Cow,42,Female,2,0,1,1,0,259,Untreated,19.2595,75.5221,25.1,7.2,36.8,76.6,35.2,Post-Monsoon,1,1,1,0,1,0,0,1,0,0,0,0,0,0,Black_Quarter,Moderate,0
Cow,74,Female,10,0,1,1,1,38,Antibiotics,15.9219,75.2723,38.7,12.6,18.3,59.8,13.3,Post-Monsoon,2,6,3,0,1,0,1,1,0,0,0,1,0,0,FMD,High,1
Buffalo,35,Female,2,0,1,1,1,318,Antibiotics,23.7428,81.4511,28.2,13.6,21.8,52.6,5.1,Winter,1,5,1,0,0,0,1,1,0,0,0,0,0,0,FMD,Moderate,0
Cow,70,Female,7,1,0,1,1,301,Dewormed,17.061,82.7523,7.1,3.6,31.3,61.9,25.2,Post-Monsoon,5,4,1,0,1,0,0,0,0,1,0,1,0,0,Mastitis,Moderate,0
Cow,55,Female,10,0,0,1,1,52,Antibiotics,22.5096,77.2938,14.1,12.1,14.0,79.9,2.6,Winter,4,2,1,0,1,1,1,1,0,0,0,0,0,0,FMD,Moderate,0
Cow,54,Female,8,1,0,1,1,136,Untreated,24.2658,73.5551,13.7,7.5,22.6,87.5,79.8,Monsoon,2,1,4,0,1,1,0,0,0,0,1,0,0,0,Hemorrhagic_Septicemia,Critical,1
Cow,14,Female,3,1,1,0,1,243,Supportive Care,27.3932,74.2131,15.8,9.2,26.0,84.4,19.7,Post-Monsoon,2,4,2,0,1,0,0,0,1,0,0,0,0,0,Lumpy_Skin_Disease,Moderate,0
Cow,109,Female,13,0,1,1,0,286,Antibiotics,19.1094,78.0939,15.8,4.3,39.0,71.2,16.2,Monsoon,3,6,3,0,1,0,0,1,0,0,0,0,0,0,Black_Quarter,High,1
Buffalo,38,Male,11,1,0,0,0,251,Supportive Care,18.7097,84.4704,36.8,10.0,28.5,81.6,20.1,Monsoon,4,4,1,0,1,0,0,1,0,0,0,0,0,0,Black_Quarter,Moderate,0
Buffalo,102,Male,35,1,1,1,0,252,Dewormed,17.5825,76.3685,50.0,4.1,27.3,71.0,19.5,Summer,3,3,1,0,1,0,0,0,0,1,0,1,0,0,Mastitis,Moderate,0
Cow,18,Female,7,1,1,0,1,278,Supportive Care,18.2483,80.683,43.9,6.3,27.9,73.1,32.9,Winter,3,3,3,0,1,0,0,0,0,1,0,1,0,0,Mastitis,Moderate,0
Buffalo,17,Male,2,0,1,0,1,104,Untreated,18.5808,76.1804,58.3,6.8,26.6,77.1,14.8,Summer,0,0,0,0,1,0,0,0,0,0,0,0,0,0,Healthy,Low,0
Buffalo,30,Male,6,1,1,1,1,356,Antibiotics,15.4454,75.0444,25.2,8.9,30.6,74.2,17.0,Post-Monsoon,5,4,3,0,1,0,0,0,1,0,0,1,0,0,Lumpy_Skin_Disease,High,1
Buffalo,53,Female,3,0,0,1,1,169,Antibiotics,24.6554,83.1587,3.7,0.6,27.7,85.2,67.4,Monsoon,8,4,2,2,1,1,0,0,0,0,0,0,0,0,Hemorrhagic_Septicemia,Critical,1
Buffalo,80,Female,14,0,0,1,1,48,Antibiotics,19.2584,75.5187,24.8,0.4,28.9,86.7,24.8,Monsoon,4,6,4,0,1,1,0,0,0,0,1,0,0,0,Hemorrhagic_Septicemia,Critical,1
Cow,51,Female,24,0,1,0,1,147,Antibiotics,23.1582,77.2766,16.5,0.4,27.4,35.2,6.2,Winter,2,6,3,0,1,1,1,1,0,1,0,0,0,0,FMD,High,1
Buffalo,44,Male,9,0,1,1,1,267,Untreated,20.0889,76.1454,17.5,6.2,26.6,62.9,10.4,Post-Monsoon,3,4,2,0,1,0,0,0,0,0,0,1,0,0,Mastitis,Moderate,0
Buffalo,110,Male,9,0,0,1,1,50,Untreated,24.4069,82.9922,10.4,6.8,28.4,85.2,25.0,Monsoon,4,2,4,2,1,1,0,0,0,0,1,0,0,0,Hemorrhagic_Septicemia,Critical,1
Cow,23,Female,5,0,1,1,1,263,Untreated,15.9762,84.3203,42.9,13.7,27.5,53.6,14.0,Monsoon,1,0,0,0,0,0,0,0,0,0,1,0,0,0,Healthy,Low,0
Buffalo,78,Female,2,0,1,0,1,178,Dewormed,17.9565,75.0559,33.5,9.2,33.6,87.9,26.8,Post-Monsoon,3,6,1,0,1,0,1,0,1,0,0,0,0,0,Lumpy_Skin_Disease,Moderate,0
Buffalo,50,Female,17,1,0,0,1,323,Supportive Care,17.4282,78.1068,27.7,10.2,27.8,82.6,37.6,Post-Monsoon,3,5,3,0,1,0,0,0,0,1,0,1,0,0,Mastitis,Moderate,0
Buffalo,84,Female,15,1,0,1,1,201,Antibiotics,23.9661,83.2258,28.2,8.0,28.3,97.1,56.7,Monsoon,2,1,1,0,1,1,0,0,0,0,0,0,0,0,Hemorrhagic_Septicemia,Critical,1
Buffalo,58,Female,3,0,0,0,1,200,Untreated,16.7974,78.1568,21.5,6.3,30.7,95.7,55.9,Monsoon,6,4,2,2,1,1,0,0,0,0,1,1,0,0,Hemorrhagic_Septicemia,Critical,1
Buffalo,119,Male,5,1,1,1,1,185,Antibiotics,24.394,75.4541,17.2,7.1,18.9,75.7,8.7,Winter,3,5,4,0,1,1,1,1,0,0,0,0,0,0,FMD,High,1
Buffalo,31,Female,1,1,1,1,1,288,Antibiotics,18.1058,73.5019,31.4,8.5,35.5,76.9,23.0,Monsoon,3,5,1,0,1,0,0,0,0,0,0,1,0,0,Mastitis,Moderate,0
Cow,106,Female,5,1,0,1,0,290,Dewormed,22.0743,79.5216,25.1,2.1,35.5,86.2,37.6,Monsoon,2,3,2,1,1,0,0,1,0,0,0,0,0,0,Black_Quarter,High,1
Cow,81,Female,9,1,0,1,0,125,Antibiotics,23.7898,81.4252,36.2,11.0,32.8,90.2,42.1,Monsoon,0,3,2,0,1,1,1,0,0,0,1,0,0,1,Hemorrhagic_Septicemia,Critical,1
Buffalo,109,Male,28,1,1,1,0,340,Supportive Care,25.2685,80.6144,57.9,5.9,29.3,87.3,14.2,Winter,0,0,0,0,0,0,0,0,1,0,0,0,0,0,Healthy,Low,0
Cow,63,Female,23,0,1,0,1,72,Antibiotics,24.3207,83.5202,11.2,12.1,25.1,95.1,9.3,Post-Monsoon,4,5,2,0,1,1,0,0,0,1,0,1,0,0,Mastitis,Moderate,0
Cow,43,Female,17,0,1,0,1,271,Supportive Care,25.6638,77.8493,11.5,7.7,27.8,74.2,8.7,Post-Monsoon,8,5,3,0,1,0,0,1,1,0,0,0,0,0,Lumpy_Skin_Disease,High,1
Cow,102,Female,1,1,0,1,1,332,Antibiotics,25.9666,75.139,45.3,5.2,23.9,72.0,30.6,Monsoon,3,1,1,0,1,0,0,0,0,1,0,1,0,0,Mastitis,Moderate,0
Buffalo,25,Female,7,0,1,1,1,166,Supportive Care,15.9021,82.6321,40.5,3.8,28.8,93.1,43.0,Monsoon,4,1,3,1,1,1,0,0,0,0,1,0,0,0,Hemorrhagic_Septicemia,Critical,1
Buffalo,70,Female,21,1,1,1,1,53,Untreated,15.1434,76.7455,1.1,1.5,13.7,77.7,8.0,Post-Monsoon,1,2,4,0,1,1,1,1,0,0,0,0,0,0,FMD,High,1
Cow,85,Female,15,1,0,0,0,155,Dewormed,22.4891,81.3573,8.6,2.3,32.9,79.5,21.0,Post-Monsoon,3,6,2,0,0,1,0,0,1,0,0,0,0,0,Lumpy_Skin_Disease,Moderate,0
Cow,74,Female,13,0,1,0,1,252,Untreated,17.6908,84.0183,40.9,14.7,34.6,65.3,45.5,Post-Monsoon,2,3,2,2,1,0,1,1,0,0,0,0,0,0,Black_Quarter,High,1
Buffalo,76,Female,2,0,0,0,1,173,Antibiotics,22.0789,79.3877,4.3,10.5,30.2,75.8,17.5,Post-Monsoon,3,2,1,0,0,0,0,0,1,0,0,0,0,0,Lumpy_Skin_Disease,Moderate,0
Buffalo,42,Female,18,1,1,1,1,312,Dewormed,15.4347,78.643,47.7,1.8,28.8,78.7,73.4,Monsoon,5,3,1,0,1,1,0,0,1,0,1,0,0,0,Hemorrhagic_Septicemia,Critical,1
Buffalo,72,Female,9,1,1,0,1,322,Dewormed,16.9944,78.0536,3.9,7.7,34.8,89.8,5.3,Post-Monsoon,4,3,1,0,1,0,0,0,1,0,0,0,0,0,Lumpy_Skin_Disease,Moderate,0
Cow,23,Female,7,0,1,1,0,98,Antibiotics,20.0655,81.8992,19.6,5.0,33.2,78.9,41.5,Post-Monsoon,2,2,2,0,1,0,0,0,0,0,0,0,0,0,Black_Quarter,Moderate,0
Buffalo,85,Male,11,1,0,1,1,74,Antibiotics,21.7528,79.7523,95.0,3.0,30.2,50.4,13.8,Summer,1,0,0,0,0,0,0,0,0,0,0,0,0,0,Healthy,Low,0
Buffalo,35,Male,4,1,1,1,0,83,Supportive Care,18.8746,77.5972,41.9,14.5,32.5,63.8,33.2,Post-Monsoon,4,4,2,0,1,0,0,1,0,0,0,1,0,0,Black_Quarter,Moderate,0
Cow,66,Female,3,1,0,0,1,215,Supportive Care,24.2831,81.8312,7.3,14.5,33.1,74.6,25.0,Post-Monsoon,2,5,1,0,1,0,0,0,1,0,0,0,0,0,Lumpy_Skin_Disease,Moderate,0
Cow,91,Female,4,1,1,1,0,183,Antibiotics,16.0355,73.8387,32.2,14.1,35.5,84.6,37.5,Monsoon,0,5,2,1,1,0,0,1,0,0,0,0,0,0,Black_Quarter,High,1
Cow,89,Female,3,0,1,1,1,363,Antibiotics,21.5277,73.2401,32.8,7.8,24.0,34.0,12.3,Summer,0,0,0,0,0,0,0,0,0,0,0,0,0,0,Healthy,Low,0
Buffalo,71,Female,4,1,1,0,0,116,Untreated,27.7398,83.586,29.0,6.0,31.6,67.2,37.0,Post-Monsoon,1,5,3,2,1,1,0,1,0,0,1,0,0,0,Black_Quarter,High,1
Cow,74,Female,2,1,1,1,0,68,Dewormed,22.287,76.9849,8.2,12.8,28.1,73.0,17.5,Post-Monsoon,4,3,1,0,1,0,0,0,0,1,0,1,0,0,Mastitis,Moderate,0
Cow,109,Female,15,1,0,0,1,215,Supportive Care,24.4849,74.2029,36.0,10.2,23.8,86.0,32.6,Monsoon,1,5,1,2,1,1,0,0,0,0,0,0,0,0,Hemorrhagic_Septicemia,Critical,1
Buffalo,22,Female,5,1,0,1,0,334,Supportive Care,27.3847,77.6336,39.5,9.3,35.6,67.3,13.9,Monsoon,2,2,3,2,1,0,1,1,0,0,0,0,0,0,Black_Quarter,High,1
Buffalo,101,Male,1,0,0,1,1,283,Antibiotics,15.8662,84.713,47.9,1.0,40.2,43.7,13.9,Winter,2,5,1,0,1,1,1,1,0,0,0,0,0,0,FMD,Moderate,0
Cow,78,Female,9,0,1,1,0,225,Untreated,19.122,84.272,18.7,0.9,35.3,67.3,44.8,Post-Monsoon,4,2,4,2,0,0,0,1,0,0,0,0,0,0,Black_Quarter,High,1
Buffalo,69,Female,4,1,1,1,1,31,Supportive Care,22.2557,82.1691,31.2,3.6,24.0,60.5,0.5,Post-Monsoon,0,1,1,0,0,1,0,1,0,0,0,0,0,0,FMD,Moderate,0
Cow,98,Female,13,1,1,0,1,116,Antibiotics,18.9484,84.7953,14.1,3.1,33.1,62.0,16.9,Post-Monsoon,1,5,3,0,1,0,0,0,1,0,0,0,0,0,Lumpy_Skin_Disease,High,1
Buffalo,69,Female,15,0,1,1,1,357,Antibiotics,21.2726,77.0932,58.7,10.2,34.0,71.7,6.3,Winter,1,0,0,0,0,0,0,0,0,0,0,0,0,0,Healthy,Low,0
Cow,8,Female,1,0,0,1,1,54,Antibiotics,23.4382,79.806,27.9,0.6,32.1,72.1,13.7,Monsoon,6,1,1,0,1,1,1,1,0,0,0,0,0,1,FMD,Moderate,0
Cow,107,Female,7,1,1,1,1,161,Supportive Care,24.9145,78.1293,31.5,10.9,22.3,64.5,20.2,Monsoon,3,2,1,0,0,0,0,0,0,1,0,1,0,0,Mastitis,Moderate,0
Cow,102,Female,1,1,0,1,1,285,Untreated,16.5425,79.8446,45.4,11.8,30.0,77.4,38.1,Monsoon,3,1,1,1,1,1,0,0,0,0,1,0,0,0,Hemorrhagic_Septicemia,Critical,1
Cow,116,Female,21,0,0,1,1,188,Dewormed,25.2352,84.81,1.5,10.5,34.4,88.2,67.4,Monsoon,1,2,4,0,1,1,0,0,0,0,1,0,0,0,Hemorrhagic_Septicemia,Critical,1
Cow,7,Female,23,1,1,1,0,302,Supportive Care,27.9613,78.4704,77.4,10.0,31.9,77.4,10.0,Monsoon,2,0,0,0,0,0,0,0,0,0,0,0,0,0,Healthy,Low,0
Buffalo,12,Female,4,1,0,1,1,72,Dewormed,21.9174,78.7345,11.6,10.6,32.3,81.9,26.9,Post-Monsoon,2,1,3,0,0,0,0,0,1,0,0,0,0,0,Lumpy_Skin_Disease,High,1
Buffalo,28,Male,6,1,1,0,1,364,Untreated,18.7008,82.1818,23.8,4.8,37.3,69.7,38.5,Post-Monsoon,3,1,2,1,1,0,0,1,0,0,0,0,0,0,Black_Quarter,High,1
Buffalo,12,Female,1,1,1,1,1,185,Dewormed,16.6959,84.7073,43.5,13.4,16.0,71.2,16.8,Post-Monsoon,4,6,1,0,0,0,0,0,0,1,0,1,0,0,Mastitis,Moderate,0
Cow,79,Female,10,1,0,1,1,44,Untreated,21.237,81.9489,10.7,4.5,29.3,88.0,44.0,Monsoon,4,4,3,0,1,1,0,0,0,0,1,0,0,0,Hemorrhagic_Septicemia,Critical,1
Cow,82,Female,24,0,1,1,1,355,Untreated,18.2732,77.4438,1.5,7.9,20.8,82.0,6.5,Post-Monsoon,4,5,2,0,1,1,1,1,0,0,0,0,0,0,FMD,Moderate,0
Buffalo,47,Female,6,1,1,1,1,351,Dewormed,16.8352,73.3069,81.7,9.0,27.0,65.9,2.0,Winter,1,0,0,0,0,0,0,0,0,0,0,0,0,0,Healthy,Low,0
Cow,58,Female,1,1,1,0,0,300,Supportive Care,16.6453,82.9197,43.3,6.7,28.8,82.4,24.2,Post-Monsoon,2,6,1,0,1,0,0,0,1,0,0,0,0,0,Lumpy_Skin_Disease,Moderate,0
Cow,51,Female,10,1,1,0,1,137,Untreated,15.2603,79.8398,17.1,0.2,22.8,75.3,24.7,Monsoon,4,3,3,0,1,0,0,0,0,1,0,1,0,0,Mastitis,Moderate,0
Buffalo,41,Male,5,1,1,1,0,91,Dewormed,15.2324,77.0167,9.6,10.2,29.1,56.5,46.2,Post-Monsoon,1,4,3,1,1,0,1,1,0,0,0,0,0,0,Black_Quarter,High,1
Buffalo,44,Female,3,1,0,1,1,101,Antibiotics,20.267,76.6524,34.3,12.7,32.2,75.0,73.5,Monsoon,5,1,1,2,0,0,0,1,0,0,1,0,0,0,Hemorrhagic_Septicemia,Critical,1
Buffalo,66,Male,12,1,1,1,0,343,Untreated,26.8155,75.5803,10.6,2.8,34.4,69.7,25.7,Monsoon,0,1,1,1,1,0,0,1,0,0,0,0,0,0,Black_Quarter,High,1
Cow,76,Female,31,1,0,0,0,362,Untreated,15.8451,77.4265,41.7,5.0,35.5,69.7,19.9,Post-Monsoon,2,1,1,0,1,0,0,1,0,0,1,0,0,0,Black_Quarter,Moderate,0
Buffalo,21,Female,1,1,0,1,1,85,Supportive Care,22.9471,73.5337,37.7,1.3,29.3,89.7,41.9,Monsoon,1,5,1,1,1,1,0,0,1,0,1,0,0,0,Hemorrhagic_Septicemia,Critical,1
Cow,64,Female,6,0,1,0,1,357,Antibiotics,18.51,81.0152,40.4,2.5,35.9,85.6,10.4,Summer,3,1,4,0,1,0,0,0,0,0,0,0,0,0,Mastitis,Moderate,0
Cow,82,Female,3,1,1,1,0,114,Supportive Care,19.633,76.0738,13.1,14.2,29.3,82.9,41.5,Monsoon,4,2,2,1,1,0,0,0,0,0,1,0,0,1,Anthrax,Critical,1
Buffalo,18,Female,8,1,1,1,0,163,Dewormed,21.4122,83.2879,5.7,6.8,15.7,62.1,1.8,Winter,1,6,3,0,1,1,1,1,0,0,0,0,0,0,FMD,High,1
Cow,69,Female,30,1,0,1,1,52,Antibiotics,22.8026,79.1638,34.9,0.9,27.0,48.7,6.5,Winter,2,1,2,0,1,1,1,0,0,0,0,0,0,0,FMD,Moderate,0
Buffalo,101,Female,8,0,1,1,0,246,Untreated,21.0466,84.6517,34.1,0.3,22.7,48.6,7.7,Monsoon,2,1,3,0,0,1,1,1,0,0,0,0,0,0,FMD,High,1
Buffalo,32,Male,1,0,1,1,0,111,Dewormed,27.2958,84.1089,8.6,6.2,35.6,63.2,27.3,Monsoon,7,4,1,0,1,0,0,0,0,0,0,0,0,0,Black_Quarter,Moderate,0
Cow,88,Female,5,1,1,0,1,114,Untreated,17.2743,80.1566,41.9,11.4,27.6,79.6,28.1,Post-Monsoon,7,1,3,0,1,0,0,0,1,0,0,0,0,0,Lumpy_Skin_Disease,High,1
Cow,105,Female,12,1,1,1,1,163,Supportive Care,15.2013,76.275,10.2,6.3,23.8,55.3,13.2,Monsoon,1,0,0,0,0,0,0,0,0,0,0,0,0,0,Healthy,Low,0
Buffalo,35,Female,35,1,0,0,1,85,Dewormed,15.4342,74.093,2.9,5.1,30.4,86.7,62.7,Monsoon,4,5,1,2,1,1,0,0,0,0,1,0,0,0,Hemorrhagic_Septicemia,Critical,1
Cow,66,Female,8,1,1,1,0,187,Dewormed,27.9072,73.8634,2.8,5.4,33.8,67.6,49.8,Monsoon,4,4,1,0,1,0,0,1,0,0,0,0,0,0,Black_Quarter,Moderate,0
Buffalo,59,Female,6,1,1,0,1,153,Supportive Care,19.9702,78.3638,13.2,9.9,32.3,78.5,15.1,Post-Monsoon,2,6,4,0,1,1,0,0,1,0,0,0,0,0,Lumpy_Skin_Disease,High,1
Buffalo,15,Female,7,1,0,1,1,90,Untreated,27.2672,81.3216,47.0,8.4,29.2,82.8,42.1,Monsoon,3,3,1,2,1,1,0,0,0,0,1,0,0,0,Hemorrhagic_Septicemia,Critical,1
Buffalo,96,Female,4,0,1,1,0,93,Untreated,16.5586,83.9382,49.9,2.8,26.6,50.3,4.3,Monsoon,0,3,1,0,1,1,1,1,0,0,0,0,0,1,FMD,Moderate,0
Cow,39,Female,6,0,1,1,1,171,Antibiotics,21.0124,76.3533,11.9,13.1,29.3,58.2,4.3,Monsoon,2,4,4,0,1,0,1,1,0,0,0,0,0,0,FMD,High,1
Cow,46,Female,5,1,0,1,0,330,Untreated,22.324,74.3651,7.4,4.6,34.2,88.4,73.8,Monsoon,4,2,1,0,1,1,0,0,0,0,0,0,0,0,Hemorrhagic_Septicemia,Critical,1
Buffalo,6,Female,1,1,1,0,1,115,Untreated,27.8397,78.6812,40.2,11.1,31.4,77.9,10.6,Post-Monsoon,1,2,1,0,1,0,0,0,1,0,1,0,0,0,Lumpy_Skin_Disease,Moderate,0
Buffalo,89,Female,5,1,1,1,0,39,Antibiotics,20.1811,75.0386,44.5,13.1,28.1,65.8,0.2,Post-Monsoon,0,0,0,0,0,0,0,0,0,0,0,0,0,0,Healthy,Low,0
Buffalo,22,Male,20,0,1,1,1,287,Dewormed,20.63,84.0103,22.8,11.2,35.3,44.0,0.3,Winter,2,2,4,0,1,1,1,1,0,0,0,0,0,0,FMD,High,1
Buffalo,74,Female,5,0,0,1,0,260,Untreated,20.4172,73.8731,5.4,6.3,28.9,85.8,20.7,Monsoon,4,4,2,0,1,1,0,0,0,0,1,0,0,0,Hemorrhagic_Septicemia,Critical,1
Cow,113,Female,12,1,1,1,1,73,Supportive Care,24.1696,78.0097,38.0,6.0,22.1,75.4,28.6,Post-Monsoon,3,4,3,0,0,0,0,0,0,0,0,1,0,0,Mastitis,Moderate,0
Buffalo,47,Male,7,1,1,1,0,314,Supportive Care,16.4971,78.0137,33.7,1.2,22.8,67.7,1.2,Monsoon,0,0,0,0,0,0,0,0,0,0,0,0,0,0,Healthy,Low,0
Buffalo,34,Female,7,0,1,1,1,256,Supportive Care,16.8338,81.5119,42.8,10.3,31.5,73.1,23.9,Post-Monsoon,0,3,3,1,1,0,0,0,0,0,0,0,0,0,Black_Quarter,High,1
Buffalo,71,Female,3,1,1,1,1,308,Untreated,23.8287,80.2831,28.5,12.9,22.9,89.8,12.9,Summer,3,5,2,0,1,0,0,0,0,1,0,1,0,0,Mastitis,Moderate,0
Cow,55,Female,2,0,1,1,1,42,Dewormed,19.3564,83.3567,26.5,8.0,25.0,57.3,1.5,Monsoon,5,4,1,0,0,1,0,1,0,0,0,1,0,0,FMD,Moderate,0
Cow,35,Female,5,0,0,1,1,297,Supportive Care,20.9589,76.3245,23.5,6.8,32.5,52.0,5.3,Summer,2,4,3,0,1,1,0,1,0,0,0,0,0,0,FMD,High,1
Cow,8,Female,10,1,1,1,0,148,Antibiotics,18.8844,83.3003,49.9,9.5,29.0,82.9,9.3,Post-Monsoon,6,6,2,0,1,1,0,0,0,1,0,0,0,0,Mastitis,Moderate,0
Cow,32,Female,6,1,1,0,0,69,Supportive Care,27.6124,79.6199,23.7,14.8,22.5,67.7,26.6,Summer,3,1,1,0,1,0,0,0,0,1,0,0,0,0,Mastitis,Moderate,0
Cow,35,Female,20,1,0,0,1,195,Dewormed,21.178,78.3922,73.8,9.4,39.3,81.7,5.8,Monsoon,1,0,0,0,0,0,0,0,0,0,0,0,0,0,Healthy,Low,0
Buffalo,55,Female,52,1,1,1,1,200,Supportive Care,17.8759,84.8416,15.6,2.0,39.2,65.7,33.3,Monsoon,5,1,1,0,1,0,0,1,0,0,0,0,1,1,Black_Quarter,Moderate,0
Cow,105,Female,14,1,1,1,1,52,Antibiotics,24.8338,78.2088,28.1,12.3,37.4,74.9,10.2,Post-Monsoon,3,5,3,1,1,0,0,0,0,0,0,0,0,1,Anthrax,Critical,1
Buffalo,72,Female,18,0,1,1,1,208,Supportive Care,15.8194,83.836,83.3,4.8,22.8,52.1,3.7,Summer,1,0,0,0,0,0,0,0,0,1,0,0,0,0,Healthy,Low,0
Cow,92,Female,16,1,0,1,1,73,Untreated,23.2539,83.2756,24.8,3.3,34.5,77.4,24.0,Post-Monsoon,1,5,2,0,1,1,0,0,0,0,0,0,0,0,Lumpy_Skin_Disease,Moderate,0
Cow,33,Female,6,0,0,1,1,303,Untreated,24.3842,83.6067,31.0,2.0,34.2,68.4,6.9,Post-Monsoon,1,3,4,0,1,0,0,0,0,0,0,1,0,0,Mastitis,Moderate,0
Buffalo,89,Female,2,0,0,1,1,55,Untreated,18.5418,79.5899,36.2,14.9,31.1,81.9,20.2,Monsoon,1,6,1,1,1,1,0,0,0,0,1,0,0,0,Hemorrhagic_Septicemia,Critical,1
Cow,102,Female,1,0,1,1,1,171,Supportive Care,23.6262,74.8163,5.6,8.6,30.3,78.2,38.9,Monsoon,4,5,1,0,1,0,0,0,0,1,0,1,0,1,Mastitis,Moderate,0
Cow,84,Female,33,1,1,1,1,56,Untreated,26.517,83.1713,29.0,9.4,22.5,58.8,14.5,Post-Monsoon,0,0,0,0,0,0,0,0,0,0,0,0,0,0,Healthy,Low,0
Buffalo,14,Female,12,0,1,1,1,102,Untreated,22.9354,81.7681,99.4,10.2,24.7,66.3,0.9,Post-Monsoon,0,0,0,0,0,0,0,0,0,0,0,0,0,1,Healthy,Low,0
Buffalo,65,Female,14,0,0,0,0,999,Antibiotics,15.4209,80.0349,27.9,5.3,24.2,72.0,33.6,Monsoon,2,5,3,2,1,1,0,0,0,0,1,0,0,0,Hemorrhagic_Septicemia,Critical,1
Buffalo,34,Female,3,1,1,1,0,69,Untreated,26.6426,75.8377,17.6,11.3,34.5,75.2,26.6,Post-Monsoon,5,6,2,0,1,0,0,0,1,0,0,0,0,0,Lumpy_Skin_Disease,Moderate,0
Cow,31,Female,46,1,0,1,1,106,Untreated,20.5034,84.0794,4.1,12.1,30.8,80.2,57.9,Monsoon,2,6,4,2,1,1,0,0,0,0,1,0,0,0,Hemorrhagic_Septicemia,Critical,1
Buffalo,72,Female,8,1,0,0,0,310,Supportive Care,15.767,83.8733,9.9,3.9,37.6,54.3,44.4,Monsoon,2,5,4,2,1,0,0,1,0,0,0,0,0,0,Black_Quarter,High,1
Cow,60,Female,12,1,1,1,0,200,Dewormed,25.2021,78.826,17.1,1.3,28.5,67.7,39.1,Monsoon,4,2,2,0,0,0,0,0,0,1,0,1,0,0,Mastitis,Moderate,0
Cow,116,Female,10,0,1,1,1,350,Supportive Care,17.1791,83.0531,48.1,0.7,31.7,70.2,11.6,Monsoon,3,4,3,0,1,0,1,1,0,0,0,0,0,0,FMD,High,1
Cow,30,Female,3,0,1,1,0,115,Untreated,24.3556,80.3738,34.1,5.3,38.5,74.8,23.6,Post-Monsoon,2,2,2,1,0,0,0,1,0,0,0,0,0,0,Black_Quarter,High,1
Buffalo,6,Female,34,0,1,1,0,64,Dewormed,23.454,74.4411,0.8,0.9,34.0,59.3,18.0,Post-Monsoon,5,6,4,1,1,0,0,1,0,0,0,0,0,0,Black_Quarter,High,1
Buffalo,96,Female,15,0,1,0,0,153,Untreated,17.6732,82.0685,22.8,14.4,21.9,66.4,7.7,Post-Monsoon,6,3,2,0,1,0,0,0,0,1,0,1,0,0,Mastitis,Moderate,0
Cow,67,Female,8,0,1,1,0,219,Antibiotics,22.4173,78.3079,28.0,7.8,23.1,77.8,20.8,Post-Monsoon,3,6,3,0,1,0,0,0,1,0,1,0,0,1,Anthrax,Critical,1
Cow,42,Female,7,1,0,0,1,306,Supportive Care,27.6108,84.1192,40.0,9.7,27.8,74.8,8.2,Post-Monsoon,4,5,4,0,1,0,0,0,1,0,0,0,0,0,Lumpy_Skin_Disease,High,1
Cow,30,Female,4,1,0,0,1,158,Antibiotics,26.9161,76.5896,31.5,12.3,32.5,97.5,15.0,Post-Monsoon,3,1,2,0,1,0,1,0,1,0,0,0,0,0,Lumpy_Skin_Disease,Moderate,0
Buffalo,112,Male,7,1,0,0,1,186,Antibiotics,17.4572,75.3027,32.8,0.9,32.1,79.5,13.0,Post-Monsoon,1,1,3,0,0,0,0,0,1,0,0,1,0,1,Lumpy_Skin_Disease,High,1
Buffalo,88,Male,1,0,0,1,1,318,Untreated,23.8164,83.8263,19.6,11.7,31.6,83.3,9.4,Summer,1,5,1,0,1,1,1,1,0,0,0,0,0,0,FMD,Moderate,0
Buffalo,116,Female,4,0,0,1,1,305,Dewormed,24.0412,78.2611,27.8,8.4,22.5,44.1,1.5,Post-Monsoon,3,1,1,0,1,1,1,1,0,0,0,0,0,0,FMD,Moderate,0
Cow,74,Female,28,1,1,1,0,306,Antibiotics,19.1864,79.7535,14.3,1.5,31.7,75.4,11.4,Post-Monsoon,1,4,1,0,1,0,0,1,0,0,0,0,1,0,Black_Quarter,Moderate,0
Cow,87,Female,6,1,0,1,1,162,Antibiotics,23.5153,78.3502,17.7,12.6,22.3,73.1,6.8,Monsoon,2,4,3,0,1,0,0,0,0,1,1,1,0,0,Mastitis,Moderate,0
Cow,72,Female,20,1,0,0,1,100,Dewormed,16.9603,83.0314,46.8,2.1,28.5,90.1,24.1,Post-Monsoon,4,5,3,0,1,0,0,0,1,0,0,0,0,0,Lumpy_Skin_Disease,High,1
Cow,96,Female,10,0,0,1,0,58,Antibiotics,21.0848,75.7966,29.6,13.9,37.3,56.0,27.5,Monsoon,4,4,1,0,0,0,0,0,0,0,1,0,0,1,Anthrax,Critical,1
Buffalo,16,Female,1,1,0,0,1,170,Supportive Care,20.4521,75.1393,46.3,11.5,34.0,85.7,14.3,Post-Monsoon,3,3,1,0,1,0,0,0,0,0,0,0,0,0,Lumpy_Skin_Disease,Moderate,0
Cow,97,Female,12,0,1,1,0,122,Dewormed,24.7546,80.3379,5.5,6.0,12.4,49.9,4.4,Monsoon,4,1,2,0,1,1,1,1,0,0,0,0,0,0,FMD,Moderate,0
Buffalo,75,Male,4,1,0,0,1,101,Dewormed,21.9889,78.903,40.2,10.1,32.1,78.3,20.0,Post-Monsoon,1,1,2,0,1,0,0,0,1,0,0,0,0,0,Lumpy_Skin_Disease,Moderate,0
Cow,39,Female,7,1,0,0,1,206,Supportive Care,16.2985,79.7401,20.9,10.8,33.6,79.7,51.9,Monsoon,4,2,1,1,1,0,0,0,0,0,1,0,0,0,Hemorrhagic_Septicemia,Critical,1
Cow,28,Female,1,0,1,1,1,127,Supportive Care,22.9721,77.8047,1.1,2.0,26.6,75.5,8.6,Monsoon,5,6,1,0,1,1,1,1,0,0,0,0,0,0,FMD,Moderate,0
Cow,76,Female,2,1,0,1,1,58,Antibiotics,15.79,75.8458,21.6,11.0,34.2,75.7,41.9,Monsoon,5,1,1,1,1,0,0,0,0,0,0,0,0,0,Anthrax,Critical,1
Buffalo,13,Male,2,1,1,0,1,203,Antibiotics,23.959,84.7665,48.3,2.5,32.6,62.8,44.0,Monsoon,3,6,1,0,1,0,0,0,0,0,1,0,0,1,Anthrax,Critical,1
Cow,78,Female,33,0,1,1,0,115,Antibiotics,22.1142,79.5194,48.8,5.6,27.1,59.1,8.7,Summer,2,5,2,0,0,1,1,1,0,0,0,0,0,0,FMD,Moderate,0
Buffalo,81,Male,26,1,1,0,1,169,Untreated,27.2777,74.2067,14.0,14.7,28.4,78.7,14.3,Post-Monsoon,2,4,4,0,1,0,0,0,1,0,0,0,0,0,Lumpy_Skin_Disease,High,1
Cow,103,Female,13,0,1,1,0,140,Dewormed,20.6738,79.9815,26.3,5.0,25.2,81.8,41.4,Monsoon,4,2,1,1,1,1,0,0,0,0,1,0,0,0,Hemorrhagic_Septicemia,Critical,1
Cow,17,Female,2,1,1,0,1,257,Antibiotics,17.0708,77.4662,70.5,13.9,35.5,68.4,3.0,Summer,1,0,0,0,0,0,0,0,0,0,0,0,0,0,Healthy,Low,0
Buffalo,17,Female,2,0,1,1,1,49,Supportive Care,22.4458,83.4156,46.5,5.1,33.5,58.7,33.7,Monsoon,1,6,1,0,1,0,0,1,0,0,0,0,0,0,Black_Quarter,Moderate,0
Cow,55,Female,5,1,0,1,1,63,Dewormed,23.2102,73.9445,53.8,3.2,35.2,89.9,12.7,Post-Monsoon,0,0,0,0,0,0,0,0,0,0,0,0,0,0,Healthy,Low,0
Cow,85,Female,41,0,0,1,0,342,Supportive Care,22.5499,78.8042,36.6,6.7,18.5,70.5,25.0,Summer,2,3,1,0,1,0,0,0,0,1,0,1,0,0,Mastitis,Moderate,0
Cow,45,Female,2,0,1,0,1,174,Untreated,20.8148,82.482,40.2,10.8,21.9,89.6,28.4,Monsoon,0,3,1,0,1,0,0,0,0,0,0,1,0,0,Mastitis,Moderate,0
Buffalo,56,Female,8,1,0,1,1,247,Dewormed,16.2858,78.201,6.7,6.6,29.5,80.8,74.7,Monsoon,5,5,1,0,1,0,0,0,0,0,1,1,0,0,Hemorrhagic_Septicemia,Critical,1
Cow,33,Female,4,1,1,1,1,133,Antibiotics,26.7155,76.13,43.5,9.7,36.7,53.4,9.8,Summer,0,3,2,0,1,1,1,1,0,0,0,0,0,0,FMD,Moderate,0
Cow,119,Female,9,1,1,0,0,302,Untreated,17.0893,81.7985,21.9,6.7,28.9,70.7,13.9,Post-Monsoon,2,5,1,0,1,0,0,1,1,0,0,0,0,0,Lumpy_Skin_Disease,Moderate,0
Buffalo,13,Female,9,1,1,0,0,260,Untreated,24.4417,79.1326,35.3,7.2,32.2,95.8,24.3,Post-Monsoon,3,2,1,0,1,0,0,0,0,0,0,0,0,0,Lumpy_Skin_Disease,Moderate,0
Cow,93,Female,15,0,1,1,1,290,Supportive Care,25.1986,80.154,44.7,2.7,29.0,96.4,12.1,Winter,2,5,1,0,1,0,0,0,0,1,0,0,0,0,Mastitis,Moderate,0
Cow,37,Female,1,1,1,0,0,82,Untreated,16.2184,82.3712,49.6,8.0,34.9,76.3,21.4,Post-Monsoon,4,1,1,0,1,0,0,0,1,0,0,0,0,0,Lumpy_Skin_Disease,Moderate,0
Cow,87,Female,6,0,0,0,1,214,Antibiotics,18.5078,77.9362,12.5,2.0,30.3,75.9,22.7,Post-Monsoon,6,6,2,0,1,0,0,0,0,0,0,0,0,0,Lumpy_Skin_Disease,Moderate,0
Cow,50,Female,42,0,0,1,0,327,Dewormed,20.1601,80.0099,37.0,4.8,30.2,56.3,42.0,Post-Monsoon,4,1,3,1,1,0,0,0,0,0,0,0,0,0,Black_Quarter,High,1
Buffalo,87,Female,8,1,1,0,0,128,Untreated,18.1649,73.6262,47.0,2.9,31.2,95.3,8.5,Summer,2,3,3,0,1,0,0,1,0,1,0,0,0,0,Mastitis,Moderate,0
Cow,49,Female,3,1,1,1,1,361,Untreated,15.2854,84.2329,45.2,8.2,39.1,49.4,45.5,Monsoon,3,1,2,2,1,0,0,0,0,0,1,0,0,1,Anthrax,Critical,1
Cow,57,Female,9,1,1,1,1,125,Supportive Care,22.0006,76.053,4.1,11.2,29.5,73.2,13.4,Post-Monsoon,6,2,3,0,1,0,0,0,1,0,0,0,0,1,Lumpy_Skin_Disease,High,1
Cow,106,Female,29,1,0,1,1,180,Untreated,22.5568,82.0897,13.7,13.4,26.2,90.2,32.6,Winter,3,6,2,0,1,0,0,0,0,1,0,1,0,0,Mastitis,Moderate,0
Cow,41,Female,3,1,1,0,1,103,Untreated,23.5385,82.4229,27.7,10.2,22.7,88.4,8.0,Summer,5,3,1,0,1,0,0,0,0,1,0,1,0,0,Mastitis,Moderate,0
Buffalo,83,Female,3,0,1,1,1,59,Untreated,24.0628,84.9462,1.2,5.4,24.9,46.2,12.3,Monsoon,2,4,2,0,1,1,1,1,0,0,0,0,0,0,FMD,Moderate,0
Cow,90,Female,1,1,0,1,1,229,Dewormed,20.514,83.197,15.9,12.3,29.5,64.4,31.7,Post-Monsoon,1,6,1,0,1,1,1,0,0,0,0,1,0,0,Mastitis,Moderate,0
Buffalo,50,Female,6,1,0,1,1,255,Antibiotics,16.6252,74.6255,41.2,13.8,24.6,35.7,1.1,Summer,3,5,4,0,1,1,1,1,0,1,0,0,0,1,FMD,High,1
Cow,38,Female,8,1,1,1,1,116,Dewormed,21.3129,78.5943,32.9,1.6,28.9,85.2,37.0,Summer,3,5,4,0,1,0,0,0,0,0,0,1,0,0,Mastitis,Moderate,0
Buffalo,93,Female,13,0,1,1,1,202,Antibiotics,24.5744,84.104,22.6,2.7,16.6,48.1,5.8,Monsoon,0,5,4,0,1,0,1,1,0,0,0,0,0,0,FMD,High,1
Cow,69,Female,34,1,1,1,1,237,Untreated,16.1277,74.4045,35.9,1.2,26.0,81.3,45.8,Monsoon,4,3,1,2,1,0,0,0,0,0,1,0,1,0,Anthrax,Critical,1
Cow,117,Female,15,1,1,0,1,284,Dewormed,25.9409,74.5908,33.2,8.7,33.0,72.5,22.1,Post-Monsoon,0,5,3,0,1,0,0,0,1,0,0,0,0,0,Lumpy_Skin_Disease,High,1
Buffalo,14,Female,25,0,1,1,1,336,Antibiotics,27.5501,74.7911,41.1,4.2,20.9,46.1,13.7,Summer,2,6,1,0,1,1,1,0,0,0,0,0,0,0,FMD,Moderate,0
Buffalo,7,Male,2,1,1,0,1,83,Dewormed,18.4496,76.9641,27.7,3.1,28.5,81.8,9.8,Post-Monsoon,0,5,1,0,1,0,0,0,1,0,0,0,0,0,Lumpy_Skin_Disease,Moderate,0
Buffalo,80,Male,19,1,0,1,0,206,Supportive Care,18.2527,81.69,29.0,1.7,33.1,75.3,28.9,Post-Monsoon,1,4,1,2,1,0,0,1,0,0,0,0,0,0,Black_Quarter,High,1
Buffalo,42,Male,7,1,1,1,0,145,Supportive Care,21.0748,75.1049,7.5,2.0,34.7,70.5,37.6,Post-Monsoon,2,1,3,0,1,1,0,1,0,0,0,0,0,0,Black_Quarter,High,1
Buffalo,58,Male,7,1,0,0,1,275,Antibiotics,25.9264,82.9886,33.6,10.0,32.7,65.9,27.3,Post-Monsoon,5,2,1,1,1,0,0,0,0,0,0,0,0,1,Anthrax,Critical,1
Buffalo,45,Male,2,1,0,1,0,61,Dewormed,15.9047,74.8436,38.3,10.9,32.0,89.4,75.9,Monsoon,7,1,1,1,1,1,0,0,0,0,0,0,0,0,Hemorrhagic_Septicemia,Critical,1
Cow,8,Female,32,0,1,1,0,203,Dewormed,21.6271,75.1055,40.4,13.3,28.5,70.8,32.6,Post-Monsoon,3,6,4,1,1,0,0,1,1,0,0,0,0,0,Black_Quarter,High,1
Buffalo,54,Female,23,1,1,0,0,307,Dewormed,17.5081,75.4466,9.8,7.4,34.9,81.4,25.4,Post-Monsoon,7,2,2,0,1,0,0,0,0,0,0,0,0,0,Lumpy_Skin_Disease,Moderate,0
Cow,94,Female,18,1,0,0,0,196,Untreated,19.9125,82.715,48.0,5.6,35.8,75.8,10.2,Monsoon,4,5,4,1,0,0,0,0,0,0,0,0,0,1,Black_Quarter,High,1
Cow,81,Female,2,1,1,1,1,91,Antibiotics,16.2261,78.1375,49.2,5.0,25.6,61.9,11.8,Summer,6,2,1,0,1,0,0,1,0,0,0,0,0,0,FMD,Moderate,0
Cow,93,Female,6,0,0,1,0,214,Untreated,16.5193,80.2675,49.2,3.7,30.2,81.6,40.1,Monsoon,4,1,4,0,1,1,0,0,0,0,1,0,0,0,Hemorrhagic_Septicemia,Critical,1
Buffalo,19,Male,12,0,0,0,1,216,Untreated,19.517,80.5416,2.6,2.6,33.3,63.8,9.2,Winter,3,3,2,0,1,1,1,1,0,1,0,0,0,0,FMD,Moderate,0
Cow,101,Female,5,1,1,1,0,68,Supportive Care,16.1268,83.347,19.8,7.9,33.0,58.4,35.5,Monsoon,3,4,1,2,1,0,0,1,0,0,0,0,0,0,Black_Quarter,High,1
Buffalo,7,Female,44,1,0,0,1,286,Antibiotics,23.1979,84.2099,38.0,1.6,29.1,73.4,26.8,Post-Monsoon,2,3,4,0,1,0,0,0,0,0,0,1,0,0,Lumpy_Skin_Disease,High,1
Buffalo,115,Female,13,0,1,1,1,205,Antibiotics,18.7036,77.9996,18.0,7.9,21.7,26.1,6.4,Post-Monsoon,4,4,1,0,0,1,1,1,0,0,0,0,0,0,FMD,Moderate,0
Buffalo,35,Female,9,0,1,0,1,327,Antibiotics,21.2653,73.5097,23.4,6.3,30.0,82.9,23.0,Post-Monsoon,3,1,1,0,1,0,0,0,1,0,0,0,0,0,Lumpy_Skin_Disease,Moderate,0
Cow,89,Female,27,0,1,0,1,318,Untreated,19.5657,73.2469,48.9,1.1,20.3,100.0,12.5,Summer,4,6,1,0,1,1,1,1,0,0,0,0,1,0,FMD,Moderate,0
Cow,12,Female,4,1,1,1,0,281,Untreated,26.6882,81.6777,1.9,0.4,30.5,75.7,37.8,Post-Monsoon,3,6,1,0,1,0,0,0,0,0,0,0,0,0,Black_Quarter,Moderate,0
Cow,61,Female,8,0,0,1,0,291,Dewormed,20.0978,83.1297,40.4,9.4,28.0,88.2,72.5,Monsoon,2,5,4,0,1,1,0,0,0,0,0,0,0,0,Hemorrhagic_Septicemia,Critical,1
Buffalo,71,Female,9,1,1,1,1,292,Antibiotics,18.5665,81.3829,8.1,1.7,27.8,94.7,11.4,Post-Monsoon,2,3,3,0,1,0,0,0,1,0,0,0,0,0,Lumpy_Skin_Disease,High,1
Buffalo,23,Female,1,0,0,1,1,65,Dewormed,26.4945,73.2087,20.6,13.9,13.7,48.0,9.8,Summer,3,1,1,0,0,1,1,1,0,0,0,0,0,0,FMD,Moderate,0
Cow,105,Female,6,1,1,1,1,74,Untreated,26.8256,75.7066,9.9,9.3,32.7,91.7,76.2,Monsoon,3,4,1,1,1,0,0,0,0,0,1,0,0,0,Hemorrhagic_Septicemia,Critical,1
Cow,45,Female,3,1,1,0,0,74,Antibiotics,17.2729,77.063,11.6,5.5,24.6,83.5,31.4,Post-Monsoon,4,3,2,0,1,0,0,0,0,1,0,1,0,0,Mastitis,Moderate,0
Cow,51,Female,13,1,0,1,1,101,Supportive Care,26.4889,75.3921,41.2,6.3,31.4,82.7,50.1,Monsoon,0,4,2,0,1,1,0,0,0,0,1,0,0,1,Hemorrhagic_Septicemia,Critical,1
Buffalo,45,Male,1,0,0,1,0,330,Antibiotics,22.0873,76.328,27.8,1.8,30.6,57.1,6.6,Post-Monsoon,5,1,1,0,1,1,1,1,0,0,0,0,0,0,FMD,Moderate,0
Cow,64,Female,14,1,1,0,0,198,Untreated,27.9775,73.5903,22.3,6.8,30.2,71.2,20.0,Post-Monsoon,2,1,2,0,1,0,0,0,0,0,0,0,0,0,Black_Quarter,Moderate,0
Buffalo,73,Female,2,1,1,0,1,289,Antibiotics,24.0393,81.8933,13.3,5.2,26.3,94.0,17.6,Post-Monsoon,7,4,1,0,1,0,0,0,0,0,0,0,0,0,Lumpy_Skin_Disease,Moderate,0
Buffalo,33,Female,59,1,1,1,0,115,Antibiotics,17.3564,84.0958,5.6,8.2,28.5,78.2,30.0,Monsoon,3,4,4,1,1,0,0,1,0,0,0,1,0,0,Black_Quarter,High,1
Cow,83,Female,26,1,1,0,1,32,Dewormed,15.4135,78.414,43.3,2.3,30.4,84.3,7.2,Post-Monsoon,0,5,1,0,1,0,0,0,1,0,0,0,0,0,Lumpy_Skin_Disease,Moderate,0
Buffalo,72,Male,17,1,0,1,1,44,Supportive Care,19.4556,75.7117,32.2,6.9,24.3,89.0,5.5,Winter,3,1,3,0,1,1,1,1,0,0,0,0,0,0,FMD,High,1
Cow,9,Female,51,1,0,1,1,53,Dewormed,19.6003,75.6798,32.3,14.3,27.3,64.9,35.3,Winter,4,1,2,0,1,0,0,0,0,1,0,1,0,0,Mastitis,Moderate,0
Buffalo,80,Female,4,1,0,1,1,100,Supportive Care,15.6155,75.3517,29.3,11.8,18.7,70.9,0.5,Winter,1,2,1,0,1,1,1,1,0,0,0,0,0,0,FMD,Moderate,0
Buffalo,114,Female,4,0,0,0,1,270,Untreated,15.2222,77.8905,11.8,2.4,21.9,78.5,9.1,Monsoon,4,1,1,0,1,0,0,0,0,1,0,1,0,0,Mastitis,Moderate,0
Cow,106,Female,8,1,1,1,1,31,Untreated,22.5096,78.2639,1.4,14.9,30.3,79.2,15.2,Post-Monsoon,3,3,2,0,1,0,0,0,0,0,0,0,0,0,Lumpy_Skin_Disease,Moderate,0
Cow,35,Female,5,1,1,1,1,219,Antibiotics,27.4051,84.0002,12.0,11.7,16.5,61.2,11.4,Monsoon,2,3,2,0,1,1,1,1,0,0,0,0,0,0,FMD,Moderate,0
Buffalo,76,Female,6,1,1,1,1,263,Antibiotics,19.9641,80.8461,16.8,9.1,26.3,54.3,6.0,Post-Monsoon,2,0,0,0,0,0,0,0,0,0,0,0,0,0,Healthy,Low,0
Cow,24,Female,4,1,1,0,1,358,Supportive Care,20.6141,77.2636,17.2,5.1,27.0,68.2,17.1,Post-Monsoon,0,5,1,0,1,0,0,0,1,0,0,0,0,0,Lumpy_Skin_Disease,Moderate,0
Buffalo,118,Male,2,0,0,1,1,101,Untreated,16.9182,78.6826,39.6,4.3,28.5,40.3,0.2,Summer,5,2,1,0,1,1,1,1,0,0,0,0,0,0,FMD,Moderate,0
Buffalo,111,Female,29,1,0,0,1,173,Supportive Care,19.1312,76.72,37.5,8.4,28.7,86.1,6.1,Post-Monsoon,4,5,2,0,1,0,0,0,0,1,0,1,0,0,Mastitis,Moderate,0
Buffalo,46,Female,10,0,1,1,0,324,Untreated,19.2349,84.5119,47.5,0.3,34.3,71.6,32.6,Post-Monsoon,4,5,4,0,1,0,0,1,0,0,0,0,0,0,Black_Quarter,High,1
Cow,27,Female,12,1,1,1,0,310,Antibiotics,24.39,82.7809,42.8,1.3,36.0,67.7,41.6,Monsoon,3,4,1,2,1,0,0,1,0,0,0,0,0,0,Black_Quarter,High,1
Buffalo,50,Female,4,1,1,1,0,293,Supportive Care,24.2037,73.7362,45.3,11.9,26.3,79.3,17.8,Summer,2,6,3,0,1,0,0,0,1,1,0,1,0,0,Mastitis,Moderate,0
Cow,112,Female,25,1,1,1,0,230,Dewormed,25.064,78.6449,15.1,11.1,29.2,77.1,8.8,Post-Monsoon,2,6,2,0,1,0,0,0,1,0,0,0,0,0,Lumpy_Skin_Disease,Moderate,0
Buffalo,111,Female,8,0,1,1,1,296,Antibiotics,22.9332,81.5003,33.2,1.8,24.6,79.5,36.3,Winter,1,1,3,0,1,0,0,0,0,1,0,1,0,0,Mastitis,Moderate,0
Cow,28,Female,17,0,1,0,1,218,Antibiotics,24.504,78.5588,16.5,9.2,34.9,85.2,11.6,Post-Monsoon,3,6,4,0,1,0,0,0,1,0,0,0,0,0,Lumpy_Skin_Disease,High,1
Cow,83,Female,20,0,1,0,1,301,Dewormed,19.8928,76.613,5.9,7.4,23.0,42.6,13.5,Post-Monsoon,4,6,1,0,1,1,1,1,0,0,0,0,0,0,FMD,Moderate,0
Buffalo,76,Female,11,0,1,1,0,230,Dewormed,21.5157,81.3703,4.1,14.1,36.0,53.1,46.6,Monsoon,2,1,3,0,1,0,0,1,0,0,0,0,0,0,Black_Quarter,High,1
Cow,58,Female,1,0,1,1,1,53,Supportive Care,21.5813,77.3575,13.2,11.3,27.2,98.0,0.5,Monsoon,3,6,1,0,1,1,0,1,0,0,0,0,0,0,FMD,Moderate,0
Cow,59,Female,2,1,1,1,1,182,Dewormed,24.3329,83.9305,17.7,1.6,32.8,64.6,43.0,Monsoon,4,3,1,1,0,0,0,0,0,0,0,0,0,1,Anthrax,Critical,1
Cow,50,Female,6,1,0,1,1,103,Supportive Care,19.0469,79.9945,36.8,5.2,27.1,94.0,35.4,Monsoon,6,5,4,0,1,1,0,0,0,0,1,0,0,1,Hemorrhagic_Septicemia,Critical,1
Buffalo,80,Female,1,0,1,0,0,219,Untreated,16.9476,78.3299,9.3,10.0,27.1,79.0,11.4,Summer,2,5,1,0,0,1,0,0,0,0,0,0,0,0,FMD,Moderate,0
Cow,58,Female,4,1,1,0,1,322,Antibiotics,18.7116,77.1831,24.9,6.3,15.8,68.3,8.5,Summer,1,3,1,0,1,1,1,1,0,0,0,0,0,0,FMD,Moderate,0
Buffalo,73,Female,4,0,1,1,1,194,Untreated,20.776,74.2709,31.1,9.3,29.2,64.9,0.6,Monsoon,0,2,1,0,1,1,1,1,0,0,0,1,0,0,FMD,Moderate,0
Buffalo,68,Male,4,0,1,0,0,87,Dewormed,19.3506,76.8346,8.0,12.2,27.8,91.8,42.1,Monsoon,3,3,3,1,1,1,0,0,0,0,1,0,0,0,Hemorrhagic_Septicemia,Critical,1
Buffalo,71,Male,12,1,1,1,1,264,Untreated,24.6744,79.3838,30.6,6.0,29.9,78.7,22.4,Post-Monsoon,3,2,4,0,1,0,0,0,0,0,1,0,0,1,Anthrax,Critical,1
Cow,90,Female,34,1,1,0,1,161,Supportive Care,21.5694,81.4324,37.4,3.9,30.6,69.8,6.5,Post-Monsoon,4,3,4,0,0,0,0,0,1,0,0,0,0,0,Lumpy_Skin_Disease,High,1
Buffalo,49,Female,4,0,1,1,1,331,Supportive Care,23.1723,84.218,13.2,9.2,32.8,64.3,37.3,Winter,2,3,2,0,1,0,1,0,0,1,0,1,0,0,Mastitis,Moderate,0
Buffalo,46,Female,1,1,1,1,1,321,Supportive Care,23.3911,73.5373,27.3,0.4,24.7,85.6,9.4,Winter,4,3,1,0,1,0,0,0,0,1,0,0,0,0,Mastitis,Moderate,0
Buffalo,32,Female,7,0,1,0,1,206,Antibiotics,20.8742,75.3089,44.8,14.5,35.6,68.2,20.0,Monsoon,2,3,3,1,0,0,0,0,0,0,0,0,0,1,Anthrax,Critical,1
Cow,107,Female,2,0,0,1,1,246,Untreated,25.7085,79.9823,35.6,12.9,14.5,68.6,8.8,Winter,2,2,1,0,1,1,1,1,0,0,0,0,0,0,FMD,Moderate,0
Buffalo,96,Female,12,1,1,1,1,210,Supportive Care,27.1738,76.4734,72.0,5.1,23.3,46.1,12.5,Summer,1,0,0,0,0,0,0,0,0,0,0,0,0,0,Healthy,Low,0
Buffalo,43,Female,2,1,1,1,0,344,Dewormed,15.7803,80.9742,39.3,14.7,24.2,87.5,16.4,Post-Monsoon,3,6,1,0,1,0,0,0,0,1,0,1,0,0,Mastitis,Moderate,0
Buffalo,51,Female,1,1,0,1,1,168,Dewormed,23.0113,83.8917,35.9,10.5,32.4,78.4,38.9,Monsoon,6,1,1,2,1,1,0,0,0,0,1,0,0,0,Hemorrhagic_Septicemia,Critical,1
Cow,93,Female,3,0,1,1,1,143,Supportive Care,20.5861,81.7485,12.5,9.0,23.5,53.9,9.9,Monsoon,6,2,2,0,1,1,1,1,0,0,0,0,1,0,FMD,Moderate,0
Cow,112,Female,4,1,1,1,1,85,Dewormed,26.5761,78.2078,15.9,13.7,27.0,79.1,27.6,Summer,2,4,2,0,1,0,0,0,0,1,0,1,1,0,Mastitis,Moderate,0
Cow,9,Female,5,1,0,1,0,170,Antibiotics,23.7395,77.1419,1.4,3.8,32.4,75.4,44.9,Post-Monsoon,2,6,1,0,1,0,0,1,0,0,0,0,0,0,Black_Quarter,Moderate,0
Buffalo,58,Female,6,0,0,1,1,248,Supportive Care,21.7781,81.1993,13.8,9.0,17.4,44.4,13.0,Winter,4,2,3,0,1,1,1,1,0,0,0,0,0,0,FMD,High,1
Cow,81,Female,13,1,1,0,0,179,Untreated,16.9464,82.392,29.6,5.8,28.9,73.7,6.8,Post-Monsoon,6,2,1,0,1,0,0,0,1,0,0,0,0,0,Lumpy_Skin_Disease,Moderate,0
Buffalo,93,Male,1,1,1,0,0,158,Supportive Care,16.594,76.5534,44.4,4.6,30.3,77.3,15.6,Post-Monsoon,3,3,1,0,1,0,0,0,1,1,0,0,0,0,Lumpy_Skin_Disease,Moderate,0
Cow,45,Female,1,1,1,0,1,110,Untreated,16.2739,80.6116,40.5,12.6,26.8,85.0,16.8,Post-Monsoon,1,6,1,0,1,0,1,0,1,0,0,0,0,0,Lumpy_Skin_Disease,Moderate,0
Cow,50,Female,1,1,1,0,0,83,Dewormed,26.8098,79.2869,30.6,14.9,29.9,58.5,49.4,Post-Monsoon,2,5,1,2,1,0,0,0,0,0,0,0,0,1,Black_Quarter,High,1
Cow,18,Female,4,0,1,0,1,315,Supportive Care,15.5814,75.459,12.0,6.3,36.5,60.7,8.1,Summer,2,2,1,0,1,1,0,0,0,0,0,0,0,0,FMD,Moderate,0
Cow,107,Female,8,0,0,1,0,115,Untreated,16.8544,82.7483,43.1,10.8,24.3,89.0,41.2,Monsoon,3,1,4,2,1,1,0,0,0,0,1,0,0,0,Hemorrhagic_Septicemia,Critical,1
Buffalo,30,Male,3,0,1,1,0,309,Untreated,25.2078,79.1526,83.2,7.5,28.7,57.8,13.1,Summer,2,0,0,0,0,0,0,0,0,0,0,0,0,0,Healthy,Low,0
Cow,118,Female,22,1,1,1,1,291,Supportive Care,22.4983,81.8729,16.9,13.8,27.4,23.2,12.6,Winter,1,0,0,0,0,0,0,0,0,0,0,0,0,0,Healthy,Low,0
Cow,43,Female,11,0,1,0,1,91,Dewormed,17.6086,82.5198,21.7,14.9,19.8,48.5,4.5,Post-Monsoon,1,2,4,0,1,1,1,1,0,0,0,0,0,0,FMD,High,1
Cow,55,Female,2,1,0,1,0,355,Supportive Care,17.6661,81.525,5.0,14.6,29.6,87.1,34.9,Monsoon,2,5,1,0,1,1,0,0,0,0,1,0,0,0,Hemorrhagic_Septicemia,Critical,1
Buffalo,51,Female,1,1,1,1,0,44,Antibiotics,20.7079,84.404,36.3,1.2,27.4,60.9,34.1,Monsoon,5,5,1,2,0,0,0,1,0,0,0,0,0,0,Black_Quarter,High,1
Buffalo,65,Female,2,0,1,0,1,289,Untreated,24.9966,74.6958,44.3,8.0,30.7,86.8,7.0,Post-Monsoon,5,3,1,0,1,0,0,0,1,0,0,1,0,0,Lumpy_Skin_Disease,Moderate,0
Cow,86,Female,4,1,1,0,1,45,Untreated,27.8403,82.1582,28.9,11.4,33.8,79.8,29.5,Post-Monsoon,3,5,3,0,1,0,0,0,1,0,0,0,0,0,Lumpy_Skin_Disease,High,1
Cow,96,Female,1,1,0,1,0,226,Supportive Care,15.9256,83.6465,38.4,3.0,32.6,72.7,55.1,Monsoon,8,1,1,0,1,0,0,0,0,0,1,0,1,0,Hemorrhagic_Septicemia,Critical,1
Buffalo,24,Male,14,1,1,1,1,347,Dewormed,26.1084,78.7669,31.2,1.3,25.1,65.5,13.7,Winter,4,4,2,0,1,0,0,0,0,0,0,1,0,0,Mastitis,Moderate,0
Buffalo,31,Female,7,1,1,0,1,318,Untreated,15.4208,74.0605,42.4,9.8,41.0,88.0,6.0,Post-Monsoon,3,6,1,0,1,0,0,0,1,0,0,0,0,0,Lumpy_Skin_Disease,Moderate,0
Buffalo,45,Male,1,1,1,0,1,201,Dewormed,25.4122,80.3301,9.4,8.2,35.0,82.8,12.5,Post-Monsoon,4,1,1,0,1,0,0,0,1,0,0,0,0,0,Lumpy_Skin_Disease,Moderate,0
Buffalo,87,Female,8,0,1,1,1,75,Antibiotics,26.6311,73.395,40.7,8.5,28.4,49.6,3.1,Post-Monsoon,6,2,3,0,1,1,1,1,0,0,0,0,0,0,FMD,High,1
Cow,32,Female,18,1,1,1,1,253,Dewormed,23.2065,74.6564,2.4,2.1,27.7,80.0,21.0,Monsoon,2,4,2,0,1,0,0,0,0,1,0,1,0,0,Mastitis,Moderate,0
Cow,9,Female,18,1,0,0,0,104,Supportive Care,15.6608,76.5159,3.0,12.5,28.7,89.2,46.1,Monsoon,2,3,1,2,0,0,0,0,0,0,1,0,0,1,Anthrax,Critical,1
Buffalo,39,Female,5,1,1,1,1,236,Antibiotics,20.5567,75.8607,0.7,2.9,26.5,83.8,15.7,Winter,0,5,2,0,1,0,0,0,0,0,0,0,0,0,Mastitis,Moderate,0
Cow,41,Female,5,1,1,0,1,188,Dewormed,22.1148,80.569,47.9,5.7,26.3,79.7,21.2,Summer,3,2,1,0,1,0,0,0,0,1,0,1,0,0,Mastitis,Moderate,0
Buffalo,7,Female,5,0,1,1,1,355,Dewormed,20.2551,82.3136,47.7,1.3,24.0,75.8,3.6,Winter,2,4,1,0,1,1,1,1,0,0,0,0,0,0,FMD,Moderate,0
Buffalo,7,Female,22,1,1,0,1,158,Dewormed,19.8395,73.9627,18.4,2.8,34.4,57.8,27.1,Monsoon,4,2,3,2,1,0,0,0,0,0,1,0,0,0,Anthrax,Critical,1
Buffalo,61,Female,3,1,1,1,1,303,Dewormed,22.5925,80.1454,39.0,7.6,30.3,62.8,13.4,Summer,5,1,1,0,1,0,0,0,0,1,0,1,0,0,Mastitis,Moderate,0
Cow,75,Female,15,0,1,0,1,102,Untreated,20.6917,79.815,24.9,9.7,26.4,80.6,4.0,Post-Monsoon,2,4,2,0,1,1,1,1,1,0,0,0,0,0,FMD,Moderate,0
Buffalo,106,Female,17,0,0,0,0,999,Supportive Care,24.8375,75.6181,40.0,2.9,23.0,83.8,28.4,Monsoon,3,1,3,0,1,1,0,0,0,0,1,0,0,0,Hemorrhagic_Septicemia,Critical,1
Cow,61,Female,5,1,0,1,1,127,Dewormed,23.1678,84.0625,9.3,4.5,24.8,74.7,25.8,Summer,2,3,3,0,1,0,0,0,0,1,0,1,0,0,Mastitis,Moderate,0
Cow,118,Female,15,1,1,1,1,190,Supportive Care,27.1772,75.3537,49.5,4.5,10.0,52.6,9.1,Summer,3,5,3,0,1,1,1,1,0,0,0,1,0,0,FMD,High,1
Buffalo,49,Female,43,1,1,0,1,261,Dewormed,26.9846,73.6526,13.7,7.8,32.3,68.7,22.5,Post-Monsoon,4,6,4,0,1,0,0,1,0,0,0,0,0,0,Black_Quarter,High,1
Buffalo,14,Female,9,1,1,0,1,166,Antibiotics,26.7886,82.4725,35.8,3.6,21.5,83.3,34.8,Summer,6,5,4,0,1,0,0,0,0,1,0,1,0,0,Mastitis,Moderate,0
Cow,20,Female,51,0,1,0,1,158,Antibiotics,26.4222,73.4881,40.5,10.2,38.1,80.5,6.8,Post-Monsoon,2,4,1,0,1,1,0,0,1,0,0,0,0,0,Lumpy_Skin_Disease,Moderate,0
Cow,14,Female,1,0,1,0,1,151,Untreated,23.5566,74.4899,25.6,0.4,16.0,65.9,12.6,Post-Monsoon,1,5,1,0,1,1,1,1,0,0,0,0,0,0,FMD,Moderate,0
Cow,56,Female,5,1,0,1,1,113,Dewormed,22.888,76.9714,55.9,2.0,20.9,79.8,10.7,Winter,0,0,0,0,0,0,0,0,0,0,0,0,0,0,Healthy,Low,0
Buffalo,103,Male,9,0,1,0,1,124,Antibiotics,17.3114,83.3414,27.1,13.2,20.5,55.6,14.4,Post-Monsoon,3,1,4,0,1,1,1,1,0,0,0,0,0,0,FMD,High,1
Cow,105,Female,9,1,1,1,0,354,Antibiotics,25.2029,74.3454,19.4,11.6,31.7,74.1,29.4,Monsoon,3,1,4,2,1,0,0,0,0,0,0,0,0,1,Anthrax,Critical,1
Buffalo,22,Female,19,1,0,0,1,74,Antibiotics,24.2164,79.8322,40.2,9.5,19.4,40.1,5.1,Monsoon,3,3,3,0,1,1,1,1,0,0,0,0,0,0,FMD,High,1
Cow,88,Female,2,0,1,1,0,277,Untreated,18.0029,79.6696,40.5,3.9,14.0,84.3,1.8,Monsoon,4,3,1,0,1,1,1,1,0,0,0,0,0,0,FMD,Moderate,0
Cow,99,Female,2,0,1,1,1,38,Antibiotics,18.6975,76.207,44.0,2.5,21.9,51.0,7.3,Summer,1,2,1,0,1,1,1,1,0,0,0,0,0,0,FMD,Moderate,0
Cow,59,Female,11,1,0,0,0,150,Supportive Care,27.5635,77.0969,49.5,3.9,30.9,80.6,34.1,Monsoon,4,5,4,0,1,1,0,1,0,0,1,0,0,0,Hemorrhagic_Septicemia,Critical,1
Cow,58,Female,3,1,0,0,0,57,Untreated,25.4977,78.7776,32.9,2.9,33.0,57.6,13.6,Post-Monsoon,5,2,1,1,1,0,0,1,0,0,0,0,0,0,Black_Quarter,High,1
Cow,77,Female,9,1,1,0,1,162,Untreated,27.2324,79.729,33.1,5.6,21.8,87.8,23.4,Monsoon,2,5,2,1,1,1,0,0,1,0,0,0,0,0,Hemorrhagic_Septicemia,Critical,1
Buffalo,92,Female,8,1,1,0,0,62,Supportive Care,27.0155,74.3835,16.2,0.6,34.8,75.2,36.3,Monsoon,2,4,3,0,1,0,0,1,0,0,0,0,0,0,Black_Quarter,High,1
Buffalo,14,Male,31,1,0,0,0,57,Untreated,24.6389,81.3593,46.9,3.6,32.4,75.6,14.2,Post-Monsoon,3,3,3,0,1,0,0,0,1,1,0,0,0,0,Lumpy_Skin_Disease,High,1
Cow,112,Female,4,1,1,1,0,99,Dewormed,24.2414,79.0933,31.5,10.5,29.2,66.3,25.9,Post-Monsoon,5,6,2,2,1,0,0,1,0,0,0,0,0,0,Black_Quarter,High,1
Buffalo,106,Female,51,1,0,1,1,267,Dewormed,23.6779,80.7968,45.1,12.5,31.7,88.6,28.3,Monsoon,3,4,4,0,1,1,0,0,0,0,1,0,0,0,Hemorrhagic_Septicemia,Critical,1
Cow,49,Female,7,1,0,1,1,110,Untreated,22.5425,74.6534,2.6,5.8,27.9,68.9,60.9,Monsoon,2,2,1,0,1,1,0,0,0,0,1,0,1,0,Hemorrhagic_Septicemia,Critical,1
Cow,63,Female,2,0,1,1,0,244,Dewormed,16.9321,73.5032,3.6,14.1,15.1,61.9,1.4,Summer,2,2,1,0,1,0,1,1,0,0,0,0,0,0,FMD,Moderate,0
Cow,62,Female,5,1,1,1,0,291,Supportive Care,16.0705,83.5784,45.8,4.2,36.5,68.8,22.2,Post-Monsoon,4,5,4,0,1,0,0,0,0,0,0,0,0,1,Anthrax,Critical,1
Cow,38,Female,8,1,0,1,0,241,Untreated,17.7892,79.2334,33.6,12.0,30.4,75.0,46.6,Monsoon,1,3,1,0,1,0,0,1,0,0,0,0,0,0,Black_Quarter,Moderate,0
Buffalo,8,Female,5,1,1,0,1,105,Untreated,25.1029,84.1179,40.9,11.2,30.4,75.4,10.2,Post-Monsoon,1,3,1,0,1,0,1,0,1,0,1,0,0,0,Lumpy_Skin_Disease,Moderate,0
Cow,115,Female,12,1,0,1,1,362,Dewormed,15.7926,79.5464,34.7,3.7,31.8,75.9,71.7,Monsoon,3,4,4,0,1,1,0,0,0,0,0,0,0,0,Hemorrhagic_Septicemia,Critical,1
Buffalo,16,Female,37,1,1,1,0,279,Antibiotics,27.1499,82.5592,3.3,15.0,28.7,71.6,23.7,Post-Monsoon,2,3,4,1,1,0,0,1,0,0,0,0,0,0,Black_Quarter,High,1
Cow,33,Female,14,1,0,1,1,174,Dewormed,27.4332,76.1976,13.7,13.3,25.5,87.8,26.3,Monsoon,2,4,4,2,1,0,0,0,0,0,1,0,0,0,Hemorrhagic_Septicemia,Critical,1
Cow,63,Female,5,1,1,0,1,246,Antibiotics,21.9467,77.5402,38.2,7.9,28.6,79.7,13.1,Post-Monsoon,0,2,4,0,1,0,0,0,0,0,0,0,0,0,Lumpy_Skin_Disease,High,1
Buffalo,24,Female,12,1,1,1,0,51,Supportive Care,15.3736,75.0494,10.9,11.5,26.5,83.6,24.1,Post-Monsoon,6,3,4,0,1,0,0,1,0,0,0,0,0,0,Black_Quarter,High,1
Cow,44,Female,14,1,1,1,0,172,Supportive Care,26.3247,75.2217,11.7,10.0,35.5,100.0,14.0,Post-Monsoon,2,4,3,0,1,0,0,1,0,0,0,0,0,0,Black_Quarter,High,1
Cow,21,Female,4,1,1,1,0,285,Dewormed,16.6471,74.36,34.2,15.0,29.2,71.7,24.9,Monsoon,2,1,3,0,1,0,0,1,0,0,0,0,0,0,Black_Quarter,High,1
Buffalo,51,Female,2,1,1,1,1,59,Supportive Care,19.3131,78.5289,47.8,4.8,28.7,72.9,31.0,Post-Monsoon,2,3,1,0,1,0,0,0,0,1,0,1,0,0,Mastitis,Moderate,0
Cow,11,Female,2,0,1,0,1,108,Supportive Care,26.848,79.68,13.6,14.4,32.3,45.4,7.7,Post-Monsoon,5,1,1,0,1,1,1,0,0,0,0,0,0,0,FMD,Moderate,0
Cow,47,Female,11,1,0,1,1,75,Untreated,18.0743,77.3905,39.8,11.1,31.5,78.7,26.9,Summer,2,2,1,0,1,0,0,0,0,1,0,1,0,0,Mastitis,Moderate,0
Cow,44,Female,9,1,0,1,1,339,Antibiotics,24.5249,74.3272,11.0,14.6,24.9,94.0,58.0,Monsoon,5,4,2,2,1,1,0,0,0,0,0,0,0,0,Hemorrhagic_Septicemia,Critical,1
Buffalo,60,Female,8,1,0,0,1,99,Untreated,22.8715,76.9358,28.8,2.5,32.8,84.1,25.3,Post-Monsoon,5,4,1,0,1,0,0,0,0,1,1,0,0,1,Anthrax,Critical,1
Cow,92,Female,12,1,1,1,0,278,Untreated,23.8218,83.2277,27.0,5.1,28.8,93.2,27.6,Post-Monsoon,3,5,2,0,0,1,1,0,1,0,0,1,0,0,Lumpy_Skin_Disease,Moderate,0
Buffalo,12,Female,1,1,1,1,1,300,Untreated,20.9028,76.3267,45.9,5.9,23.8,74.3,17.4,Monsoon,4,4,1,0,1,0,1,0,0,1,0,1,0,0,Mastitis,Moderate,0
Buffalo,47,Male,15,0,0,1,0,174,Untreated,22.4326,76.7462,77.1,3.2,25.8,67.7,1.6,Monsoon,2,0,0,0,0,0,0,0,0,0,0,0,0,0,Healthy,Low,0
Cow,17,Female,2,0,1,1,0,59,Dewormed,24.4948,77.4443,11.1,0.7,19.4,65.9,14.0,Winter,5,6,1,0,1,1,1,1,0,0,0,0,0,0,FMD,Moderate,0
Buffalo,111,Male,35,0,1,0,1,134,Untreated,19.6621,73.1101,38.2,8.4,30.5,58.1,10.2,Monsoon,1,1,1,0,1,1,1,1,0,0,1,0,0,0,FMD,Moderate,0
Cow,82,Female,7,0,0,1,0,295,Dewormed,18.8679,74.0092,10.5,6.2,19.2,72.8,14.2,Monsoon,1,0,0,0,0,0,1,0,0,0,0,0,0,0,Healthy,Low,0
Buffalo,45,Female,4,1,1,1,1,285,Untreated,23.5143,74.9064,37.0,10.4,24.2,59.1,22.4,Winter,2,2,2,0,1,0,0,0,0,1,0,0,0,0,Mastitis,Moderate,0
Cow,41,Female,1,1,1,0,0,338,Supportive Care,15.7389,81.614,29.3,7.6,34.9,85.8,17.8,Monsoon,4,3,1,2,1,0,0,1,0,0,1,0,0,0,Black_Quarter,High,1
Cow,98,Female,22,0,0,1,1,361,Untreated,19.1748,75.9636,20.7,9.9,19.2,65.5,9.7,Post-Monsoon,2,4,2,0,1,1,1,1,0,0,0,0,0,0,FMD,Moderate,0
Buffalo,8,Female,19,1,1,0,0,284,Supportive Care,20.4535,74.457,5.7,13.5,34.2,73.5,35.9,Post-Monsoon,4,2,1,0,1,0,0,1,0,0,0,0,0,1,Black_Quarter,Moderate,0
Cow,6,Female,29,0,1,0,1,289,Dewormed,27.7479,73.4723,28.6,11.1,33.2,92.2,16.8,Post-Monsoon,2,2,3,0,0,0,0,0,0,0,0,0,1,0,Lumpy_Skin_Disease,High,1
Cow,63,Female,1,1,1,1,1,350,Supportive Care,17.2031,73.8221,44.9,3.1,21.2,75.8,10.8,Summer,2,6,1,0,1,0,0,0,0,1,0,0,0,0,Mastitis,Moderate,0
Cow,43,Female,26,1,1,0,0,363,Untreated,23.8178,83.0688,36.1,13.5,33.3,81.0,17.6,Post-Monsoon,2,5,4,0,1,0,0,0,1,0,0,0,0,0,Lumpy_Skin_Disease,High,1
Buffalo,110,Female,4,1,0,1,1,141,Antibiotics,22.9762,73.6253,5.6,10.2,36.4,89.4,36.1,Monsoon,1,5,3,0,1,0,0,0,0,0,1,0,0,0,Hemorrhagic_Septicemia,Critical,1
Cow,20,Female,1,1,0,0,1,47,Dewormed,24.2658,84.8246,27.3,4.1,27.8,62.2,0.7,Post-Monsoon,3,2,1,0,1,1,1,1,0,0,0,0,0,0,FMD,Moderate,0
Cow,8,Female,1,1,0,1,0,262,Untreated,20.3697,75.359,47.7,9.0,32.7,64.4,40.5,Monsoon,4,6,1,0,1,0,0,1,0,0,0,0,1,0,Black_Quarter,Moderate,0
Cow,49,Female,25,1,1,1,1,51,Dewormed,17.2537,74.7458,45.8,13.2,30.5,76.7,35.9,Monsoon,0,1,1,2,0,0,0,1,0,0,0,0,0,1,Black_Quarter,High,1
Cow,93,Female,37,0,1,1,0,221,Untreated,23.2457,83.2969,13.5,10.4,18.6,27.3,13.8,Monsoon,2,5,1,0,1,1,1,0,0,0,0,0,0,0,FMD,Moderate,0
Buffalo,100,Female,23,1,1,1,1,358,Untreated,26.7274,81.2602,48.6,7.7,32.9,67.1,39.2,Monsoon,7,2,1,2,0,0,0,0,1,0,0,1,0,1,Anthrax,Critical,1
Buffalo,72,Female,9,1,1,0,0,323,Dewormed,20.0031,75.5307,37.7,2.3,32.2,54.3,12.7,Summer,3,2,3,0,1,1,1,1,0,0,0,0,0,0,FMD,High,1
Buffalo,114,Female,6,1,1,1,1,154,Untreated,21.6268,77.4158,27.0,6.4,26.3,78.8,33.7,Monsoon,2,4,1,0,1,0,0,0,0,1,0,1,0,0,Mastitis,Moderate,0
Buffalo,67,Female,15,1,1,0,0,182,Antibiotics,18.4591,77.6082,31.4,6.7,35.2,74.7,21.1,Post-Monsoon,3,3,4,1,1,0,1,1,0,0,0,0,0,0,Black_Quarter,High,1
Cow,16,Female,5,1,1,0,1,353,Dewormed,16.8036,75.2959,8.2,8.9,29.9,93.1,34.8,Monsoon,3,5,4,0,1,1,0,0,0,1,0,1,0,0,Mastitis,Moderate,0
Buffalo,70,Male,5,1,1,1,1,321,Supportive Care,17.4443,84.3238,20.8,0.5,25.2,86.1,28.0,Post-Monsoon,2,4,3,0,1,0,0,0,0,1,0,1,0,1,Mastitis,Moderate,0
Cow,65,Female,26,1,1,0,0,66,Untreated,15.5684,78.2878,33.2,14.7,30.5,76.5,23.8,Monsoon,6,1,3,2,1,0,1,0,0,0,1,0,0,1,Anthrax,Critical,1
Cow,88,Female,9,1,0,0,0,270,Antibiotics,19.1589,78.6821,49.9,6.5,35.6,61.1,21.6,Post-Monsoon,3,1,1,0,1,0,0,1,0,0,0,0,0,0,Black_Quarter,Moderate,0
Buffalo,119,Female,41,0,1,0,1,126,Dewormed,20.4028,74.2021,45.6,7.7,29.3,83.0,7.0,Post-Monsoon,2,5,3,0,1,0,0,0,1,0,0,0,0,0,Lumpy_Skin_Disease,High,1
Cow,31,Female,4,0,1,0,1,261,Dewormed,19.9487,80.2132,66.6,7.2,23.2,73.5,8.6,Winter,0,0,0,0,0,0,0,0,0,0,0,0,0,1,Healthy,Low,0
Buffalo,104,Female,2,0,0,0,1,192,Antibiotics,15.466,80.929,13.7,2.0,23.0,39.5,10.4,Summer,4,3,1,0,0,1,1,1,0,0,0,0,0,0,FMD,Moderate,0
Cow,100,Female,9,1,0,1,1,99,Supportive Care,20.1076,78.9963,26.7,10.4,23.3,72.6,28.3,Monsoon,3,3,2,1,1,0,0,1,0,0,0,0,0,0,Black_Quarter,High,1
Cow,107,Female,2,0,1,0,0,247,Dewormed,27.0502,73.2932,49.4,10.7,32.1,82.8,9.0,Post-Monsoon,3,3,1,0,1,0,0,0,1,0,0,0,0,0,Lumpy_Skin_Disease,Moderate,0
Cow,76,Female,3,1,1,0,1,196,Dewormed,25.0279,80.5227,1.4,9.2,37.4,93.5,15.7,Post-Monsoon,4,4,1,0,1,0,0,0,1,0,0,0,0,0,Lumpy_Skin_Disease,Moderate,0
Cow,94,Female,3,1,1,0,1,117,Dewormed,26.5512,84.8887,28.6,11.6,31.0,93.2,14.9,Post-Monsoon,2,3,1,0,1,0,0,0,1,0,0,0,0,0,Lumpy_Skin_Disease,Moderate,0
Buffalo,7,Female,9,1,1,1,0,69,Untreated,17.7432,73.0765,35.7,7.3,33.2,62.6,20.9,Monsoon,3,3,4,1,1,0,0,0,0,0,0,0,0,0,Black_Quarter,High,1
Buffalo,34,Female,14,0,1,0,1,136,Antibiotics,24.227,77.3539,4.7,12.7,23.0,61.8,12.0,Summer,4,4,1,0,1,1,1,1,0,0,0,0,0,0,FMD,Moderate,0
Cow,89,Female,6,0,1,1,0,205,Dewormed,22.7719,82.5874,30.0,7.7,36.6,61.8,19.6,Post-Monsoon,4,1,2,1,1,0,0,1,0,0,0,0,0,0,Black_Quarter,High,1
Cow,116,Female,14,1,1,1,0,60,Antibiotics,27.3344,79.8949,78.3,1.4,16.6,45.0,12.9,Post-Monsoon,0,0,0,0,0,0,0,0,0,0,0,0,0,0,Healthy,Low,0
Cow,11,Female,8,0,0,1,1,241,Dewormed,23.8901,84.4844,43.3,5.2,28.2,48.4,2.8,Monsoon,2,1,4,0,1,1,1,1,0,0,0,0,0,0,FMD,High,1
Cow,81,Female,2,1,0,1,1,50,Untreated,23.5412,83.7456,45.3,14.6,25.9,86.4,65.3,Monsoon,3,5,1,2,1,0,0,0,0,0,1,0,0,0,Hemorrhagic_Septicemia,Critical,1
Buffalo,114,Female,11,1,1,1,1,85,Antibiotics,21.4943,81.4828,37.4,10.9,26.7,68.5,28.1,Summer,4,1,3,0,1,0,0,0,0,1,0,1,0,0,Mastitis,Moderate,0
Buffalo,109,Male,4,1,1,1,1,308,Dewormed,22.8861,75.2287,34.9,1.2,34.2,87.4,36.0,Monsoon,3,6,2,0,1,0,0,0,0,1,0,1,0,0,Mastitis,Moderate,0
Buffalo,13,Male,3,1,0,1,1,57,Antibiotics,26.8519,83.6207,14.4,9.7,29.1,86.8,72.6,Monsoon,3,6,1,2,1,1,0,0,0,0,1,0,0,1,Hemorrhagic_Septicemia,Critical,1
Cow,75,Female,1,1,1,1,1,355,Antibiotics,25.3623,84.4368,3.5,5.9,39.5,87.3,11.5,Post-Monsoon,3,3,1,1,1,0,0,1,0,0,0,0,0,0,Black_Quarter,High,1
Buffalo,74,Male,3,1,0,1,1,357,Supportive Care,18.6613,73.1717,6.3,13.2,26.8,75.2,70.0,Monsoon,5,5,1,2,1,1,0,0,0,0,1,0,0,0,Hemorrhagic_Septicemia,Critical,1
Cow,65,Female,2,0,1,1,1,200,Antibiotics,24.961,80.9377,8.7,6.6,31.7,54.3,5.7,Winter,2,1,1,0,1,1,1,1,0,0,0,0,0,0,FMD,Moderate,0
Cow,59,Female,24,1,0,1,1,302,Untreated,22.9246,81.6073,18.8,3.3,29.0,85.1,30.9,Post-Monsoon,3,4,1,0,1,0,0,0,0,1,0,1,0,0,Mastitis,Moderate,0
Cow,46,Female,22,1,1,1,0,93,Dewormed,22.3296,75.4569,45.8,13.9,30.1,73.9,49.4,Monsoon,2,3,4,0,1,0,0,1,0,0,0,0,0,1,Black_Quarter,High,1
Cow,22,Female,8,1,1,1,0,359,Supportive Care,22.2383,79.9803,42.9,4.7,27.4,75.2,20.6,Monsoon,3,3,4,1,1,0,0,1,0,0,0,1,0,0,Black_Quarter,High,1
Cow,32,Female,11,0,0,1,1,284,Dewormed,19.6747,82.4858,7.3,5.5,29.0,53.7,0.5,Post-Monsoon,3,2,3,0,1,0,1,1,0,0,0,0,0,0,FMD,High,1
Buffalo,93,Female,8,0,1,0,1,190,Dewormed,25.0637,73.8949,41.7,0.6,30.7,91.3,26.6,Post-Monsoon,5,2,4,0,1,0,0,0,1,0,0,0,0,0,Lumpy_Skin_Disease,High,1
Cow,39,Female,5,1,1,0,0,97,Antibiotics,19.405,82.0193,39.4,3.5,34.1,77.0,39.3,Monsoon,2,3,4,0,1,0,0,1,0,0,0,0,0,0,Black_Quarter,High,1
Cow,115,Female,11,0,1,0,1,324,Supportive Care,17.2277,84.9494,26.7,12.6,18.2,85.7,20.2,Post-Monsoon,3,6,3,0,1,1,0,0,0,1,0,1,0,0,Mastitis,Moderate,0
Cow,39,Female,6,1,1,1,0,227,Supportive Care,16.7284,74.6765,2.8,8.2,29.7,47.6,35.1,Post-Monsoon,5,5,2,1,1,0,1,0,0,0,0,0,0,0,Black_Quarter,High,1
Buffalo,24,Male,10,1,1,1,0,164,Supportive Care,23.9003,84.0089,20.7,3.6,30.3,82.8,16.5,Post-Monsoon,5,5,2,0,1,0,0,0,1,0,0,0,0,0,Lumpy_Skin_Disease,Moderate,0
Cow,50,Female,11,0,0,1,1,188,Untreated,25.9786,80.2066,7.2,5.9,28.3,57.3,12.6,Post-Monsoon,3,5,3,0,1,0,1,1,0,1,0,0,0,0,FMD,High,1
Cow,11,Female,6,0,1,1,0,278,Antibiotics,25.5996,80.7626,9.0,9.5,30.5,82.5,9.7,Monsoon,1,5,1,0,1,0,1,1,0,0,0,0,0,0,FMD,Moderate,0
Buffalo,33,Male,9,0,1,1,0,275,Untreated,22.8044,74.6276,22.1,14.5,41.4,39.5,4.1,Post-Monsoon,1,5,1,0,1,0,1,0,0,0,0,0,0,0,FMD,Moderate,0
Cow,39,Female,8,1,0,1,0,31,Antibiotics,21.7931,76.4981,16.4,0.3,27.6,73.1,17.1,Post-Monsoon,7,5,2,0,1,0,0,0,1,0,0,0,0,1,Lumpy_Skin_Disease,Moderate,0
Buffalo,8,Female,14,0,1,1,0,157,Antibiotics,16.5864,80.0463,15.2,13.6,34.1,58.2,46.5,Post-Monsoon,2,2,3,0,1,0,0,1,0,0,0,0,0,0,Black_Quarter,High,1
Cow,63,Female,3,0,1,1,1,153,Supportive Care,20.8615,79.7038,0.6,5.5,23.4,66.8,2.6,Post-Monsoon,2,3,2,0,1,1,1,0,1,0,0,0,0,0,FMD,Moderate,0
Cow,29,Female,1,1,0,1,1,209,Antibiotics,25.5447,75.6474,26.9,3.4,35.9,64.3,28.6,Post-Monsoon,2,2,1,2,0,0,0,0,0,0,1,0,1,1,Anthrax,Critical,1
Buffalo,49,Female,6,1,0,0,1,110,Supportive Care,20.592,83.4556,3.9,5.6,32.5,79.1,77.1,Monsoon,1,5,2,0,1,1,0,0,0,0,0,0,0,0,Hemorrhagic_Septicemia,Critical,1
Buffalo,27,Male,1,1,1,1,1,31,Dewormed,24.7514,79.4165,16.9,6.6,22.0,69.9,33.5,Summer,2,1,1,0,1,0,0,0,0,1,0,1,0,0,Mastitis,Moderate,0
Buffalo,7,Female,6,1,0,1,1,310,Antibiotics,25.867,82.7635,4.0,1.4,32.1,75.1,76.7,Monsoon,3,4,3,1,1,1,1,0,0,0,0,0,0,0,Hemorrhagic_Septicemia,Critical,1
Buffalo,38,Male,36,1,0,1,1,353,Dewormed,16.0206,82.9026,27.6,10.1,31.4,85.1,40.2,Monsoon,2,5,1,2,1,1,0,0,0,0,0,0,0,0,Hemorrhagic_Septicemia,Critical,1
Cow,57,Female,5,1,1,0,1,53,Untreated,25.139,84.1112,36.0,14.6,34.2,84.2,14.4,Post-Monsoon,1,3,2,0,0,0,0,0,0,0,0,0,0,0,Lumpy_Skin_Disease,Moderate,0
Buffalo,18,Female,3,1,1,1,1,190,Antibiotics,16.5973,80.4511,31.2,13.1,30.3,73.3,12.6,Winter,4,1,2,0,1,0,1,0,0,1,0,1,0,1,Mastitis,Moderate,0
Cow,86,Female,10,1,0,0,0,36,Untreated,23.726,75.3338,10.4,7.1,34.7,69.1,21.1,Monsoon,1,6,4,2,1,0,0,1,0,0,0,0,0,0,Black_Quarter,High,1
Cow,60,Female,6,0,1,0,0,335,Antibiotics,25.367,82.9899,42.4,5.1,30.6,76.8,19.6,Post-Monsoon,4,2,3,0,1,0,0,1,1,0,0,0,0,0,Lumpy_Skin_Disease,High,1
Buffalo,86,Male,36,1,0,1,0,341,Dewormed,20.9452,75.588,43.4,8.8,34.7,96.0,61.2,Monsoon,3,5,1,1,1,1,0,0,0,0,0,1,0,0,Hemorrhagic_Septicemia,Critical,1
Buffalo,11,Female,22,1,0,0,1,134,Untreated,22.7222,83.3576,62.6,3.3,26.0,87.9,12.6,Post-Monsoon,0,0,0,0,0,0,0,0,0,0,0,0,0,1,Healthy,Low,0
Cow,25,Female,2,1,1,1,0,221,Untreated,25.658,78.5924,26.9,3.7,39.7,76.7,42.4,Post-Monsoon,4,2,1,2,1,0,0,1,0,0,0,0,0,0,Black_Quarter,High,1
Cow,43,Female,2,1,0,1,0,201,Dewormed,23.2392,80.0852,32.8,0.5,31.7,77.9,33.0,Monsoon,3,4,1,0,0,0,0,0,0,0,0,0,0,0,Black_Quarter,Moderate,0
Buffalo,75,Female,15,0,1,0,1,204,Dewormed,15.5721,80.9755,2.7,11.8,21.2,81.9,1.4,Monsoon,6,1,4,0,1,1,1,1,0,0,0,0,0,0,FMD,High,1
Buffalo,45,Female,34,1,1,1,0,251,Supportive Care,25.8998,79.69,10.1,10.3,30.5,85.3,74.2,Monsoon,3,2,3,2,1,1,0,1,0,0,1,0,0,0,Hemorrhagic_Septicemia,Critical,1
Buffalo,13,Female,1,0,1,0,0,169,Antibiotics,24.3316,76.38,28.9,0.3,17.2,45.6,6.8,Monsoon,1,4,1,0,1,1,0,1,0,0,0,0,0,0,FMD,Moderate,0
Cow,114,Female,18,0,1,0,1,317,Dewormed,22.0565,82.4867,10.5,7.3,16.6,75.0,6.5,Winter,3,6,1,0,1,0,1,0,0,0,0,1,0,1,FMD,Moderate,0
Cow,52,Female,10,1,1,1,1,306,Antibiotics,18.3369,74.4981,35.8,5.5,14.8,75.4,16.4,Post-Monsoon,2,4,1,0,1,0,0,0,0,1,0,1,0,0,Mastitis,Moderate,0
Cow,107,Female,9,1,1,0,1,353,Untreated,24.6312,74.3211,33.7,11.7,30.2,64.6,44.0,Post-Monsoon,6,6,4,1,1,0,0,0,1,0,1,0,0,1,Anthrax,Critical,1
Buffalo,20,Female,2,1,0,0,0,325,Untreated,25.3786,83.5105,25.8,7.4,25.6,84.2,68.0,Monsoon,4,4,1,2,1,1,0,0,0,0,1,0,1,0,Hemorrhagic_Septicemia,Critical,1
Buffalo,31,Female,2,1,1,1,1,116,Dewormed,22.8973,75.5605,24.0,13.0,24.4,85.6,22.8,Winter,1,1,1,0,1,0,0,0,0,1,0,1,0,0,Mastitis,Moderate,0
Cow,117,Female,6,1,1,1,0,321,Antibiotics,24.1431,81.3406,18.2,5.8,40.3,52.5,13.6,Monsoon,5,6,3,2,1,0,0,1,0,0,0,0,0,0,Black_Quarter,High,1
Buffalo,86,Male,3,1,0,1,0,308,Supportive Care,17.3224,80.4771,26.9,3.2,22.5,58.0,0.2,Winter,2,0,0,0,0,1,0,0,0,0,0,0,0,0,Healthy,Low,0
Buffalo,50,Male,10,1,0,1,0,33,Supportive Care,23.6926,79.6506,17.9,13.4,27.7,86.8,60.2,Monsoon,1,2,2,2,0,1,0,0,0,0,1,0,0,0,Hemorrhagic_Septicemia,Critical,1
Cow,86,Female,10,1,1,0,0,96,Dewormed,18.9943,78.5862,43.3,11.7,27.4,76.4,29.1,Post-Monsoon,2,5,4,0,0,0,0,0,1,0,0,0,0,0,Lumpy_Skin_Disease,High,1
Buffalo,38,Female,28,1,1,1,1,267,Dewormed,16.3641,73.3268,36.3,6.0,23.1,86.4,10.2,Monsoon,0,0,0,0,0,0,0,0,0,0,0,0,0,0,Healthy,Low,0
Cow,39,Female,14,0,1,0,0,331,Antibiotics,19.4354,81.9702,40.5,3.9,39.3,73.8,17.8,Post-Monsoon,3,4,1,1,1,0,0,1,0,0,0,0,0,0,Black_Quarter,High,1
Cow,109,Female,8,0,1,1,1,265,Dewormed,19.3253,73.3788,30.6,8.6,36.6,63.9,14.5,Post-Monsoon,4,2,1,0,1,0,0,0,0,0,1,1,0,1,Anthrax,Critical,1
Buffalo,13,Male,4,1,1,1,1,262,Supportive Care,21.883,73.5398,1.9,9.2,34.7,70.0,35.7,Summer,3,5,1,0,1,0,0,0,0,1,0,1,0,0,Mastitis,Moderate,0
Buffalo,18,Female,10,1,0,1,0,262,Untreated,20.6726,80.8572,35.2,13.0,29.1,91.3,79.4,Monsoon,2,6,3,0,1,1,0,0,0,0,0,0,0,0,Hemorrhagic_Septicemia,Critical,1
Buffalo,81,Female,22,1,1,0,0,214,Untreated,27.2614,74.2052,47.3,12.0,21.5,86.0,11.0,Post-Monsoon,2,6,4,0,0,0,0,0,1,0,0,0,0,0,Lumpy_Skin_Disease,High,1
Cow,25,Female,1,0,0,1,1,103,Dewormed,23.9452,80.5675,9.0,2.5,31.5,84.6,40.1,Monsoon,5,5,1,0,1,1,0,0,0,0,0,0,0,0,Hemorrhagic_Septicemia,Critical,1
Buffalo,77,Male,1,0,1,0,0,340,Antibiotics,25.901,75.1758,30.5,6.6,34.5,70.9,49.5,Monsoon,3,5,1,0,1,0,0,1,0,0,0,0,0,0,Black_Quarter,Moderate,0
Buffalo,113,Female,24,1,0,1,1,352,Antibiotics,21.1624,79.6816,49.8,14.3,29.1,95.2,6.3,Monsoon,3,3,4,0,1,0,0,0,0,1,0,1,0,0,Mastitis,Moderate,0
Cow,117,Female,14,0,0,1,1,100,Dewormed,26.9688,74.9345,15.5,12.9,30.1,79.5,27.3,Post-Monsoon,1,5,4,0,1,0,0,0,1,0,0,0,0,0,Lumpy_Skin_Disease,High,1
Buffalo,53,Female,10,0,0,1,0,338,Supportive Care,20.9762,74.8475,16.1,12.9,26.5,72.9,7.9,Summer,6,4,2,0,0,1,0,1,0,0,0,0,0,0,FMD,Moderate,0
Buffalo,110,Female,33,1,1,0,1,197,Antibiotics,26.9521,79.1062,36.8,2.5,33.6,66.7,6.9,Monsoon,2,0,0,0,0,0,0,0,0,0,0,0,0,0,Healthy,Low,0
Cow,94,Female,10,0,1,1,0,153,Supportive Care,17.1283,84.1598,16.8,11.8,34.1,49.1,8.6,Winter,5,5,2,0,1,1,1,0,0,0,0,1,0,0,FMD,Moderate,0
Buffalo,96,Female,3,0,1,0,0,72,Antibiotics,24.6188,81.718,47.4,3.9,26.9,54.8,19.2,Monsoon,1,5,2,1,1,0,0,1,0,0,0,0,0,0,Black_Quarter,High,1
Buffalo,93,Female,6,1,1,0,0,296,Antibiotics,27.9937,79.9608,5.1,7.8,32.2,60.3,24.4,Post-Monsoon,1,4,2,1,1,0,0,1,0,0,0,0,0,0,Black_Quarter,High,1
Cow,117,Female,2,1,1,1,1,236,Supportive Care,25.9223,82.892,36.2,12.8,32.6,79.6,13.3,Post-Monsoon,1,3,1,0,0,0,0,0,0,1,0,1,0,0,Mastitis,Moderate,0
Cow,20,Female,14,1,0,1,1,275,Antibiotics,23.482,75.4586,23.8,14.7,31.5,93.0,32.2,Monsoon,3,6,1,1,1,1,0,1,0,0,1,0,0,0,Hemorrhagic_Septicemia,Critical,1
Cow,7,Female,1,0,1,1,0,160,Untreated,23.0421,73.8231,19.3,6.8,31.7,57.9,40.8,Post-Monsoon,4,6,1,1,1,0,0,1,0,0,0,0,0,0,Black_Quarter,High,1
Buffalo,14,Female,22,0,1,0,1,302,Antibiotics,25.3691,75.5031,24.8,12.9,30.5,84.7,12.2,Post-Monsoon,1,5,1,0,1,1,0,1,0,0,0,0,0,0,Lumpy_Skin_Disease,Moderate,0
Cow,22,Female,2,0,1,1,1,34,Dewormed,27.8836,79.8895,34.8,10.2,15.6,63.4,4.5,Summer,5,2,1,0,1,1,0,1,0,0,0,0,0,0,FMD,Moderate,0
Buffalo,85,Female,56,0,1,0,1,357,Antibiotics,19.3853,84.5682,1.6,11.6,29.8,92.6,47.2,Monsoon,6,6,3,2,1,1,0,0,0,0,1,0,0,0,Hemorrhagic_Septicemia,Critical,1
Buffalo,32,Female,9,1,1,1,1,119,Dewormed,17.1728,76.0348,39.3,11.2,21.3,94.1,32.8,Winter,4,1,4,0,1,0,0,0,0,1,0,1,0,0,Mastitis,Moderate,0
Buffalo,42,Male,10,1,0,1,0,52,Supportive Care,20.5124,80.6194,24.3,10.8,31.7,78.3,41.4,Monsoon,4,4,3,2,1,0,0,1,0,0,0,0,0,0,Black_Quarter,High,1
Buffalo,19,Female,14,0,1,0,0,339,Supportive Care,25.6308,84.2267,33.4,3.6,31.2,90.6,18.6,Post-Monsoon,3,6,4,0,1,0,0,0,1,0,0,0,0,0,Lumpy_Skin_Disease,High,1
Buffalo,18,Male,12,1,0,1,0,184,Dewormed,26.319,78.5173,15.3,9.5,25.1,86.7,45.8,Monsoon,2,5,3,1,1,0,0,0,0,0,1,0,0,0,Hemorrhagic_Septicemia,Critical,1
Buffalo,12,Female,4,0,1,1,0,69,Antibiotics,21.7179,83.2562,36.8,1.3,28.0,44.2,7.5,Post-Monsoon,2,1,2,0,1,1,1,1,0,1,0,0,0,0,FMD,Moderate,0
Buffalo,64,Female,9,1,1,1,0,165,Supportive Care,17.0783,78.6758,38.3,15.0,30.5,87.6,30.3,Monsoon,4,6,2,0,1,1,0,0,0,0,1,0,0,0,Hemorrhagic_Septicemia,Critical,1
Cow,111,Female,5,0,1,1,0,220,Dewormed,22.6549,73.4706,35.9,8.0,30.7,83.4,32.3,Post-Monsoon,3,2,1,1,1,0,0,0,0,0,0,0,0,0,Black_Quarter,High,1
Buffalo,26,Female,12,0,0,1,1,347,Untreated,24.1069,81.1869,34.0,7.7,29.7,93.3,13.4,Post-Monsoon,4,6,2,0,1,0,0,0,1,0,0,0,0,0,Lumpy_Skin_Disease,Moderate,0
Buffalo,94,Female,6,1,1,1,0,175,Untreated,25.1054,78.4212,43.0,8.7,29.0,82.1,14.1,Post-Monsoon,4,3,1,0,1,0,0,1,0,0,0,0,0,0,Black_Quarter,Moderate,0
Cow,27,Female,7,1,1,0,0,280,Antibiotics,17.4777,80.9697,5.4,14.6,32.4,79.5,33.9,Monsoon,6,1,3,0,1,0,0,1,0,0,0,0,0,0,Black_Quarter,High,1
Buffalo,87,Male,4,1,1,0,0,92,Antibiotics,20.4032,77.133,1.1,4.8,29.5,85.6,7.7,Post-Monsoon,4,4,1,0,1,1,0,0,1,0,0,0,0,0,Lumpy_Skin_Disease,Moderate,0
Buffalo,61,Male,7,1,1,1,1,31,Dewormed,21.0549,81.7016,87.2,4.6,30.8,71.0,1.9,Summer,0,0,0,0,0,0,0,0,0,0,0,0,0,0,Healthy,Low,0
Cow,45,Female,38,1,0,1,0,86,Dewormed,22.6127,76.6182,32.0,5.6,30.6,66.0,33.9,Monsoon,3,5,1,1,1,0,0,1,0,0,0,0,0,0,Black_Quarter,High,1
Cow,67,Female,3,0,0,1,0,99,Dewormed,25.9288,78.2593,12.3,8.3,23.7,32.1,3.2,Monsoon,2,2,1,0,1,0,1,1,0,0,0,0,0,0,FMD,Moderate,0
Buffalo,14,Female,6,0,1,0,1,283,Untreated,21.8466,76.4565,39.6,2.5,28.0,57.4,0.5,Post-Monsoon,3,6,4,0,1,1,1,1,0,0,0,0,0,0,FMD,High,1
Cow,20,Female,3,0,0,0,1,55,Dewormed,21.6595,77.8076,46.5,11.2,20.5,42.1,14.1,Winter,3,2,1,0,1,1,1,1,0,0,0,0,0,0,FMD,Moderate,0
Cow,70,Female,7,0,1,1,1,148,Dewormed,18.6673,80.5922,11.3,9.7,40.1,88.8,16.7,Monsoon,1,3,1,0,1,0,0,0,0,0,0,1,0,0,Mastitis,Moderate,0
Buffalo,11,Female,3,0,1,1,0,320,Supportive Care,18.7285,76.0016,0.7,6.0,40.0,64.3,28.2,Post-Monsoon,2,5,1,2,1,1,0,0,0,0,1,0,0,1,Anthrax,Critical,1
Buffalo,47,Male,11,1,1,0,1,199,Untreated,26.0691,79.0884,24.3,5.2,27.1,83.6,26.0,Post-Monsoon,3,3,3,0,0,0,0,0,1,0,0,0,0,0,Lumpy_Skin_Disease,High,1
Buffalo,112,Female,30,1,1,1,1,175,Antibiotics,21.164,77.1027,19.6,11.4,20.5,73.4,11.1,Monsoon,1,0,0,0,0,0,0,0,0,0,0,0,0,0,Healthy,Low,0
Buffalo,66,Female,1,0,0,1,1,94,Dewormed,17.4427,79.784,3.0,12.0,27.6,83.9,26.3,Monsoon,3,6,1,1,1,1,1,0,0,0,1,0,0,0,Hemorrhagic_Septicemia,Critical,1
Cow,39,Female,4,1,1,1,1,251,Supportive Care,16.7655,80.9094,48.9,1.8,33.8,80.5,26.8,Post-Monsoon,3,6,1,0,0,0,0,0,0,0,0,0,0,0,Black_Quarter,Moderate,0
Buffalo,68,Female,10,0,1,0,0,353,Untreated,21.3157,80.6763,0.6,3.9,29.9,84.4,6.8,Post-Monsoon,1,6,4,0,1,0,0,0,1,0,0,0,0,0,Lumpy_Skin_Disease,High,1
Cow,116,Female,7,1,0,0,1,258,Untreated,23.9734,81.8801,25.8,14.5,35.5,82.2,23.3,Monsoon,5,4,3,1,1,1,0,0,0,0,1,0,0,0,Hemorrhagic_Septicemia,Critical,1
Buffalo,94,Female,3,1,1,0,1,33,Untreated,22.9558,73.262,49.7,2.8,33.3,68.0,14.1,Post-Monsoon,3,1,1,0,1,0,0,0,1,0,0,0,0,0,Lumpy_Skin_Disease,Moderate,0
Cow,15,Female,4,1,1,1,1,90,Untreated,20.9399,80.8921,48.7,11.2,15.4,58.9,11.5,Post-Monsoon,1,4,3,0,1,1,0,1,0,0,0,0,1,0,FMD,High,1
Buffalo,86,Female,9,0,0,1,1,284,Supportive Care,20.2813,82.8171,9.5,0.9,27.6,68.4,43.6,Monsoon,1,6,4,2,1,0,0,0,0,0,1,0,0,0,Anthrax,Critical,1
Cow,43,Female,23,0,0,0,1,157,Untreated,22.6165,80.1336,46.5,4.4,31.4,79.0,68.3,Monsoon,2,3,4,0,0,1,0,0,0,0,1,0,0,0,Hemorrhagic_Septicemia,Critical,1
Cow,92,Female,1,1,0,0,1,240,Untreated,27.6769,81.5515,19.3,9.7,34.1,69.6,18.6,Post-Monsoon,7,6,1,1,1,0,0,0,0,0,1,0,0,1,Anthrax,Critical,1
Cow,39,Female,25,0,1,1,1,151,Dewormed,23.5394,79.1294,11.9,6.1,31.9,39.0,7.9,Winter,5,1,1,0,0,0,1,1,0,0,0,0,0,0,FMD,Moderate,0
Cow,50,Female,4,1,1,1,0,245,Antibiotics,24.066,77.0801,3.7,7.6,32.5,69.1,29.5,Post-Monsoon,1,3,2,0,1,0,0,0,1,0,0,0,0,0,Lumpy_Skin_Disease,Moderate,0
Buffalo,45,Female,29,0,0,1,0,276,Dewormed,15.6318,80.5206,46.7,14.4,35.5,69.9,35.0,Monsoon,1,4,3,1,1,0,0,0,0,0,0,0,0,0,Black_Quarter,High,1
Buffalo,100,Female,2,1,1,0,1,90,Supportive Care,24.794,84.6662,65.8,12.9,27.0,78.2,11.8,Monsoon,0,0,0,0,0,0,0,0,0,0,0,0,0,1,Healthy,Low,0
Buffalo,80,Female,5,1,0,1,1,306,Dewormed,15.7996,84.6656,5.3,7.7,26.0,81.1,20.0,Monsoon,3,4,4,0,1,0,0,0,0,1,0,1,0,0,Mastitis,Moderate,0
Cow,81,Female,2,1,1,1,1,362,Antibiotics,25.6875,73.9663,43.4,8.7,28.6,84.5,64.0,Monsoon,3,1,1,0,1,1,0,0,0,0,1,0,1,0,Hemorrhagic_Septicemia,Critical,1
Buffalo,114,Female,4,1,1,1,1,91,Antibiotics,18.1094,81.2415,43.0,5.9,31.2,83.0,18.1,Monsoon,3,6,1,0,0,0,0,0,0,1,0,1,0,0,Mastitis,Moderate,0
Cow,82,Female,6,0,1,1,1,252,Untreated,23.1301,76.6963,19.6,4.7,22.1,64.4,8.3,Monsoon,4,3,4,0,1,1,1,1,0,0,0,0,0,0,FMD,High,1
Buffalo,50,Female,5,0,1,1,1,326,Untreated,22.6294,76.7155,34.4,12.3,30.3,71.9,4.5,Monsoon,2,1,2,0,1,1,1,1,0,0,0,0,0,0,FMD,Moderate,0
Buffalo,42,Male,4,0,1,1,1,306,Dewormed,18.4222,77.456,42.7,11.9,35.4,84.2,4.4,Summer,4,3,1,0,0,1,1,1,0,0,0,0,0,0,FMD,Moderate,0
Cow,76,Female,4,1,1,0,1,253,Dewormed,16.7757,79.3104,26.2,8.7,30.0,88.4,8.1,Post-Monsoon,4,1,1,0,1,0,0,0,1,0,0,0,0,0,Lumpy_Skin_Disease,Moderate,0
Buffalo,68,Female,7,0,1,1,1,107,Untreated,24.4422,83.7759,31.9,9.9,30.4,56.4,7.8,Monsoon,2,2,1,0,1,1,1,1,0,0,0,0,0,0,FMD,Moderate,0
Buffalo,115,Female,8,1,1,1,1,172,Antibiotics,20.7656,77.12,11.1,13.6,20.0,82.2,27.9,Monsoon,3,5,1,0,1,0,0,0,0,1,0,1,0,0,Mastitis,Moderate,0
Buffalo,75,Female,4,0,1,1,0,284,Dewormed,23.9413,76.8288,11.6,12.0,27.8,66.1,48.5,Monsoon,1,4,3,0,1,0,0,1,0,0,0,0,0,0,Black_Quarter,High,1
Buffalo,42,Female,6,1,0,1,0,249,Supportive Care,17.087,76.7349,25.7,1.0,35.5,59.2,25.8,Post-Monsoon,3,2,3,1,1,0,0,0,0,0,0,0,0,0,Black_Quarter,High,1
Buffalo,90,Female,21,1,1,1,1,59,Antibiotics,16.3223,82.014,16.0,10.8,29.7,81.5,28.2,Monsoon,2,1,2,1,1,1,0,0,0,0,1,0,0,0,Hemorrhagic_Septicemia,Critical,1
Cow,92,Female,10,0,1,1,1,300,Antibiotics,22.913,76.6399,32.1,9.4,25.7,72.6,9.0,Monsoon,3,4,4,0,1,1,1,1,0,0,0,0,0,0,FMD,High,1
Cow,118,Female,4,1,1,1,1,187,Dewormed,17.0266,75.7637,24.9,12.0,27.3,73.4,9.0,Winter,3,5,1,0,1,1,0,0,0,0,0,1,0,0,Mastitis,Moderate,0
Cow,10,Female,23,0,1,1,1,342,Untreated,25.9355,80.7847,28.7,10.6,21.2,68.6,10.9,Post-Monsoon,1,1,3,0,1,1,1,1,0,0,0,0,0,0,FMD,High,1
Cow,81,Female,13,1,1,1,0,238,Untreated,26.3094,79.7104,44.4,6.3,32.2,87.1,34.5,Post-Monsoon,2,5,2,0,1,0,0,1,0,0,0,0,0,0,Black_Quarter,Moderate,0
Buffalo,99,Female,15,0,1,1,1,285,Supportive Care,22.322,76.9608,21.8,9.2,32.6,100.0,10.9,Post-Monsoon,4,6,1,0,1,1,1,0,0,0,0,0,0,0,FMD,Moderate,0
Buffalo,11,Female,2,1,1,1,0,189,Dewormed,22.5826,78.8069,17.0,1.5,24.7,94.3,10.7,Winter,2,4,1,0,1,0,0,0,0,1,0,1,0,0,Mastitis,Moderate,0
Cow,72,Female,14,1,0,1,0,251,Supportive Care,22.9539,81.0157,12.2,6.7,20.5,81.3,37.4,Monsoon,5,2,1,2,1,1,0,0,0,0,1,0,0,0,Hemorrhagic_Septicemia,Critical,1
Cow,114,Female,10,0,0,1,1,289,Dewormed,26.8669,76.5769,28.0,12.4,17.6,64.3,1.0,Winter,5,5,2,0,1,1,1,1,0,0,1,0,0,0,FMD,Moderate,0
Cow,57,Female,15,1,1,1,1,64,Antibiotics,27.9681,84.7152,20.8,3.8,31.7,68.1,10.2,Summer,5,5,4,0,1,1,0,0,0,0,0,1,0,0,Mastitis,Moderate,0
Cow,113,Female,1,0,1,0,0,55,Untreated,26.8429,74.1052,18.5,11.9,28.8,72.4,11.8,Winter,1,4,1,0,0,1,1,0,0,0,0,0,0,0,FMD,Moderate,0
Buffalo,90,Female,9,1,1,1,1,207,Dewormed,24.4087,82.7692,25.5,6.0,26.9,86.1,19.0,Winter,3,6,2,0,1,0,0,0,0,1,0,1,0,0,Mastitis,Moderate,0
Cow,31,Female,7,0,0,1,0,354,Dewormed,19.335,82.0401,13.9,9.5,28.4,49.9,3.3,Winter,0,6,3,0,1,1,1,1,0,0,0,0,0,0,FMD,High,1
Buffalo,32,Female,3,1,1,1,1,85,Untreated,16.9851,82.2208,22.1,2.7,31.8,76.8,21.3,Summer,5,5,1,0,1,0,0,0,0,1,0,0,0,0,Mastitis,Moderate,0
Buffalo,107,Female,5,1,0,1,1,245,Supportive Care,24.2653,82.8908,44.8,6.4,31.7,83.4,23.9,Monsoon,4,4,4,1,1,1,0,0,0,0,1,0,0,0,Hemorrhagic_Septicemia,Critical,1
Cow,17,Female,8,0,1,1,1,122,Antibiotics,17.0073,73.6832,24.4,2.9,12.7,52.7,0.5,Winter,1,3,4,0,1,1,1,1,0,1,0,0,0,0,FMD,High,1
Cow,49,Female,2,1,1,0,0,150,Dewormed,16.5674,80.0067,49.0,8.6,24.9,84.9,48.0,Monsoon,5,2,1,1,1,1,0,0,0,0,1,0,0,0,Hemorrhagic_Septicemia,Critical,1
Buffalo,56,Female,19,1,1,0,1,314,Supportive Care,16.859,81.0124,32.6,12.2,29.3,60.4,22.2,Post-Monsoon,5,1,3,0,1,0,0,0,1,0,0,0,0,0,Lumpy_Skin_Disease,High,1
Buffalo,88,Female,16,1,0,0,1,33,Dewormed,21.4894,74.5055,42.0,1.8,31.5,73.9,11.6,Post-Monsoon,4,4,1,0,1,0,0,0,0,0,0,0,0,0,Lumpy_Skin_Disease,Moderate,0
Cow,92,Female,51,1,0,1,1,353,Dewormed,18.2252,81.5272,38.7,6.3,23.4,82.3,34.2,Monsoon,5,4,4,0,1,1,0,0,0,0,1,0,0,0,Hemorrhagic_Septicemia,Critical,1
Buffalo,104,Female,11,0,0,0,1,121,Untreated,23.7676,73.7834,29.5,4.3,34.0,77.8,16.6,Post-Monsoon,4,2,2,0,0,0,0,0,1,0,0,0,0,0,Lumpy_Skin_Disease,Moderate,0
Buffalo,68,Female,2,1,0,1,1,104,Dewormed,25.1741,79.6236,47.7,5.5,24.1,66.4,61.8,Monsoon,4,4,1,0,1,1,0,0,0,0,1,0,0,0,Hemorrhagic_Septicemia,Critical,1
Cow,50,Female,2,0,1,1,1,269,Dewormed,19.3812,82.2525,5.8,3.5,23.0,64.2,4.4,Post-Monsoon,0,2,1,0,1,1,1,1,0,0,0,0,1,0,FMD,Moderate,0
Buffalo,88,Female,2,1,0,0,1,57,Dewormed,21.4229,80.4128,44.0,11.1,30.2,74.0,19.2,Post-Monsoon,3,1,1,0,1,0,0,0,1,0,0,0,0,0,Lumpy_Skin_Disease,Moderate,0
Buffalo,68,Female,11,1,1,1,1,254,Supportive Care,20.7211,84.0565,44.5,12.4,27.7,62.5,31.5,Monsoon,1,2,2,0,1,0,0,0,0,1,0,0,0,0,Mastitis,Moderate,0
Buffalo,92,Female,1,1,0,0,0,317,Dewormed,22.7721,81.5517,8.7,12.2,31.4,87.8,24.5,Post-Monsoon,4,2,1,0,1,0,0,0,1,0,0,0,0,0,Lumpy_Skin_Disease,Moderate,0
Cow,37,Female,26,1,1,1,1,117,Supportive Care,19.7407,81.3447,46.6,7.8,25.9,50.7,14.5,Winter,0,1,4,0,1,1,1,1,0,0,0,0,0,0,FMD,High,1
Buffalo,95,Male,5,0,1,1,0,258,Supportive Care,25.9991,73.7218,95.8,1.6,28.3,62.4,11.9,Monsoon,1,0,0,0,0,0,0,0,0,0,0,1,0,0,Healthy,Low,0
Cow,101,Female,14,0,0,1,1,310,Untreated,22.5902,83.4492,9.7,8.9,14.8,67.2,5.8,Winter,1,6,1,0,1,1,1,1,1,0,0,0,0,0,FMD,Moderate,0
Cow,111,Female,3,1,1,0,1,56,Supportive Care,18.9972,82.97,46.8,13.1,31.4,62.3,11.1,Monsoon,4,2,2,0,1,0,1,1,0,0,0,0,0,1,Black_Quarter,Moderate,0
Cow,113,Female,1,1,1,0,1,86,Antibiotics,17.8286,81.7105,4.5,6.8,27.2,87.8,28.4,Post-Monsoon,2,3,1,0,1,0,0,0,1,0,0,0,0,1,Lumpy_Skin_Disease,Moderate,0
Buffalo,111,Female,3,0,1,1,1,187,Supportive Care,27.6921,75.727,10.0,10.2,29.2,79.9,13.9,Winter,1,4,2,0,1,1,1,1,0,0,0,0,0,0,FMD,Moderate,0
Buffalo,96,Female,13,1,0,1,1,157,Antibiotics,27.6813,78.7314,38.8,11.5,29.4,72.9,20.7,Monsoon,3,6,2,2,1,1,0,0,0,0,1,0,0,0,Hemorrhagic_Septicemia,Critical,1
Buffalo,63,Female,14,1,0,1,1,107,Antibiotics,18.809,76.1492,29.2,10.6,29.1,84.5,28.5,Monsoon,0,4,3,0,1,0,0,0,0,1,0,1,0,0,Mastitis,Moderate,0
Cow,22,Female,34,1,1,1,1,98,Untreated,25.7642,77.73,47.3,10.2,12.9,47.3,9.7,Monsoon,4,1,4,0,1,0,1,1,0,0,0,0,0,0,FMD,High,1
Cow,20,Female,2,1,0,1,1,92,Antibiotics,15.7912,78.0778,2.6,11.2,28.3,66.5,15.3,Post-Monsoon,3,1,1,0,1,0,0,0,0,1,0,1,0,0,Mastitis,Moderate,0
Buffalo,75,Female,11,1,1,0,1,344,Dewormed,18.6865,79.2808,44.2,3.5,31.5,54.2,3.9,Winter,1,0,0,0,0,0,0,0,0,0,0,0,0,0,Healthy,Low,0
Buffalo,25,Female,6,0,1,0,0,171,Supportive Care,27.3659,83.7336,25.9,9.7,32.0,84.3,22.4,Post-Monsoon,1,4,2,0,1,0,0,0,1,0,0,0,0,0,Lumpy_Skin_Disease,Moderate,0
Buffalo,31,Female,4,0,1,1,1,114,Supportive Care,26.1033,84.3539,45.8,6.2,32.7,65.5,42.7,Monsoon,1,5,1,2,0,0,0,1,0,0,0,0,0,0,Black_Quarter,High,1
Cow,106,Female,36,1,1,1,0,36,Supportive Care,22.9009,77.3922,10.1,10.2,28.6,100.0,50.0,Monsoon,3,3,3,1,1,0,0,0,0,0,1,0,0,0,Hemorrhagic_Septicemia,Critical,1
Buffalo,56,Female,12,0,1,1,1,173,Supportive Care,24.6825,73.5735,2.8,12.2,17.1,68.3,10.2,Monsoon,4,4,2,0,1,1,1,1,0,0,0,0,0,0,FMD,Moderate,0
Buffalo,73,Female,5,1,1,1,1,119,Untreated,20.11,77.3691,33.8,0.2,20.5,50.2,6.0,Post-Monsoon,0,0,0,0,0,0,0,0,1,0,0,0,0,0,Healthy,Low,0
Cow,105,Female,15,1,0,1,1,172,Supportive Care,19.6743,82.806,4.9,4.4,24.3,79.7,38.3,Monsoon,7,4,4,2,1,1,0,0,0,0,1,0,0,0,Hemorrhagic_Septicemia,Critical,1
Cow,7,Female,4,1,1,1,1,80,Supportive Care,24.7903,76.0937,15.9,7.2,33.4,80.6,24.5,Post-Monsoon,0,4,3,0,1,0,0,0,1,0,0,0,0,0,Lumpy_Skin_Disease,High,1
Buffalo,18,Male,7,1,0,1,0,294,Dewormed,20.7446,80.7046,25.3,13.6,30.3,77.1,13.9,Post-Monsoon,4,1,1,0,1,0,0,1,0,0,0,0,0,1,Black_Quarter,Moderate,0
Buffalo,106,Female,5,0,1,1,1,266,Antibiotics,18.8731,83.2296,47.8,14.9,19.6,60.6,2.5,Summer,0,0,0,0,0,0,0,0,0,0,0,0,0,0,Healthy,Low,0
Cow,6,Female,6,1,1,0,1,209,Dewormed,19.5553,74.096,8.4,2.5,18.7,54.2,1.4,Winter,3,3,2,0,1,1,1,1,0,0,0,0,0,0,FMD,Moderate,0
Buffalo,11,Male,3,0,1,1,1,287,Supportive Care,24.7459,75.994,0.6,3.4,28.7,72.1,20.9,Monsoon,0,5,1,0,1,0,0,1,0,0,1,0,0,1,Anthrax,Critical,1
Buffalo,36,Female,22,1,1,1,1,159,Supportive Care,19.8413,81.3462,32.9,0.4,18.4,41.9,8.9,Post-Monsoon,1,0,0,0,0,0,0,0,0,0,1,0,0,0,Healthy,Low,0
Cow,50,Female,1,1,0,1,1,133,Antibiotics,19.3724,76.2639,42.6,6.0,29.0,93.9,42.0,Monsoon,3,4,1,2,1,1,0,0,0,0,1,0,0,0,Hemorrhagic_Septicemia,Critical,1
Cow,85,Female,16,1,0,1,1,33,Dewormed,26.4091,82.972,13.1,3.5,16.0,63.3,11.3,Post-Monsoon,2,6,3,0,1,0,0,1,0,0,0,0,0,0,FMD,High,1
Buffalo,21,Female,25,1,1,1,0,32,Dewormed,22.413,76.5207,12.5,4.9,30.5,65.5,17.2,Monsoon,3,3,1,1,0,0,1,1,0,0,0,0,0,0,Black_Quarter,High,1
Cow,68,Female,1,0,0,1,1,101,Untreated,20.4615,83.9147,31.1,1.6,25.3,63.6,4.4,Winter,1,0,0,0,0,0,0,0,0,0,0,0,0,0,Healthy,Low,0
Buffalo,68,Female,19,1,0,1,1,314,Dewormed,19.4608,79.1782,42.8,11.2,26.2,77.8,15.5,Winter,4,2,2,0,1,0,0,0,0,1,0,1,0,0,Mastitis,Moderate,0
Buffalo,90,Female,26,1,1,1,0,296,Untreated,16.1778,77.25,47.6,10.5,25.8,82.9,14.0,Monsoon,2,6,2,2,1,0,0,0,0,0,0,0,0,0,Black_Quarter,High,1
Buffalo,47,Female,13,0,1,0,0,328,Dewormed,24.8422,77.6826,41.3,11.7,32.4,63.4,43.6,Monsoon,2,6,1,0,0,0,0,1,0,0,0,0,0,0,Black_Quarter,Moderate,0
Buffalo,117,Male,3,0,0,1,1,90,Antibiotics,23.0217,83.6464,31.4,14.7,30.8,100.0,52.9,Monsoon,1,6,2,1,1,1,0,0,0,0,1,0,0,0,Hemorrhagic_Septicemia,Critical,1
Buffalo,90,Male,12,1,1,0,1,301,Untreated,17.9874,76.9196,86.7,7.5,19.9,62.1,12.8,Summer,0,0,0,0,0,0,0,0,0,0,0,0,0,0,Healthy,Low,0
Cow,6,Female,15,1,1,0,0,180,Dewormed,19.4166,77.6453,40.9,3.4,33.5,86.4,28.2,Post-Monsoon,2,4,4,0,1,0,0,0,1,0,0,0,0,0,Lumpy_Skin_Disease,High,1
Cow,12,Female,9,0,0,0,1,163,Dewormed,19.2778,76.1817,46.3,4.4,32.5,84.8,12.0,Post-Monsoon,2,5,2,0,1,0,0,0,1,0,0,0,0,0,Lumpy_Skin_Disease,Moderate,0
Cow,85,Female,34,1,1,1,1,303,Untreated,18.8229,74.7791,51.3,13.5,19.6,69.2,8.4,Monsoon,1,0,0,0,0,0,0,0,0,0,0,0,0,0,Healthy,Low,0
Buffalo,100,Female,7,1,1,0,0,139,Untreated,23.4254,73.7068,41.0,8.5,29.7,85.5,22.4,Post-Monsoon,4,6,3,0,1,0,0,0,1,0,0,0,0,0,Lumpy_Skin_Disease,High,1
Cow,103,Female,28,1,0,0,0,72,Dewormed,21.818,82.9523,35.4,14.4,27.7,81.9,28.2,Post-Monsoon,4,4,3,0,1,0,0,0,1,0,0,0,0,0,Lumpy_Skin_Disease,High,1
Buffalo,114,Female,15,1,0,1,0,143,Supportive Care,24.2256,76.6112,46.0,10.7,32.4,76.4,29.0,Post-Monsoon,3,3,1,0,1,0,1,1,0,0,0,0,0,0,Black_Quarter,Moderate,0
Buffalo,111,Female,61,1,1,0,0,308,Antibiotics,17.0696,73.1082,39.8,7.1,35.6,86.7,16.0,Post-Monsoon,4,2,1,0,1,0,0,0,0,0,0,0,0,0,Lumpy_Skin_Disease,Moderate,0
Cow,77,Female,10,0,0,1,1,198,Antibiotics,20.8286,75.2449,26.2,6.4,32.7,55.9,10.4,Summer,3,0,0,0,0,0,0,0,0,0,0,0,0,0,Healthy,Low,0
Cow,67,Female,15,0,0,1,1,139,Dewormed,24.4596,77.7692,48.2,8.6,30.8,53.3,17.1,Post-Monsoon,6,3,3,0,1,0,0,0,0,0,1,1,0,1,Anthrax,Critical,1
Buffalo,32,Male,1,0,0,0,1,233,Antibiotics,27.2986,78.2071,10.1,14.0,22.5,78.2,78.4,Monsoon,2,4,1,0,1,1,0,0,0,0,1,0,0,0,Hemorrhagic_Septicemia,Critical,1
Cow,23,Female,12,0,1,0,1,245,Dewormed,27.448,77.8642,23.1,10.6,28.9,85.7,35.5,Monsoon,2,1,1,1,1,0,0,0,0,0,1,0,0,0,Hemorrhagic_Septicemia,Critical,1
Cow,84,Female,7,1,1,1,0,101,Untreated,15.3551,80.8644,30.3,0.5,27.0,95.6,28.4,Post-Monsoon,4,6,2,0,1,0,1,0,0,1,0,1,0,0,Mastitis,Moderate,0
Cow,59,Female,31,1,0,1,1,275,Dewormed,26.2855,81.8113,1.6,10.3,26.2,85.0,42.9,Monsoon,3,1,1,1,0,1,0,0,0,0,1,0,0,0,Hemorrhagic_Septicemia,Critical,1
Cow,95,Female,5,1,0,1,1,285,Dewormed,24.5797,81.7462,0.9,3.4,29.8,88.0,35.0,Monsoon,5,1,4,0,1,1,0,0,0,0,1,0,0,0,Hemorrhagic_Septicemia,Critical,1
Cow,100,Female,12,0,0,1,1,357,Dewormed,16.9947,75.6187,3.4,13.9,23.8,70.3,26.8,Winter,2,1,1,0,1,0,0,0,0,1,0,1,0,0,Mastitis,Moderate,0
Cow,87,Female,7,0,1,1,0,255,Dewormed,23.5433,78.0274,24.0,13.4,38.2,60.4,14.3,Post-Monsoon,2,1,3,0,1,1,0,1,0,0,0,0,0,0,FMD,High,1
Buffalo,115,Female,3,0,0,1,0,362,Untreated,16.645,80.9045,11.7,0.4,32.7,58.3,26.8,Monsoon,2,1,1,1,1,0,0,1,1,0,0,0,0,0,Black_Quarter,High,1
Cow,76,Female,17,0,1,0,1,347,Untreated,22.9648,80.7646,48.6,9.3,26.6,80.9,23.9,Post-Monsoon,3,4,4,0,1,0,0,0,1,0,0,0,0,0,Lumpy_Skin_Disease,High,1
Buffalo,62,Female,4,1,1,1,0,54,Untreated,27.4474,76.3352,3.6,11.6,30.9,67.3,27.2,Monsoon,2,1,1,1,1,0,0,0,1,0,0,0,0,0,Black_Quarter,High,1
Cow,102,Female,8,1,1,0,0,248,Antibiotics,17.2476,78.7532,3.5,9.3,40.6,55.6,41.6,Monsoon,3,6,2,2,1,0,0,1,0,0,0,0,0,0,Black_Quarter,High,1
Buffalo,80,Male,3,0,0,1,1,163,Untreated,26.9859,83.9889,44.6,13.3,27.9,83.3,19.7,Post-Monsoon,1,6,2,0,1,0,0,0,0,0,0,0,0,0,Lumpy_Skin_Disease,Moderate,0
Cow,46,Female,6,0,1,1,1,228,Antibiotics,15.6353,80.1634,32.3,9.1,30.0,68.5,10.0,Monsoon,3,4,4,0,1,1,1,1,0,0,0,0,0,0,FMD,High,1
Buffalo,78,Female,20,0,1,1,1,180,Dewormed,16.0513,75.0573,23.8,13.4,14.9,63.6,6.9,Summer,6,2,4,0,1,1,1,1,0,0,0,0,0,0,FMD,High,1
Buffalo,110,Female,8,1,1,0,0,266,Antibiotics,15.5837,74.2806,0.5,10.5,25.0,72.7,23.1,Monsoon,2,4,1,0,1,0,0,0,0,1,0,1,0,0,Mastitis,Moderate,0
Cow,85,Female,1,1,0,1,1,203,Supportive Care,27.2215,79.1678,48.5,8.5,26.3,82.5,9.6,Summer,3,4,1,0,1,0,0,0,0,1,0,1,0,0,Mastitis,Moderate,0
Cow,109,Female,14,0,1,0,1,132,Supportive Care,24.1399,84.5321,8.0,13.0,30.3,65.6,26.7,Post-Monsoon,3,6,2,0,1,0,0,0,0,0,0,0,0,0,Lumpy_Skin_Disease,Moderate,0
Cow,98,Female,27,1,1,0,0,112,Untreated,26.4739,83.1743,12.9,12.1,31.3,81.1,7.3,Winter,4,3,1,0,0,0,0,0,0,1,0,1,1,0,Mastitis,Moderate,0
Buffalo,21,Female,10,1,1,1,0,159,Dewormed,27.2726,82.8863,39.2,13.0,36.5,78.1,39.8,Post-Monsoon,2,5,1,0,1,1,0,1,0,0,0,0,0,0,Black_Quarter,Moderate,0
Buffalo,101,Female,1,0,1,1,1,243,Antibiotics,26.7885,81.5944,14.5,2.1,34.5,67.3,35.9,Post-Monsoon,4,2,1,1,1,0,0,0,0,0,1,0,0,1,Anthrax,Critical,1
Cow,78,Female,7,1,1,1,1,248,Untreated,27.6403,74.7716,45.5,10.0,29.2,35.9,7.4,Summer,0,0,0,0,0,0,0,0,0,0,0,0,0,0,Healthy,Low,0
Buffalo,117,Female,8,1,1,0,0,31,Untreated,22.6925,75.6113,11.4,9.1,27.0,79.2,8.4,Post-Monsoon,3,5,4,0,1,0,0,0,1,0,0,0,1,0,Lumpy_Skin_Disease,High,1
Buffalo,85,Male,3,0,0,1,0,249,Dewormed,27.9652,73.7356,21.9,0.5,25.3,76.1,2.4,Summer,1,1,2,0,1,1,0,1,0,0,0,0,1,0,FMD,Moderate,0
Cow,51,Female,20,1,1,0,1,195,Untreated,17.2094,74.2587,22.8,2.0,30.9,91.9,5.8,Post-Monsoon,1,3,2,0,1,0,0,0,1,0,0,0,0,0,Lumpy_Skin_Disease,Moderate,0
Buffalo,82,Female,12,1,1,1,0,162,Supportive Care,18.6183,81.3948,35.4,10.5,18.1,100.0,23.5,Summer,2,6,3,0,1,0,1,0,0,1,0,1,0,0,Mastitis,Moderate,0
Buffalo,59,Female,3,1,1,1,1,359,Supportive Care,23.4001,73.5373,87.3,14.6,26.4,69.0,4.7,Post-Monsoon,1,0,0,0,0,0,0,0,0,0,0,0,0,0,Healthy,Low,0
Buffalo,41,Female,13,0,1,0,1,34,Untreated,18.6745,80.0678,7.6,6.1,19.3,47.0,5.4,Winter,0,4,3,0,1,1,1,1,0,0,0,0,0,0,FMD,High,1
Cow,50,Female,6,1,1,1,1,53,Antibiotics,16.7629,73.4646,12.6,5.7,34.9,80.1,30.4,Post-Monsoon,6,6,2,2,1,0,0,0,0,0,1,0,0,1,Anthrax,Critical,1
Buffalo,67,Female,34,0,0,1,1,60,Supportive Care,27.7363,81.3383,30.3,6.2,26.9,77.2,1.7,Winter,2,5,3,0,1,1,1,1,0,0,0,0,0,0,FMD,High,1
Buffalo,42,Female,1,0,1,1,1,263,Supportive Care,16.7166,84.7007,13.0,8.0,25.1,82.2,7.7,Monsoon,0,0,0,0,0,0,0,0,0,0,0,0,0,0,Healthy,Low,0
Cow,7,Female,10,0,1,1,1,108,Antibiotics,20.0869,79.1104,5.9,8.1,30.6,39.7,4.4,Winter,3,2,1,0,1,1,1,1,0,0,0,0,0,0,FMD,Moderate,0
Cow,56,Female,9,1,0,1,1,228,Antibiotics,24.3555,78.7551,26.4,0.5,28.4,78.2,44.4,Monsoon,3,3,2,2,1,1,0,0,0,0,1,0,0,0,Hemorrhagic_Septicemia,Critical,1
Cow,32,Female,9,1,1,0,1,313,Supportive Care,24.0704,75.637,97.9,4.8,24.6,53.0,11.6,Post-Monsoon,0,0,0,0,0,0,0,0,0,0,0,1,0,0,Healthy,Low,0
Buffalo,95,Male,28,1,1,1,0,243,Untreated,22.1924,81.3464,14.2,8.6,27.5,60.1,10.3,Summer,5,6,1,0,1,1,1,1,0,0,0,1,0,0,FMD,Moderate,0
Cow,10,Female,7,1,1,1,0,204,Antibiotics,20.6526,79.3943,1.0,12.5,30.6,72.1,21.5,Post-Monsoon,2,2,1,0,1,0,0,1,0,0,0,0,0,0,Black_Quarter,Moderate,0
Buffalo,62,Female,1,0,1,1,0,165,Dewormed,18.7607,77.1477,39.4,3.8,15.1,69.5,10.6,Post-Monsoon,3,3,1,0,1,1,1,1,0,0,0,0,0,0,FMD,Moderate,0
Cow,18,Female,9,0,0,1,1,79,Untreated,20.0111,81.2133,9.9,14.8,27.9,86.0,37.7,Monsoon,5,6,4,2,1,1,0,0,0,0,1,0,0,0,Hemorrhagic_Septicemia,Critical,1
Cow,46,Female,3,0,1,1,1,73,Dewormed,25.5761,84.1503,10.4,0.3,18.3,45.4,3.4,Summer,1,1,1,0,0,1,0,1,0,0,0,0,0,0,FMD,Moderate,0
Cow,79,Female,3,0,1,1,1,202,Dewormed,20.6529,75.2343,19.5,14.9,29.2,49.2,10.4,Post-Monsoon,2,5,1,0,0,1,1,1,0,0,0,0,0,0,FMD,Moderate,0
Cow,60,Female,12,1,0,0,1,135,Supportive Care,23.7876,80.7856,40.2,9.3,32.6,81.9,25.4,Winter,5,2,1,0,1,0,0,1,0,1,0,1,0,0,Mastitis,Moderate,0
Cow,16,Female,10,0,1,1,0,60,Antibiotics,25.7449,75.9646,28.1,14.4,32.7,43.2,1.9,Summer,2,0,0,0,0,0,0,0,0,0,0,0,0,0,Healthy,Low,0
Buffalo,22,Male,3,1,0,1,1,85,Dewormed,19.4194,76.4581,5.7,5.5,22.2,87.6,79.4,Monsoon,5,3,2,1,1,1,0,0,0,0,1,0,0,0,Hemorrhagic_Septicemia,Critical,1
Buffalo,27,Male,4,1,1,1,1,74,Antibiotics,21.1203,75.2468,56.9,12.9,26.0,45.5,11.4,Summer,0,0,0,0,0,0,0,0,0,0,0,0,0,0,Healthy,Low,0
Cow,14,Female,12,1,1,1,1,219,Supportive Care,24.3593,83.6861,49.5,7.6,27.8,66.1,29.7,Summer,5,6,3,0,1,0,0,0,0,1,0,0,0,0,Mastitis,Moderate,0
Buffalo,76,Female,18,1,1,1,1,165,Untreated,18.0143,82.7768,11.5,14.0,18.0,68.8,38.3,Summer,2,4,4,0,1,0,0,0,0,1,0,1,0,0,Mastitis,Moderate,0
Buffalo,65,Female,3,1,0,1,1,142,Supportive Care,24.0673,77.6723,31.8,9.1,30.6,74.0,45.7,Monsoon,2,6,2,1,1,0,0,1,0,0,0,0,0,0,Black_Quarter,High,1
Cow,87,Female,51,0,1,0,1,31,Antibiotics,19.246,75.1969,40.6,13.6,19.8,51.0,2.5,Monsoon,4,4,3,0,1,1,1,1,0,0,0,1,0,0,FMD,High,1
Buffalo,87,Female,11,0,1,0,0,332,Dewormed,18.8604,81.7222,19.2,10.8,32.5,86.4,75.0,Monsoon,3,4,1,2,1,1,0,1,0,0,1,0,0,0,Hemorrhagic_Septicemia,Critical,1
Cow,85,Female,11,1,0,0,0,89,Antibiotics,16.3765,84.7185,49.8,11.2,27.4,78.3,48.6,Monsoon,3,4,2,1,1,0,0,0,0,0,1,0,0,0,Hemorrhagic_Septicemia,Critical,1
Cow,92,Female,2,1,0,1,0,349,Untreated,26.7387,74.5329,10.6,6.2,33.2,78.1,37.1,Monsoon,4,2,1,2,1,0,0,0,0,0,1,0,0,1,Anthrax,Critical,1
Cow,16,Female,5,1,1,1,1,326,Untreated,15.749,77.9741,31.1,9.7,37.8,90.7,25.2,Post-Monsoon,4,6,1,0,1,0,0,0,0,1,0,0,0,0,Mastitis,Moderate,0
Buffalo,17,Male,13,1,0,0,1,54,Antibiotics,17.7923,76.2202,25.8,5.1,25.0,78.3,24.7,Post-Monsoon,2,3,1,0,1,0,0,0,1,0,0,0,0,0,Lumpy_Skin_Disease,Moderate,0
Cow,28,Female,7,1,0,1,1,135,Antibiotics,26.5582,79.3393,31.6,14.2,29.5,78.3,67.4,Monsoon,6,3,1,2,1,1,0,0,1,0,1,0,0,0,Hemorrhagic_Septicemia,Critical,1
Buffalo,91,Male,21,1,0,1,1,113,Dewormed,17.4259,74.5254,29.6,7.6,33.7,98.6,42.7,Monsoon,3,1,4,2,1,1,0,0,0,0,1,0,0,0,Hemorrhagic_Septicemia,Critical,1
Cow,110,Female,14,0,0,1,1,201,Dewormed,20.7289,84.3019,1.9,2.6,31.5,72.7,68.7,Monsoon,2,3,2,1,1,1,1,0,0,1,1,0,0,0,Hemorrhagic_Septicemia,Critical,1
Cow,26,Female,32,1,1,1,1,293,Untreated,23.6782,81.7201,56.2,3.6,29.0,44.7,3.1,Post-Monsoon,1,0,0,0,0,0,0,0,0,0,1,1,0,0,Healthy,Low,0
Buffalo,105,Female,7,0,1,1,1,245,Supportive Care,20.9823,78.0289,30.2,12.2,29.7,21.8,4.4,Post-Monsoon,7,6,1,0,1,1,1,1,0,0,0,0,0,0,FMD,Moderate,0
Buffalo,24,Female,10,1,0,0,1,194,Supportive Care,18.0247,80.0105,7.6,12.5,33.5,73.7,28.1,Post-Monsoon,1,3,4,0,1,1,0,0,1,0,0,0,0,0,Lumpy_Skin_Disease,High,1
Buffalo,20,Female,7,1,0,1,1,105,Antibiotics,20.0508,84.4075,18.9,2.6,31.5,84.3,37.1,Monsoon,2,2,1,1,1,1,0,0,0,0,0,0,0,0,Hemorrhagic_Septicemia,Critical,1
Cow,82,Female,55,1,0,0,0,194,Antibiotics,15.6802,84.3758,28.8,7.2,31.9,67.8,31.7,Monsoon,5,3,1,1,1,0,0,1,0,0,0,0,0,0,Black_Quarter,High,1
Buffalo,73,Female,3,1,0,0,0,33,Antibiotics,25.8455,79.2688,45.2,2.2,29.3,87.1,16.7,Post-Monsoon,3,3,2,0,1,0,0,0,1,0,0,0,0,0,Lumpy_Skin_Disease,Moderate,0
Cow,28,Female,2,1,1,1,1,358,Antibiotics,16.0424,84.3444,4.3,14.5,30.6,74.0,38.7,Post-Monsoon,7,6,1,0,1,0,0,1,0,1,0,1,0,0,Mastitis,Moderate,0
Cow,100,Female,1,1,1,1,1,286,Dewormed,26.046,82.5834,25.4,4.7,27.8,80.1,17.6,Post-Monsoon,3,4,1,0,1,0,0,0,0,0,1,0,0,1,Anthrax,Critical,1
Cow,93,Female,12,0,1,0,1,266,Dewormed,16.7389,75.4964,44.3,13.1,47.1,62.7,0.5,Post-Monsoon,0,4,2,0,0,1,1,1,0,0,0,0,0,0,FMD,Moderate,0
Cow,113,Female,8,1,0,1,1,70,Untreated,19.5917,82.0831,39.1,0.3,25.4,66.8,30.4,Post-Monsoon,1,5,2,0,1,0,0,0,0,1,0,1,0,0,Mastitis,Moderate,0
Buffalo,82,Female,5,0,1,1,1,49,Untreated,20.8058,83.9446,45.1,6.3,25.6,25.4,9.3,Post-Monsoon,2,6,3,0,1,1,1,1,0,0,0,0,0,0,FMD,High,1
Cow,36,Female,2,1,1,0,0,157,Dewormed,19.2173,77.1701,43.6,2.0,37.3,74.6,20.4,Post-Monsoon,1,2,1,0,0,0,0,0,1,0,0,0,0,0,Lumpy_Skin_Disease,Moderate,0
Cow,75,Female,14,1,1,1,0,37,Untreated,27.0117,74.2193,11.4,11.5,27.3,73.3,26.9,Post-Monsoon,2,4,2,2,1,0,0,1,0,0,0,0,0,0,Black_Quarter,High,1
Buffalo,39,Female,14,1,0,1,1,56,Antibiotics,20.5396,79.3574,13.0,14.7,30.4,64.3,12.0,Post-Monsoon,4,6,1,0,0,0,0,0,0,1,0,1,0,0,Mastitis,Moderate,0
Buffalo,36,Female,10,1,1,0,0,53,Untreated,25.0345,84.1201,49.3,11.2,36.1,88.8,12.4,Post-Monsoon,3,5,4,0,1,0,0,0,1,0,0,0,1,0,Lumpy_Skin_Disease,High,1
Cow,82,Female,1,0,0,1,1,213,Dewormed,20.5054,79.2338,8.5,1.7,30.8,69.5,45.6,Post-Monsoon,4,1,1,1,1,0,0,0,0,0,1,0,0,1,Anthrax,Critical,1
Cow,17,Female,1,1,1,1,1,317,Supportive Care,23.0177,80.0077,7.2,7.9,24.3,96.8,31.5,Summer,1,6,1,0,1,0,0,0,0,1,0,1,0,0,Mastitis,Moderate,0
Buffalo,71,Female,3,1,1,0,1,32,Untreated,27.6321,73.1665,36.7,13.4,34.2,80.7,14.4,Post-Monsoon,2,4,1,0,1,0,0,0,1,0,0,0,0,0,Lumpy_Skin_Disease,Moderate,0
Buffalo,92,Female,3,0,1,1,1,145,Antibiotics,23.5008,78.1191,48.7,1.7,30.9,76.1,10.3,Post-Monsoon,2,4,2,0,1,0,0,0,0,1,0,1,0,0,Mastitis,Moderate,0
Cow,26,Female,15,0,1,1,1,234,Antibiotics,22.1203,80.2799,23.9,13.7,27.3,81.2,11.4,Winter,3,6,2,0,1,0,0,0,0,1,0,1,0,0,Mastitis,Moderate,0
Buffalo,30,Female,2,1,0,1,1,113,Supportive Care,15.3462,83.0737,9.3,10.1,30.4,88.9,32.9,Monsoon,3,6,1,0,1,1,0,0,0,0,1,0,0,0,Hemorrhagic_Septicemia,Critical,1
Cow,95,Female,1,0,0,1,1,349,Supportive Care,27.7398,74.8419,46.4,7.9,20.1,59.7,12.4,Monsoon,5,3,1,0,1,1,1,1,0,0,0,0,0,0,FMD,Moderate,0
Buffalo,111,Male,7,1,0,1,0,149,Untreated,15.6945,74.4383,23.8,10.1,32.6,58.4,24.8,Monsoon,3,6,3,0,1,0,0,1,0,0,0,0,0,0,Black_Quarter,High,1
Buffalo,43,Male,21,1,0,0,0,174,Supportive Care,16.1862,77.9346,17.9,8.1,27.8,57.5,17.2,Monsoon,3,3,1,0,0,0,0,0,0,1,0,1,0,0,Mastitis,Moderate,0
Cow,115,Female,13,0,0,0,1,236,Supportive Care,24.1181,83.4248,5.5,3.7,23.6,85.3,17.0,Post-Monsoon,0,5,1,0,1,0,0,0,0,1,1,0,0,1,Lumpy_Skin_Disease,Moderate,0
Cow,97,Female,9,0,0,1,0,246,Antibiotics,27.9018,73.3557,33.2,6.3,28.9,96.9,45.8,Monsoon,0,4,1,2,1,1,0,0,1,0,1,0,0,0,Hemorrhagic_Septicemia,Critical,1
Buffalo,49,Male,5,0,1,0,1,219,Dewormed,19.7215,75.9891,28.9,13.2,13.2,67.6,13.0,Post-Monsoon,3,6,3,0,1,1,1,1,0,1,0,0,0,0,FMD,High,1
Cow,46,Female,6,1,0,0,0,251,Untreated,18.6815,79.8502,3.4,14.4,32.3,87.3,13.4,Post-Monsoon,1,4,3,0,1,0,0,0,1,0,0,0,0,0,Lumpy_Skin_Disease,High,1
Cow,17,Female,1,1,1,1,0,332,Supportive Care,19.1629,82.4121,3.1,11.4,36.0,56.3,11.7,Post-Monsoon,4,5,1,1,1,0,1,1,0,0,0,0,0,0,Black_Quarter,High,1
Buffalo,119,Female,4,1,1,0,1,311,Untreated,23.9701,82.3883,8.8,12.2,37.3,94.5,20.8,Post-Monsoon,0,3,1,0,1,0,0,0,1,0,0,0,0,0,Lumpy_Skin_Disease,Moderate,0
Cow,77,Female,9,1,1,1,1,344,Supportive Care,23.8397,77.3509,71.5,1.8,20.4,58.8,13.4,Post-Monsoon,0,0,0,0,0,1,0,0,0,0,0,0,0,0,Healthy,Low,0
Cow,44,Female,2,1,1,0,1,227,Dewormed,21.5214,74.9874,17.0,4.1,31.3,68.6,22.3,Post-Monsoon,3,6,1,0,1,0,0,0,1,0,0,0,0,0,Lumpy_Skin_Disease,Moderate,0
Buffalo,89,Female,2,0,0,0,1,210,Dewormed,26.4579,73.4716,32.6,7.2,25.5,84.1,45.1,Monsoon,2,1,1,2,1,1,0,0,0,0,1,0,0,0,Hemorrhagic_Septicemia,Critical,1
Buffalo,61,Female,13,1,0,0,0,303,Untreated,26.7194,74.3794,18.8,5.5,31.9,74.3,42.8,Monsoon,1,5,2,2,1,0,0,0,0,0,0,0,0,0,Black_Quarter,High,1
Cow,70,Female,7,1,1,0,1,130,Dewormed,18.3855,75.4528,18.1,1.2,30.6,79.1,23.9,Monsoon,6,1,4,0,1,0,0,1,0,0,0,0,0,0,Black_Quarter,High,1
Cow,86,Female,13,1,1,0,1,222,Supportive Care,17.004,76.4498,30.9,2.9,24.8,87.8,18.5,Post-Monsoon,4,6,2,0,1,0,0,0,1,0,0,0,0,0,Lumpy_Skin_Disease,Moderate,0
Buffalo,61,Female,9,1,0,0,1,78,Supportive Care,20.0035,84.9951,20.6,8.2,23.1,77.1,22.6,Monsoon,1,3,3,0,1,0,0,0,0,1,0,0,0,0,Mastitis,Moderate,0
Buffalo,6,Male,11,1,1,1,1,271,Supportive Care,27.9707,74.7636,37.0,2.2,30.0,86.6,50.6,Monsoon,4,3,4,2,1,1,0,0,0,0,1,0,0,0,Hemorrhagic_Septicemia,Critical,1
Buffalo,65,Male,2,0,0,1,1,144,Untreated,26.0967,83.8071,19.7,2.7,22.9,60.7,3.5,Summer,3,5,1,0,1,1,1,1,0,0,0,0,0,0,FMD,Moderate,0
Cow,94,Female,11,0,0,1,1,174,Antibiotics,20.9477,80.6846,36.3,3.5,20.5,47.0,0.8,Summer,2,5,3,0,1,1,1,1,0,0,0,0,0,0,FMD,High,1
Buffalo,14,Female,24,0,1,0,1,312,Untreated,18.7818,73.8969,12.5,14.4,26.1,86.1,28.8,Post-Monsoon,2,1,1,0,0,0,0,0,0,0,0,0,1,0,Lumpy_Skin_Disease,Moderate,0
Buffalo,37,Male,5,1,0,1,1,340,Untreated,24.919,83.663,17.1,2.6,27.9,56.7,14.7,Post-Monsoon,5,1,2,0,1,0,0,0,0,1,0,1,0,0,Mastitis,Moderate,0
Buffalo,56,Male,4,0,0,1,0,312,Antibiotics,21.5114,74.9274,44.4,7.3,20.7,48.9,14.8,Summer,4,5,3,0,1,1,1,1,0,0,0,0,0,0,FMD,High,1
Buffalo,88,Female,10,1,0,0,1,178,Supportive Care,15.8817,75.8708,33.0,0.3,36.1,74.6,11.6,Post-Monsoon,3,1,2,0,1,1,1,0,0,0,0,0,0,0,FMD,Moderate,0
Cow,80,Female,1,1,0,0,1,273,Antibiotics,17.3902,79.1241,55.0,12.4,22.6,41.5,12.5,Summer,2,0,0,0,0,0,0,0,0,0,0,0,0,0,Healthy,Low,0
Cow,116,Female,3,1,1,1,1,257,Antibiotics,19.2493,74.0322,19.1,8.6,26.8,83.7,62.4,Monsoon,4,5,1,2,1,1,0,0,0,0,1,0,0,0,Hemorrhagic_Septicemia,Critical,1
Buffalo,68,Female,6,1,0,0,1,344,Untreated,23.7453,74.6413,1.6,13.0,30.8,96.0,62.9,Monsoon,2,1,2,1,1,1,0,0,0,0,1,0,0,0,Hemorrhagic_Septicemia,Critical,1
Buffalo,115,Female,4,0,1,1,1,184,Supportive Care,19.0269,76.7483,37.9,6.2,18.7,66.3,11.5,Monsoon,1,2,3,0,0,1,1,1,0,0,0,1,0,0,FMD,High,1
Buffalo,94,Female,9,1,1,1,0,71,Supportive Care,19.0356,75.247,6.3,0.8,27.7,80.9,28.0,Post-Monsoon,2,5,1,2,1,0,0,1,0,0,0,0,0,0,Black_Quarter,High,1
Buffalo,25,Male,3,1,0,1,1,239,Untreated,15.6455,83.1894,4.1,11.2,29.1,97.5,31.8,Monsoon,2,6,2,2,1,0,0,0,0,0,1,0,0,0,Hemorrhagic_Septicemia,Critical,1
Buffalo,11,Female,15,1,0,1,1,46,Supportive Care,20.3916,76.6387,30.8,3.3,30.4,90.1,76.2,Monsoon,3,3,2,0,1,1,0,0,0,0,1,0,0,0,Hemorrhagic_Septicemia,Critical,1
Cow,103,Female,2,0,1,0,1,190,Antibiotics,18.3115,73.1365,31.8,6.8,29.4,73.6,9.5,Post-Monsoon,1,3,1,0,1,0,0,0,0,0,0,0,0,0,Lumpy_Skin_Disease,Moderate,0
Buffalo,56,Male,6,1,1,0,0,138,Untreated,15.256,73.7972,47.9,5.3,30.2,78.3,11.1,Post-Monsoon,6,5,2,0,1,0,0,0,1,0,0,0,0,0,Lumpy_Skin_Disease,Moderate,0
Cow,17,Female,1,1,1,1,0,249,Supportive Care,27.7451,77.1705,41.9,3.9,31.9,90.1,19.3,Post-Monsoon,1,6,1,0,1,0,0,0,1,0,0,0,0,0,Lumpy_Skin_Disease,Moderate,0
Cow,56,Female,2,0,1,1,1,359,Dewormed,19.9895,75.9732,31.3,12.0,23.2,55.6,11.6,Monsoon,1,3,1,0,1,1,1,1,0,0,0,0,0,0,FMD,Moderate,0
Cow,35,Female,36,1,0,1,1,358,Antibiotics,20.9202,83.6843,28.2,13.9,31.6,85.2,28.4,Post-Monsoon,3,3,3,0,1,0,0,0,1,0,0,0,0,0,Lumpy_Skin_Disease,High,1
Buffalo,31,Female,8,0,0,1,0,83,Dewormed,25.2635,78.1536,6.8,1.9,29.8,84.9,44.3,Monsoon,4,3,3,0,1,1,0,0,0,0,1,0,0,0,Hemorrhagic_Septicemia,Critical,1
Buffalo,29,Female,11,1,0,1,1,305,Untreated,26.0376,77.6066,6.4,8.6,35.3,83.2,26.7,Winter,5,5,1,0,1,0,1,0,0,1,0,1,1,0,Mastitis,Moderate,0
Buffalo,85,Female,13,1,1,0,0,238,Supportive Care,27.7586,78.2736,15.1,5.3,25.5,98.4,36.3,Winter,4,5,2,0,1,1,0,0,0,1,0,1,0,0,Mastitis,Moderate,0
Cow,89,Female,8,0,1,1,0,275,Supportive Care,20.5036,76.7144,49.6,14.0,23.6,47.7,13.8,Winter,2,3,4,0,1,1,1,0,0,0,0,0,0,0,FMD,High,1
Buffalo,89,Female,34,0,1,1,1,122,Dewormed,19.6015,76.7197,19.1,9.2,29.4,60.1,24.1,Monsoon,3,3,3,1,1,0,0,0,0,0,0,0,1,1,Anthrax,Critical,1
Buffalo,8,Male,6,0,1,1,1,125,Untreated,25.9827,78.3155,10.4,8.9,30.2,64.9,4.9,Post-Monsoon,4,1,1,0,0,1,1,1,0,0,0,0,1,0,FMD,Moderate,0
Buffalo,33,Female,16,1,1,1,1,341,Dewormed,15.6523,78.7912,45.7,11.9,31.2,64.9,24.1,Post-Monsoon,1,3,3,1,1,0,0,0,0,0,1,0,0,1,Anthrax,Critical,1
Cow,81,Female,14,1,0,1,1,293,Supportive Care,22.6582,84.6337,36.8,4.3,19.6,48.9,12.2,Winter,0,0,0,0,0,0,0,0,0,0,0,0,0,0,Healthy,Low,0
Buffalo,74,Female,44,0,1,0,0,151,Untreated,20.9883,74.9296,20.5,0.3,31.0,94.0,27.6,Summer,4,5,2,0,1,0,0,0,0,1,0,1,0,0,Mastitis,Moderate,0
Buffalo,41,Female,5,0,1,0,1,299,Supportive Care,26.1592,73.2279,47.0,14.7,29.7,84.2,26.3,Post-Monsoon,2,1,3,0,1,0,0,0,1,0,0,0,0,0,Lumpy_Skin_Disease,High,1
Cow,104,Female,10,1,1,1,0,172,Dewormed,18.9957,76.1593,30.2,3.1,35.2,64.9,48.3,Monsoon,5,3,4,2,1,0,0,1,0,1,0,0,0,0,Black_Quarter,High,1
Cow,18,Female,10,1,0,1,1,58,Untreated,19.2004,78.5354,27.4,2.2,36.4,75.5,50.4,Monsoon,3,2,3,0,0,1,0,1,0,0,1,0,0,0,Hemorrhagic_Septicemia,Critical,1
Cow,10,Female,2,0,1,1,0,328,Supportive Care,24.2446,80.2368,35.9,13.6,30.1,70.1,14.3,Monsoon,1,4,1,0,1,1,1,1,0,1,0,0,0,0,FMD,Moderate,0
Cow,88,Female,5,1,1,1,1,347,Dewormed,18.5293,77.906,75.3,1.6,23.1,54.7,3.4,Monsoon,1,0,0,0,0,0,0,0,0,0,0,0,0,0,Healthy,Low,0
Cow,71,Female,10,1,1,0,1,183,Untreated,24.9401,76.7456,15.0,0.1,31.6,44.6,10.0,Monsoon,2,1,1,1,1,0,0,0,0,0,1,0,0,0,Anthrax,Critical,1
Cow,33,Female,4,1,1,1,0,258,Supportive Care,26.6212,74.7898,33.3,9.2,33.2,87.1,14.6,Post-Monsoon,2,5,1,1,1,0,1,1,0,0,0,0,0,0,Black_Quarter,High,1
Cow,42,Female,14,1,1,1,1,266,Dewormed,18.6138,80.8915,41.2,11.9,31.7,96.7,24.2,Post-Monsoon,2,2,4,0,1,0,0,0,1,0,0,1,0,0,Lumpy_Skin_Disease,High,1
Cow,63,Female,46,1,0,1,1,119,Untreated,16.8644,83.7786,37.8,5.5,30.7,86.5,57.5,Monsoon,2,6,1,1,1,1,0,0,0,0,1,0,0,0,Hemorrhagic_Septicemia,Critical,1
Buffalo,106,Female,6,1,0,1,1,342,Dewormed,18.0558,76.9965,31.5,2.1,29.6,86.3,75.8,Monsoon,3,6,1,0,1,1,0,0,0,0,1,0,0,0,Hemorrhagic_Septicemia,Critical,1
Cow,110,Female,2,0,0,1,1,130,Untreated,17.9819,79.255,20.0,5.9,26.4,62.4,4.7,Summer,0,0,0,0,0,0,0,0,0,0,0,0,0,0,Healthy,Low,0
Buffalo,119,Male,7,0,1,1,0,158,Antibiotics,22.4791,74.6206,27.6,2.8,27.5,42.0,10.9,Post-Monsoon,4,3,4,0,1,1,1,1,0,0,0,0,0,0,FMD,High,1
Cow,76,Female,6,1,1,0,1,222,Supportive Care,25.468,79.1098,14.1,14.3,35.3,69.9,6.9,Post-Monsoon,6,5,2,0,0,0,0,0,1,0,0,0,0,0,Lumpy_Skin_Disease,Moderate,0
Cow,54,Female,1,0,1,1,1,308,Untreated,27.3353,78.4033,46.5,13.2,23.5,91.6,36.7,Monsoon,2,3,1,0,1,0,0,0,0,1,0,1,0,0,Mastitis,Moderate,0
Buffalo,7,Male,12,1,1,1,1,267,Antibiotics,23.8053,75.6214,18.9,1.7,21.4,88.0,39.4,Summer,4,2,4,0,1,0,0,0,0,1,0,1,0,0,Mastitis,Moderate,0
Buffalo,48,Female,30,0,1,0,0,158,Untreated,27.1814,78.1358,34.7,9.1,32.2,84.0,10.6,Summer,2,3,2,0,1,0,0,0,0,1,0,1,0,0,Mastitis,Moderate,0
Buffalo,44,Male,10,0,1,0,0,86,Untreated,22.1778,84.4303,25.6,6.8,25.3,91.2,9.6,Winter,1,5,3,0,1,0,0,0,0,1,0,1,0,0,Mastitis,Moderate,0
Cow,65,Female,5,1,0,0,1,102,Dewormed,19.8301,77.9228,16.2,6.6,26.6,90.9,57.5,Monsoon,5,1,4,2,1,1,0,0,1,0,1,0,0,0,Hemorrhagic_Septicemia,Critical,1
Cow,78,Female,14,0,1,1,1,351,Antibiotics,17.5836,84.0598,33.3,14.9,24.1,57.8,6.3,Post-Monsoon,5,4,4,0,1,1,1,1,0,1,0,0,0,0,FMD,High,1
Buffalo,27,Female,4,1,1,1,1,352,Untreated,24.0123,82.9104,40.5,11.8,33.0,61.3,45.6,Post-Monsoon,4,6,1,0,0,0,0,0,0,0,1,0,0,1,Anthrax,Critical,1
Buffalo,57,Male,12,1,1,1,1,310,Untreated,25.6343,73.5869,4.8,0.4,27.8,78.2,18.5,Post-Monsoon,4,4,2,0,1,0,0,0,1,1,0,1,0,0,Mastitis,Moderate,0
Buffalo,112,Male,2,0,1,1,1,154,Antibiotics,26.9625,77.2181,2.5,6.3,16.0,59.7,0.1,Post-Monsoon,4,5,1,0,1,1,1,1,0,0,0,0,0,0,FMD,Moderate,0
Buffalo,10,Female,7,1,0,1,0,352,Antibiotics,21.6423,73.2562,6.9,12.2,35.4,87.7,15.1,Summer,2,2,3,0,1,0,0,0,0,1,0,1,0,0,Mastitis,Moderate,0
Buffalo,115,Female,5,1,1,1,1,222,Supportive Care,20.4406,75.6105,15.9,8.9,22.7,85.9,19.3,Summer,8,6,4,0,1,0,0,0,0,1,0,1,0,0,Mastitis,Moderate,0
Cow,10,Female,10,1,1,0,1,135,Antibiotics,17.5006,81.1798,5.1,13.0,23.1,64.0,28.0,Post-Monsoon,1,6,3,0,1,0,1,1,0,0,0,0,0,0,Lumpy_Skin_Disease,High,1
Buffalo,65,Female,8,1,1,0,1,248,Untreated,24.2243,76.6386,18.4,4.7,30.1,29.5,13.9,Summer,3,0,0,0,0,0,0,0,0,0,0,0,0,0,Healthy,Low,0
Cow,48,Female,1,0,0,1,1,228,Supportive Care,19.1716,79.1462,37.3,6.0,24.7,54.6,3.4,Monsoon,3,2,1,0,1,1,1,1,0,0,0,0,0,0,FMD,Moderate,0
Buffalo,35,Male,3,1,1,0,1,308,Supportive Care,17.585,75.9913,30.2,0.9,33.1,77.6,13.2,Post-Monsoon,0,0,0,0,0,0,0,0,1,0,0,0,0,0,Healthy,Low,0
Cow,41,Female,5,0,0,0,0,999,Supportive Care,17.6302,74.2318,26.3,14.8,25.6,71.1,10.2,Summer,0,2,1,0,1,1,1,1,0,0,0,0,0,0,FMD,Moderate,0
Buffalo,44,Female,13,1,1,1,0,70,Untreated,21.2907,74.268,25.3,12.3,30.1,78.2,25.3,Post-Monsoon,2,5,2,0,0,0,0,1,0,0,0,0,0,0,Black_Quarter,Moderate,0
Buffalo,110,Female,6,1,1,1,0,105,Supportive Care,25.2614,75.0703,31.6,2.8,32.9,69.2,18.7,Post-Monsoon,3,4,1,2,1,0,0,1,0,0,0,0,0,0,Black_Quarter,High,1
Buffalo,89,Male,11,1,0,1,0,89,Antibiotics,22.859,78.5972,90.7,4.8,18.8,71.8,0.9,Winter,0,0,0,0,0,0,0,0,0,0,0,0,0,0,Healthy,Low,0
Cow,17,Female,10,1,0,0,1,272,Antibiotics,21.2667,83.5759,36.9,4.8,32.4,72.8,29.3,Post-Monsoon,3,3,4,0,1,0,0,0,1,0,0,0,0,0,Lumpy_Skin_Disease,High,1
Buffalo,37,Female,2,1,0,0,0,141,Supportive Care,21.2172,77.8923,48.4,2.8,29.5,70.0,37.4,Summer,3,5,1,0,1,0,0,0,0,0,0,1,0,0,Mastitis,Moderate,0
Buffalo,58,Female,5,1,1,0,1,264,Dewormed,15.398,78.3598,9.5,2.2,17.8,85.0,10.9,Winter,1,6,2,0,1,0,0,0,0,0,0,1,0,0,Mastitis,Moderate,0
Cow,51,Female,1,1,1,1,1,248,Untreated,15.1666,82.8457,9.3,7.0,23.0,81.0,8.1,Monsoon,4,4,1,0,0,0,0,0,0,1,0,1,0,0,Mastitis,Moderate,0
Buffalo,70,Male,15,1,1,1,1,317,Antibiotics,23.6182,82.783,33.7,14.8,35.8,80.3,17.0,Post-Monsoon,5,3,4,0,1,0,0,0,1,0,0,0,0,0,Lumpy_Skin_Disease,High,1
Buffalo,69,Female,10,1,1,0,1,263,Dewormed,24.0866,74.2383,33.9,12.3,32.1,29.5,10.6,Monsoon,0,0,0,0,0,0,0,0,0,0,0,0,0,0,Healthy,Low,0
Buffalo,41,Female,4,0,1,1,1,167,Untreated,15.4964,80.0625,87.8,0.5,26.2,30.7,8.0,Monsoon,0,0,0,0,0,0,0,0,0,0,0,0,0,0,Healthy,Low,0
Cow,25,Female,2,0,0,1,1,297,Dewormed,23.8677,82.7379,32.4,12.0,32.9,41.7,2.0,Winter,2,4,1,0,1,1,1,1,0,0,0,0,0,0,FMD,Moderate,0
Buffalo,96,Female,11,0,1,0,1,41,Untreated,19.1302,73.4562,45.7,13.5,23.8,58.6,9.5,Summer,2,2,2,0,1,1,1,1,0,0,0,0,0,0,FMD,Moderate,0
Cow,20,Female,17,1,0,1,0,316,Supportive Care,21.8219,84.4311,55.0,3.9,10.6,71.5,14.3,Monsoon,1,0,0,0,0,0,0,0,0,0,0,0,0,0,Healthy,Low,0
Cow,43,Female,7,0,0,0,0,999,Dewormed,18.054,77.5598,19.3,12.7,18.2,83.5,13.1,Winter,3,1,3,0,1,1,1,1,0,0,0,0,1,0,FMD,High,1
Cow,101,Female,1,1,1,1,0,340,Untreated,19.7959,81.0643,5.0,3.2,31.5,76.8,9.3,Winter,1,2,1,0,1,0,0,1,0,1,0,1,0,0,Mastitis,Moderate,0
Cow,89,Female,6,1,0,1,1,88,Untreated,27.6077,73.1508,18.3,1.2,35.0,60.3,46.5,Post-Monsoon,4,6,1,1,1,0,0,1,0,0,0,0,0,0,Black_Quarter,High,1
Cow,29,Female,2,1,1,0,1,279,Dewormed,26.0479,83.9256,9.4,4.8,31.2,75.9,6.4,Post-Monsoon,4,4,1,0,1,0,0,0,1,0,0,0,0,0,Lumpy_Skin_Disease,Moderate,0
Buffalo,26,Female,4,1,0,1,1,56,Dewormed,26.8392,81.6706,14.4,5.2,19.6,72.6,22.2,Winter,2,3,1,0,1,0,0,0,0,0,0,0,0,0,Mastitis,Moderate,0
Cow,43,Female,24,1,1,1,1,146,Untreated,27.7434,76.3677,15.9,7.8,20.9,67.7,1.5,Post-Monsoon,0,0,0,0,0,0,1,0,0,0,0,0,0,0,Healthy,Low,0
Buffalo,76,Female,13,1,0,1,1,347,Antibiotics,15.3107,82.2233,16.9,5.0,30.5,77.6,39.1,Monsoon,5,6,2,0,1,1,0,0,0,0,1,0,0,0,Hemorrhagic_Septicemia,Critical,1
Buffalo,89,Male,5,1,1,0,1,311,Supportive Care,15.4688,77.7858,41.8,13.7,28.5,71.7,29.8,Post-Monsoon,2,2,2,0,1,0,0,0,1,0,0,0,0,0,Lumpy_Skin_Disease,Moderate,0
Buffalo,79,Female,6,0,1,1,0,275,Untreated,21.1965,81.8993,8.9,8.7,35.1,74.2,40.7,Post-Monsoon,1,3,1,2,1,0,1,1,0,0,0,0,0,0,Black_Quarter,High,1
Cow,114,Female,3,1,1,0,1,118,Untreated,16.1585,73.6896,25.0,4.8,29.0,67.8,10.3,Post-Monsoon,0,3,2,0,1,0,0,0,1,0,0,0,0,0,Lumpy_Skin_Disease,Moderate,0
Cow,38,Female,5,1,0,1,0,362,Supportive Care,24.0454,79.5428,1.4,11.2,23.1,85.0,15.8,Post-Monsoon,3,4,1,0,1,0,0,0,0,0,0,1,0,0,Mastitis,Moderate,0
Buffalo,75,Female,5,0,0,1,1,203,Supportive Care,18.6533,73.1766,53.2,2.0,19.2,47.2,1.1,Monsoon,0,0,0,0,0,0,0,0,0,0,0,0,0,0,Healthy,Low,0
Cow,102,Female,22,1,1,0,1,206,Antibiotics,23.6881,74.8984,31.7,13.7,32.7,63.1,10.5,Monsoon,0,0,0,0,0,0,0,0,0,0,0,0,0,0,Healthy,Low,0
Cow,113,Female,4,0,1,0,1,103,Dewormed,19.7039,83.9237,23.6,9.0,21.3,67.5,3.2,Winter,5,4,1,0,1,1,1,1,0,0,0,0,0,0,FMD,Moderate,0
Buffalo,12,Male,8,1,0,1,1,87,Antibiotics,24.3306,83.6215,28.2,2.3,33.0,34.1,10.1,Monsoon,5,4,3,0,1,0,0,1,1,0,0,0,0,0,FMD,High,1
Buffalo,21,Female,5,0,1,1,0,161,Antibiotics,23.3099,78.1758,20.8,9.0,25.8,62.3,13.5,Post-Monsoon,1,4,2,0,0,0,0,1,0,0,0,0,0,0,Black_Quarter,Moderate,0
Buffalo,83,Female,17,1,0,1,1,267,Antibiotics,18.2831,78.7172,47.7,4.6,22.9,75.3,5.2,Post-Monsoon,0,0,0,0,1,0,0,0,0,0,0,0,0,0,Healthy,Low,0
Cow,81,Female,6,0,1,0,1,36,Antibiotics,26.4795,77.8663,41.8,5.6,30.5,82.8,8.8,Post-Monsoon,2,1,2,0,1,0,0,0,1,0,0,0,0,0,Lumpy_Skin_Disease,Moderate,0
Cow,27,Female,7,0,1,0,1,215,Antibiotics,17.4312,78.0175,42.6,0.1,29.0,61.2,19.3,Post-Monsoon,1,1,4,0,1,0,0,0,1,0,0,0,0,1,Lumpy_Skin_Disease,High,1
Buffalo,65,Female,13,0,1,0,1,55,Untreated,21.2577,83.0047,37.1,5.2,31.8,80.2,23.9,Post-Monsoon,2,3,2,0,1,0,0,0,1,0,0,0,0,0,Lumpy_Skin_Disease,Moderate,0
Buffalo,20,Female,5,1,1,1,0,120,Untreated,20.3438,83.3001,21.9,0.2,33.3,76.6,38.1,Monsoon,2,5,4,0,1,0,0,1,0,0,0,0,0,0,Black_Quarter,High,1
Cow,7,Female,3,1,1,1,0,184,Supportive Care,17.4491,79.8239,48.1,9.6,27.9,90.8,16.5,Monsoon,8,2,1,2,1,0,0,1,0,0,0,0,0,0,Black_Quarter,High,1
Cow,95,Female,4,1,1,1,1,177,Untreated,24.6568,81.3451,40.7,4.7,36.4,77.1,38.0,Post-Monsoon,3,6,1,2,0,0,0,0,0,0,1,0,0,1,Anthrax,Critical,1
Cow,94,Female,8,1,0,0,1,294,Dewormed,19.1434,80.7351,16.2,1.7,32.2,73.9,56.4,Monsoon,5,6,1,2,1,1,0,0,0,0,1,0,0,0,Hemorrhagic_Septicemia,Critical,1
Cow,49,Female,31,1,1,1,1,63,Untreated,22.9367,74.7312,9.2,10.6,19.9,83.8,13.8,Monsoon,1,1,2,0,1,0,0,0,0,1,0,1,0,0,Mastitis,Moderate,0
Cow,43,Female,4,0,0,0,1,336,Supportive Care,25.3042,82.8177,19.6,3.9,27.3,85.8,56.9,Monsoon,7,1,3,2,0,1,0,0,0,0,1,0,0,1,Hemorrhagic_Septicemia,Critical,1
Cow,47,Female,4,1,1,1,1,208,Dewormed,16.5341,80.1657,18.0,11.5,24.6,74.9,11.5,Monsoon,2,0,0,0,1,0,0,0,0,0,0,0,0,0,Healthy,Low,0
Buffalo,71,Female,13,1,1,1,0,275,Dewormed,17.7127,79.6438,46.0,5.0,27.1,70.2,42.6,Post-Monsoon,4,3,1,0,1,0,0,1,0,0,1,0,0,0,Black_Quarter,Moderate,0
Cow,95,Female,52,1,1,0,0,62,Antibiotics,23.1239,81.3,31.1,4.7,27.7,90.2,23.2,Summer,4,5,4,0,1,0,0,0,0,1,0,1,0,0,Mastitis,Moderate,0
Buffalo,30,Female,17,1,1,0,1,90,Dewormed,25.3909,83.4043,41.1,6.8,28.9,79.7,9.5,Post-Monsoon,3,5,3,0,0,0,0,0,1,0,1,0,0,0,Lumpy_Skin_Disease,High,1
Cow,32,Female,3,1,1,0,0,164,Dewormed,25.9993,78.0034,45.8,1.6,29.7,76.2,14.3,Post-Monsoon,5,6,2,0,1,0,0,0,1,0,0,1,0,0,Lumpy_Skin_Disease,Moderate,0
Buffalo,26,Male,9,0,1,1,0,239,Supportive Care,21.3726,77.8666,36.3,11.3,26.0,64.0,39.8,Summer,3,6,2,0,1,0,1,0,0,1,0,1,0,0,Mastitis,Moderate,0
Cow,10,Female,11,1,1,0,1,360,Untreated,21.1901,84.035,53.9,1.0,21.3,55.5,12.0,Post-Monsoon,0,0,0,0,0,0,0,0,0,0,0,1,0,0,Healthy,Low,0
Cow,54,Female,7,1,1,1,0,259,Dewormed,22.7848,83.1437,26.9,8.1,27.0,49.5,6.1,Winter,3,6,4,0,1,0,1,1,0,0,0,0,0,0,FMD,High,1
Cow,15,Female,2,1,0,1,0,271,Dewormed,20.4041,77.5392,28.5,1.3,34.2,68.0,9.2,Summer,6,2,1,0,1,0,0,0,0,0,0,1,0,0,Mastitis,Moderate,0
Cow,63,Female,8,1,1,0,1,239,Antibiotics,20.512,81.1281,26.3,1.8,36.7,83.9,9.5,Post-Monsoon,4,6,3,0,1,0,0,0,1,0,0,0,0,0,Lumpy_Skin_Disease,High,1
Buffalo,106,Female,8,0,0,1,1,170,Antibiotics,17.4784,77.2378,20.0,13.8,38.1,51.4,2.4,Summer,1,1,4,0,1,1,1,1,0,0,0,0,0,0,FMD,High,1
Cow,42,Female,2,0,1,1,1,333,Antibiotics,21.9427,78.9128,48.5,12.3,21.0,63.0,16.5,Summer,5,5,1,0,1,0,0,0,0,1,0,1,0,0,Mastitis,Moderate,0
Cow,58,Female,6,0,1,1,1,247,Antibiotics,16.7756,79.1327,10.2,7.6,35.6,90.0,24.8,Monsoon,1,2,3,0,1,0,0,0,0,1,0,1,0,0,Mastitis,Moderate,0
Buffalo,24,Female,5,1,0,0,1,249,Dewormed,18.179,81.8146,45.4,11.8,32.4,86.6,28.8,Monsoon,3,3,2,0,1,1,0,0,0,0,1,0,1,0,Hemorrhagic_Septicemia,Critical,1
Buffalo,74,Male,37,1,1,0,0,150,Dewormed,21.7941,79.1177,11.2,8.9,25.4,53.1,9.0,Post-Monsoon,4,6,4,0,1,1,1,1,0,0,0,0,0,0,FMD,High,1
Buffalo,32,Female,1,0,1,1,0,87,Untreated,24.122,81.2967,35.6,4.7,19.6,38.1,6.3,Summer,4,1,1,0,1,1,1,1,0,0,0,0,0,0,FMD,Moderate,0
Buffalo,55,Female,11,0,1,1,0,39,Dewormed,25.1916,75.2753,2.3,10.5,35.2,72.0,15.0,Post-Monsoon,4,5,3,1,1,0,0,1,0,0,0,0,0,0,Black_Quarter,High,1
Buffalo,39,Female,8,0,1,1,1,292,Supportive Care,15.5868,74.0002,4.3,8.8,35.1,95.6,13.8,Summer,4,2,3,0,1,1,1,1,0,0,0,0,0,1,FMD,High,1
Buffalo,17,Female,5,1,0,0,0,364,Dewormed,18.1826,80.8514,14.9,9.1,28.6,88.8,64.1,Monsoon,2,1,2,0,1,1,0,0,0,0,1,0,0,0,Hemorrhagic_Septicemia,Critical,1
Buffalo,76,Female,47,1,1,0,1,156,Dewormed,17.5873,80.401,14.3,9.9,36.2,81.4,6.2,Post-Monsoon,5,2,3,0,1,0,0,0,1,0,0,0,0,0,Lumpy_Skin_Disease,High,1
Cow,100,Female,3,1,1,0,1,66,Dewormed,16.2341,79.9215,43.3,4.0,25.2,89.1,18.5,Post-Monsoon,0,1,1,0,1,0,0,0,1,0,0,0,0,0,Lumpy_Skin_Disease,Moderate,0
Buffalo,21,Female,1,1,1,1,0,265,Supportive Care,17.4991,75.5845,13.5,8.7,31.8,82.7,22.0,Post-Monsoon,4,5,1,0,1,0,0,0,1,0,0,0,0,1,Lumpy_Skin_Disease,Moderate,0
Buffalo,72,Male,3,1,1,1,0,292,Antibiotics,22.0848,76.655,34.0,10.7,25.1,83.4,18.9,Summer,3,5,2,0,1,0,0,0,0,1,0,1,0,0,Mastitis,Moderate,0
Cow,85,Female,43,0,1,1,1,256,Dewormed,18.5805,84.4533,9.7,2.6,22.0,74.6,11.9,Monsoon,2,6,1,0,1,1,0,1,0,0,0,0,0,0,FMD,Moderate,0
Buffalo,37,Female,10,1,0,0,1,169,Antibiotics,27.1788,79.9275,5.1,3.4,25.9,85.4,31.9,Monsoon,1,1,1,0,1,1,0,0,0,0,1,0,0,0,Hemorrhagic_Septicemia,Critical,1
Cow,12,Female,12,1,0,1,1,77,Supportive Care,16.6161,75.2053,27.1,10.8,29.8,78.1,22.7,Monsoon,4,1,3,2,1,1,0,0,0,1,1,0,0,1,Hemorrhagic_Septicemia,Critical,1
Cow,43,Female,2,1,1,1,0,124,Untreated,26.8828,79.6162,22.5,0.1,28.3,75.7,9.5,Summer,8,3,1,0,1,0,0,0,0,1,0,1,0,0,Mastitis,Moderate,0
Cow,30,Female,39,0,1,0,1,151,Dewormed,26.5893,82.5102,4.3,10.5,30.4,74.7,28.2,Post-Monsoon,2,4,2,0,1,0,0,0,1,0,0,0,0,0,Lumpy_Skin_Disease,Moderate,0
Cow,37,Female,3,1,1,1,1,56,Dewormed,21.2809,84.3534,36.7,3.2,16.4,59.3,12.8,Monsoon,1,0,0,0,0,0,0,0,0,0,0,0,0,0,Healthy,Low,0
Buffalo,70,Female,15,1,1,1,1,31,Supportive Care,22.344,80.6234,15.6,8.8,23.3,45.2,6.5,Summer,0,0,0,0,0,0,0,0,0,0,0,0,0,0,Healthy,Low,0
Buffalo,76,Male,2,0,0,0,1,184,Untreated,24.7955,76.9518,24.7,13.9,25.8,50.8,11.6,Summer,4,1,1,0,1,1,1,1,0,0,0,0,0,0,FMD,Moderate,0
Cow,37,Female,5,0,0,0,1,81,Supportive Care,25.9658,73.4462,26.5,12.2,30.0,57.7,4.4,Monsoon,3,5,4,0,1,1,1,1,0,0,0,0,0,1,FMD,High,1
Buffalo,38,Female,9,1,1,0,0,125,Antibiotics,19.8485,77.9337,35.6,3.8,33.9,72.0,46.6,Post-Monsoon,0,2,2,0,0,0,0,1,0,0,0,0,0,0,Black_Quarter,Moderate,0
Cow,12,Female,2,1,0,1,1,88,Supportive Care,26.0303,84.2718,3.3,10.5,27.8,55.1,2.6,Monsoon,4,1,1,0,1,1,1,1,0,0,0,0,0,0,FMD,Moderate,0
Cow,64,Female,4,0,0,0,0,999,Untreated,25.95,82.415,49.2,5.6,33.0,68.9,31.0,Post-Monsoon,2,5,2,0,1,0,0,1,0,0,0,0,1,0,Black_Quarter,Moderate,0
Buffalo,77,Male,21,1,1,1,0,336,Untreated,15.8394,84.4411,32.5,6.0,20.0,95.9,22.7,Winter,3,4,4,0,1,0,0,0,0,1,0,1,0,0,Mastitis,Moderate,0
Cow,31,Female,1,0,1,0,1,36,Supportive Care,25.1581,77.6719,38.3,1.9,28.1,89.1,6.4,Post-Monsoon,0,6,1,0,1,0,0,0,1,0,0,0,1,0,Lumpy_Skin_Disease,Moderate,0
Cow,42,Female,6,1,0,1,1,152,Dewormed,15.7825,84.0685,44.5,7.6,28.6,83.9,57.6,Monsoon,3,2,4,1,1,1,0,0,0,0,1,0,0,0,Hemorrhagic_Septicemia,Critical,1
Cow,9,Female,10,1,0,0,0,257,Dewormed,26.1192,81.9432,32.3,14.0,29.6,65.3,13.3,Summer,4,4,2,0,1,1,1,1,0,0,0,0,0,0,FMD,Moderate,0
Buffalo,80,Female,3,0,0,1,1,65,Untreated,25.2705,83.2822,44.6,12.0,26.3,65.5,14.1,Summer,2,4,2,0,1,0,0,1,0,0,0,0,0,0,FMD,Moderate,0
Buffalo,102,Female,12,1,1,1,1,91,Supportive Care,27.7903,73.7948,29.1,14.8,35.1,59.6,33.9,Monsoon,2,5,3,0,1,0,0,0,0,0,0,0,0,1,Anthrax,Critical,1
Buffalo,119,Female,1,1,1,1,1,286,Antibiotics,18.127,75.5886,28.0,13.6,27.7,77.9,42.2,Monsoon,1,6,1,2,1,1,0,0,0,0,1,0,1,0,Hemorrhagic_Septicemia,Critical,1
Buffalo,19,Female,20,0,1,0,1,107,Untreated,25.2365,80.3896,22.7,5.2,23.0,55.9,9.2,Winter,5,5,4,0,1,1,0,1,0,0,0,0,0,0,FMD,High,1
Cow,80,Female,7,1,0,1,0,346,Antibiotics,18.49,78.839,24.0,4.6,36.2,49.0,26.7,Monsoon,4,2,3,1,0,0,0,1,0,0,0,0,0,0,Black_Quarter,High,1
Buffalo,27,Female,2,1,0,0,0,199,Supportive Care,19.6423,73.4238,7.5,4.9,35.0,75.3,20.0,Post-Monsoon,3,1,1,0,1,0,0,0,1,0,0,0,0,0,Lumpy_Skin_Disease,Moderate,0
Buffalo,97,Female,23,1,0,0,1,228,Antibiotics,27.7374,79.5341,14.7,13.7,38.1,77.1,18.0,Post-Monsoon,2,1,2,0,1,0,0,0,1,0,0,0,0,0,Lumpy_Skin_Disease,Moderate,0
Buffalo,33,Male,27,1,0,1,1,206,Dewormed,25.5486,76.106,33.2,1.6,28.4,100.0,41.8,Monsoon,0,5,4,0,1,1,0,0,0,0,1,0,0,0,Hemorrhagic_Septicemia,Critical,1
Buffalo,9,Female,14,1,0,1,0,163,Supportive Care,15.3919,74.3177,22.0,6.5,30.2,83.3,65.8,Monsoon,4,2,3,0,1,1,0,0,0,0,1,0,0,0,Hemorrhagic_Septicemia,Critical,1
Buffalo,23,Male,3,1,1,1,0,235,Untreated,18.3405,82.7943,23.0,9.7,36.7,70.1,13.7,Post-Monsoon,3,3,1,2,1,0,0,1,0,0,0,0,0,0,Black_Quarter,High,1
Buffalo,102,Female,13,1,0,0,1,175,Dewormed,16.2429,76.6361,11.9,3.4,34.8,78.9,20.3,Post-Monsoon,2,3,3,0,1,0,0,0,1,0,0,0,0,0,Lumpy_Skin_Disease,High,1
Buffalo,104,Female,6,1,1,1,0,49,Antibiotics,24.1824,81.4054,23.5,14.3,35.3,78.0,33.5,Monsoon,4,1,2,0,0,0,0,1,0,0,0,0,0,0,Black_Quarter,Moderate,0
Buffalo,34,Female,9,1,1,0,1,38,Antibiotics,27.6505,73.3467,16.0,5.0,26.8,83.0,7.7,Post-Monsoon,3,3,3,0,1,1,0,0,1,0,0,0,0,0,Lumpy_Skin_Disease,High,1
Buffalo,63,Female,4,0,0,0,0,999,Dewormed,20.9307,77.3605,49.2,3.6,30.2,65.8,20.0,Post-Monsoon,2,3,2,2,0,0,0,1,0,0,0,0,0,0,Black_Quarter,High,1
Cow,25,Female,8,1,0,1,0,354,Supportive Care,27.0553,78.196,8.8,11.5,38.7,36.4,36.4,Post-Monsoon,1,3,3,0,0,0,1,1,0,0,0,0,0,0,Black_Quarter,High,1
Cow,70,Female,13,0,0,0,1,199,Antibiotics,18.1416,76.8448,19.3,3.1,11.8,54.5,14.6,Winter,6,6,4,0,0,1,0,1,0,0,0,0,0,0,FMD,High,1
Buffalo,7,Male,1,0,0,1,1,73,Untreated,27.712,73.1443,17.9,4.6,24.7,83.1,1.4,Winter,1,2,1,0,0,1,1,1,0,0,0,0,0,1,FMD,Moderate,0
Buffalo,57,Male,7,0,1,0,1,141,Untreated,22.9899,75.7638,24.2,0.9,31.3,93.0,11.6,Post-Monsoon,4,2,1,0,1,0,0,0,1,0,0,0,0,0,Lumpy_Skin_Disease,Moderate,0
Buffalo,72,Female,2,0,0,1,1,297,Dewormed,26.7719,81.7453,38.6,1.1,27.9,81.3,13.8,Post-Monsoon,2,6,1,0,1,0,1,0,0,0,0,0,0,0,FMD,Moderate,0
Cow,32,Female,8,0,1,1,1,325,Antibiotics,18.9789,77.9472,22.6,4.6,23.9,83.5,20.5,Winter,1,2,3,0,0,1,0,0,0,1,0,0,0,0,Mastitis,Moderate,0
Cow,25,Female,10,0,0,1,1,190,Untreated,22.3392,80.6182,21.7,12.2,35.8,76.4,12.2,Post-Monsoon,6,1,4,0,1,1,1,1,0,0,0,0,0,0,FMD,High,1
Buffalo,115,Female,15,0,0,1,1,58,Dewormed,17.4664,76.1474,12.6,2.3,29.4,89.5,68.6,Monsoon,3,3,3,2,1,1,0,0,0,0,1,1,1,0,Hemorrhagic_Septicemia,Critical,1
Buffalo,59,Female,1,1,1,0,1,245,Dewormed,18.8473,80.4837,14.5,6.0,36.7,74.5,12.4,Post-Monsoon,5,1,1,0,0,0,0,0,1,0,0,0,0,0,Lumpy_Skin_Disease,Moderate,0
Cow,30,Female,9,1,1,1,0,39,Supportive Care,16.6142,74.6198,20.1,12.9,24.3,34.4,11.4,Post-Monsoon,0,0,0,0,0,0,0,0,0,0,0,0,0,0,Healthy,Low,0
Buffalo,68,Male,11,0,1,1,1,276,Dewormed,25.9958,81.4119,32.4,3.8,24.2,54.8,12.5,Summer,3,1,3,0,1,1,1,1,0,0,0,0,0,0,FMD,High,1
Cow,71,Female,26,1,0,0,1,222,Untreated,23.5297,78.6889,19.3,11.9,35.1,87.3,9.8,Post-Monsoon,2,6,1,0,0,0,0,0,1,0,0,0,0,0,Lumpy_Skin_Disease,Moderate,0
Cow,45,Female,2,1,1,0,1,286,Supportive Care,22.8729,82.9335,59.3,11.0,38.2,44.2,4.0,Monsoon,0,0,0,0,0,0,0,0,0,0,0,0,0,0,Healthy,Low,0
Buffalo,23,Female,20,1,1,0,1,347,Untreated,15.7304,81.9944,32.1,4.6,34.6,76.4,8.5,Post-Monsoon,6,5,3,0,0,0,0,0,1,0,0,0,0,0,Lumpy_Skin_Disease,High,1
Buffalo,80,Female,11,1,0,1,1,183,Dewormed,17.4639,73.7998,17.9,12.6,29.2,62.4,31.3,Summer,2,6,4,0,0,0,0,0,0,1,0,1,1,0,Mastitis,Moderate,0
Cow,37,Female,11,0,1,1,1,314,Dewormed,19.4926,81.0589,16.3,0.7,21.7,66.7,8.0,Monsoon,1,1,1,0,1,1,1,1,0,0,0,0,0,0,FMD,Moderate,0
Cow,93,Female,8,1,1,1,1,250,Untreated,19.0807,83.856,49.1,3.2,25.7,83.0,37.5,Summer,4,1,2,0,1,0,0,0,0,1,0,1,0,0,Mastitis,Moderate,0
Cow,78,Female,10,1,0,1,1,43,Antibiotics,20.5738,77.0764,20.5,12.0,29.8,92.1,20.1,Monsoon,2,5,1,0,1,1,0,0,0,0,1,0,0,0,Hemorrhagic_Septicemia,Critical,1
Buffalo,38,Female,4,0,0,1,1,346,Dewormed,18.348,75.1814,0.6,7.4,20.6,84.4,36.8,Monsoon,2,6,1,2,1,1,0,1,0,0,1,0,0,0,Hemorrhagic_Septicemia,Critical,1
Buffalo,63,Female,7,0,0,1,1,114,Dewormed,18.9119,77.1788,9.8,0.3,26.3,54.8,3.7,Post-Monsoon,3,5,1,0,1,1,1,1,0,0,0,0,0,0,FMD,Moderate,0
Cow,46,Female,4,1,0,1,1,35,Supportive Care,16.6826,74.5038,40.4,10.8,23.9,94.2,46.0,Monsoon,1,2,1,1,1,1,0,0,0,0,1,0,1,0,Hemorrhagic_Septicemia,Critical,1
Buffalo,117,Female,8,1,0,0,1,144,Untreated,22.269,73.067,43.6,4.3,27.5,74.0,13.2,Post-Monsoon,2,4,4,0,1,0,0,0,1,0,0,0,0,0,Lumpy_Skin_Disease,High,1
Cow,77,Female,2,1,0,1,1,146,Supportive Care,24.3799,73.7279,38.1,2.0,33.4,87.9,62.9,Monsoon,3,1,1,0,1,1,0,0,0,0,1,0,0,0,Hemorrhagic_Septicemia,Critical,1
Cow,106,Female,7,0,0,0,0,999,Antibiotics,27.2761,79.7176,26.2,7.6,24.8,43.4,6.0,Post-Monsoon,4,3,4,0,1,0,1,0,0,0,0,0,0,0,FMD,High,1
Buffalo,119,Female,27,1,0,1,1,310,Dewormed,18.8138,76.5291,18.1,5.6,29.6,100.0,48.9,Monsoon,1,3,2,0,1,1,0,0,0,0,1,0,0,1,Hemorrhagic_Septicemia,Critical,1
Buffalo,44,Female,30,1,1,0,0,296,Supportive Care,18.3154,77.7809,55.4,4.9,30.5,35.9,3.3,Summer,2,0,0,0,0,0,0,0,0,0,0,0,0,0,Healthy,Low,0
Buffalo,7,Female,11,0,1,0,0,54,Dewormed,25.5227,74.6038,2.4,11.9,25.1,51.3,1.5,Summer,4,3,3,0,1,1,0,1,0,0,0,0,0,0,FMD,High,1
Buffalo,7,Male,3,1,1,1,0,205,Supportive Care,18.2577,78.5452,67.7,9.0,29.5,90.7,3.4,Summer,0,0,0,0,0,1,1,0,0,0,0,0,0,0,Healthy,Low,0
Cow,119,Female,5,1,1,1,1,35,Supportive Care,19.4417,82.1424,24.5,9.6,29.8,74.0,22.8,Post-Monsoon,7,4,3,0,0,0,0,0,1,0,0,0,0,0,Lumpy_Skin_Disease,High,1
Buffalo,88,Male,10,0,1,1,1,178,Antibiotics,19.1732,76.6339,9.0,13.0,25.0,82.7,2.4,Summer,3,1,2,0,1,1,1,1,0,0,0,0,0,0,FMD,Moderate,0
Cow,70,Female,3,1,1,1,1,160,Untreated,27.4976,84.6227,2.4,10.6,29.8,67.3,23.0,Post-Monsoon,5,4,1,0,1,1,0,0,0,1,0,1,0,0,Mastitis,Moderate,0
Cow,22,Female,10,1,1,1,0,196,Supportive Care,27.506,81.2793,87.2,2.3,28.8,69.0,3.8,Summer,0,0,0,0,0,0,0,0,0,1,0,0,1,0,Healthy,Low,0
Buffalo,40,Female,6,1,1,0,1,119,Dewormed,19.1815,74.8268,49.4,11.2,32.1,66.7,29.9,Post-Monsoon,2,2,4,0,1,0,0,0,1,0,0,0,0,0,Lumpy_Skin_Disease,High,1
Cow,26,Female,45,1,1,1,1,91,Untreated,21.5083,79.1977,11.6,7.8,31.0,82.3,22.6,Monsoon,6,5,1,1,1,1,0,1,0,0,1,0,0,0,Hemorrhagic_Septicemia,Critical,1
Cow,10,Female,15,0,1,0,1,216,Antibiotics,22.338,78.5486,42.4,0.5,21.5,54.6,6.0,Summer,2,2,2,0,1,1,1,1,0,0,0,0,0,0,FMD,Moderate,0
Buffalo,91,Female,5,1,1,0,0,166,Antibiotics,20.3753,83.4076,48.5,1.4,31.4,76.7,19.8,Monsoon,3,4,2,0,1,0,0,1,0,0,1,0,1,0,Black_Quarter,Moderate,0
Cow,20,Female,5,1,1,1,0,156,Supportive Care,25.8432,82.5444,11.0,2.8,27.7,82.9,49.1,Monsoon,5,5,2,1,1,0,0,1,0,0,0,0,0,0,Black_Quarter,High,1
Buffalo,105,Male,2,0,1,1,1,66,Supportive Care,18.2262,84.1618,9.6,10.5,27.6,66.6,13.7,Monsoon,2,4,1,0,1,0,0,0,0,1,0,0,0,0,Mastitis,Moderate,0
Cow,19,Female,2,1,1,0,0,309,Supportive Care,27.7864,76.0391,1.7,7.7,32.6,83.8,8.6,Post-Monsoon,3,3,1,0,0,0,0,0,1,0,0,0,0,0,Lumpy_Skin_Disease,Moderate,0
Cow,73,Female,4,0,0,1,1,177,Untreated,24.264,75.302,21.6,2.8,28.1,85.5,73.2,Monsoon,1,5,1,0,1,1,0,0,0,0,1,0,0,0,Hemorrhagic_Septicemia,Critical,1
Cow,12,Female,2,0,1,0,1,199,Antibiotics,19.2624,74.8027,45.4,2.7,31.1,86.0,6.1,Post-Monsoon,4,1,1,0,1,0,0,0,0,1,0,1,0,0,Mastitis,Moderate,0
Cow,47,Female,4,1,1,0,0,279,Supportive Care,19.5254,80.1574,6.3,12.6,34.4,69.6,36.4,Monsoon,5,1,3,0,1,0,0,1,0,0,0,0,0,0,Black_Quarter,High,1
Buffalo,107,Female,3,0,0,0,0,999,Antibiotics,27.0968,76.8478,27.2,7.0,21.5,55.9,4.9,Winter,1,6,1,0,1,1,1,1,0,0,0,0,0,0,FMD,Moderate,0
Buffalo,59,Male,3,0,1,1,1,302,Supportive Care,18.0675,84.918,19.7,14.1,23.7,59.8,16.8,Monsoon,2,3,1,0,1,0,0,0,0,1,0,1,0,0,Mastitis,Moderate,0
Cow,115,Female,4,1,1,1,1,212,Untreated,21.939,76.6501,56.6,11.2,19.2,64.7,1.1,Post-Monsoon,0,0,0,0,0,1,1,0,0,0,0,0,0,0,Healthy,Low,0
Cow,38,Female,8,1,1,0,1,220,Untreated,21.686,77.9008,26.6,12.9,24.8,85.3,12.3,Post-Monsoon,0,5,1,0,1,0,0,0,1,0,0,0,0,0,Lumpy_Skin_Disease,Moderate,0
Cow,29,Female,1,0,1,1,1,289,Supportive Care,20.576,84.3349,53.2,1.9,23.7,40.9,4.6,Summer,1,0,0,0,0,0,0,0,0,0,0,0,0,0,Healthy,Low,0
Cow,67,Female,12,1,1,0,1,218,Antibiotics,19.0302,82.748,17.1,12.3,30.5,93.6,16.4,Post-Monsoon,1,5,4,0,1,0,0,0,1,0,0,0,0,0,Lumpy_Skin_Disease,High,1
Cow,66,Female,1,0,1,1,1,216,Untreated,22.5542,75.7892,46.8,11.4,24.2,52.0,9.6,Summer,1,1,1,0,1,1,1,1,0,0,0,0,0,0,FMD,Moderate,0
Buffalo,79,Male,2,1,1,0,0,222,Supportive Care,16.239,75.4848,49.6,5.1,25.9,75.4,18.1,Post-Monsoon,1,4,1,0,1,0,0,0,1,0,0,0,0,0,Lumpy_Skin_Disease,Moderate,0
Cow,23,Female,35,1,0,1,1,247,Supportive Care,16.2631,82.379,22.3,6.1,29.3,85.1,21.7,Monsoon,5,2,3,1,0,1,0,0,0,0,1,0,0,0,Hemorrhagic_Septicemia,Critical,1
Buffalo,84,Male,22,1,1,0,1,52,Antibiotics,23.9305,74.6189,25.8,9.2,29.8,64.3,38.4,Post-Monsoon,1,5,4,0,1,0,0,1,0,0,0,0,0,0,Black_Quarter,High,1
Cow,107,Female,9,0,1,0,1,261,Untreated,20.5736,78.2146,28.0,0.7,20.3,43.7,8.2,Winter,1,5,1,0,1,0,1,1,0,0,0,1,0,0,FMD,Moderate,0
Buffalo,22,Male,19,0,1,0,0,123,Supportive Care,27.6326,82.1212,42.5,3.6,34.5,51.2,10.0,Summer,1,3,1,0,1,1,1,1,0,0,0,0,0,0,FMD,Moderate,0
Cow,73,Female,6,1,1,1,0,83,Dewormed,16.3016,78.5773,11.0,4.8,29.7,67.6,41.0,Post-Monsoon,3,3,4,2,1,0,0,1,0,0,0,0,0,0,Black_Quarter,High,1
Cow,41,Female,9,1,1,0,0,315,Dewormed,19.0336,73.69,22.6,4.7,33.3,79.3,8.5,Post-Monsoon,2,1,3,0,1,0,0,0,1,0,0,0,0,0,Lumpy_Skin_Disease,High,1
Cow,15,Female,22,1,1,1,1,107,Dewormed,22.8271,82.6164,22.9,2.7,29.5,87.0,23.1,Post-Monsoon,2,2,2,0,1,0,0,0,1,0,1,0,0,0,Lumpy_Skin_Disease,Moderate,0
Cow,88,Female,15,1,1,0,1,266,Antibiotics,26.3151,83.0774,2.9,2.0,32.3,61.5,13.8,Post-Monsoon,1,4,1,0,1,0,0,0,1,0,0,0,0,0,Lumpy_Skin_Disease,Moderate,0
Cow,25,Female,2,1,1,1,0,241,Antibiotics,25.3593,81.9765,18.7,9.1,26.7,63.9,13.7,Summer,3,4,1,0,1,0,0,0,0,1,0,1,0,0,Mastitis,Moderate,0
Cow,25,Female,2,1,0,1,1,277,Antibiotics,23.7832,82.673,41.1,7.8,29.4,76.7,9.6,Post-Monsoon,1,0,0,0,0,0,0,0,0,0,0,0,0,0,Healthy,Low,0
Buffalo,26,Male,6,0,1,1,1,192,Dewormed,15.6535,73.5473,9.8,1.6,25.7,80.2,33.9,Winter,4,2,1,0,1,0,0,0,0,1,0,1,0,0,Mastitis,Moderate,0
Buffalo,98,Female,2,1,1,1,0,203,Dewormed,16.1371,79.9569,25.4,11.9,21.6,73.7,13.7,Winter,5,1,1,0,1,1,1,1,0,0,0,0,0,0,FMD,Moderate,0
Buffalo,55,Female,23,1,1,1,1,288,Antibiotics,21.2837,84.9595,17.8,14.4,29.5,81.9,15.1,Monsoon,1,3,1,0,1,0,0,0,1,1,0,1,0,0,Mastitis,Moderate,0
Buffalo,93,Female,10,0,1,1,1,143,Dewormed,25.6224,79.1346,32.4,10.0,31.1,64.5,6.5,Summer,4,2,3,0,1,1,1,0,0,0,0,0,1,0,FMD,High,1
Buffalo,21,Female,24,0,0,0,1,323,Supportive Care,17.1674,82.3544,49.5,4.3,30.3,90.5,36.0,Summer,4,5,2,0,1,0,0,0,0,1,0,1,0,0,Mastitis,Moderate,0
Cow,73,Female,3,0,0,0,1,95,Supportive Care,27.0931,78.5146,33.8,10.6,29.7,61.1,8.9,Monsoon,4,3,1,0,1,1,1,1,0,0,0,0,0,0,FMD,Moderate,0
Cow,11,Female,35,1,0,1,1,241,Untreated,26.8152,80.5847,16.1,11.8,33.8,82.1,22.5,Post-Monsoon,3,3,2,2,1,0,0,1,0,0,0,0,0,0,Black_Quarter,High,1
Buffalo,93,Female,15,1,1,0,1,237,Dewormed,26.5451,76.3911,11.6,14.9,36.1,75.2,38.3,Monsoon,5,2,2,2,1,0,0,0,0,0,0,0,0,0,Black_Quarter,High,1
Cow,22,Female,4,0,0,1,1,261,Dewormed,22.5892,76.5164,47.4,5.9,14.8,74.6,2.0,Post-Monsoon,3,4,2,0,0,1,1,1,0,0,0,1,0,0,FMD,Moderate,0
Cow,63,Female,2,0,0,1,1,145,Supportive Care,26.7245,75.2157,40.4,0.4,31.3,70.7,6.5,Monsoon,3,3,1,0,1,0,0,0,0,1,0,0,0,0,Mastitis,Moderate,0
Buffalo,77,Male,1,0,0,1,1,297,Antibiotics,19.7653,83.392,16.5,2.4,32.7,76.7,29.3,Post-Monsoon,1,3,1,2,1,0,0,0,0,0,0,0,0,1,Anthrax,Critical,1
Cow,39,Female,11,1,1,0,1,281,Dewormed,15.7336,79.7126,14.2,5.6,38.5,90.9,25.9,Post-Monsoon,4,6,3,0,1,0,0,0,1,0,1,0,0,0,Lumpy_Skin_Disease,High,1
Cow,35,Female,4,1,1,1,0,72,Untreated,18.097,84.1234,12.1,14.4,32.4,65.7,35.5,Post-Monsoon,2,4,2,0,0,0,0,0,0,0,1,0,0,1,Anthrax,Critical,1
Cow,46,Female,8,1,0,0,1,215,Dewormed,22.4038,76.1226,0.6,14.8,31.4,83.7,19.6,Post-Monsoon,6,6,1,0,0,0,0,0,0,0,0,0,0,0,Lumpy_Skin_Disease,Moderate,0
Cow,57,Female,23,1,1,0,1,165,Untreated,27.9568,76.9013,26.6,1.8,27.4,90.9,77.4,Monsoon,6,3,3,2,1,1,0,0,0,0,1,0,0,0,Hemorrhagic_Septicemia,Critical,1
Buffalo,23,Female,3,1,1,0,1,178,Untreated,18.4195,82.276,39.8,7.4,34.3,78.9,6.3,Post-Monsoon,1,4,1,0,1,0,0,0,1,0,0,0,0,0,Lumpy_Skin_Disease,Moderate,0
Buffalo,74,Female,2,0,0,0,1,80,Supportive Care,20.6187,78.7037,21.3,12.9,18.6,49.4,14.5,Summer,4,1,1,0,1,1,1,1,0,0,0,0,0,0,FMD,Moderate,0
Buffalo,41,Female,17,1,0,1,1,276,Antibiotics,17.7327,73.2824,24.4,6.4,25.7,75.0,16.7,Winter,3,2,2,0,1,0,0,0,0,1,0,1,1,0,Mastitis,Moderate,0
Buffalo,25,Female,4,1,1,0,1,132,Untreated,15.2215,74.5405,31.3,4.9,32.5,59.3,28.7,Post-Monsoon,3,4,3,1,1,0,0,0,0,0,1,0,0,0,Anthrax,Critical,1
Buffalo,99,Female,1,0,1,1,1,284,Dewormed,22.8696,81.1405,43.3,13.1,25.5,49.9,3.9,Summer,2,4,1,0,1,1,1,1,0,0,0,0,0,0,FMD,Moderate,0
Buffalo,21,Male,38,0,1,1,1,350,Antibiotics,17.3532,80.3594,33.1,0.5,24.6,73.7,4.5,Post-Monsoon,2,4,1,0,1,1,1,1,1,0,0,1,0,0,FMD,Moderate,0
Cow,110,Female,1,1,0,1,0,212,Untreated,19.7624,74.0026,32.3,8.3,28.1,90.6,51.9,Monsoon,0,5,1,0,1,1,0,0,0,0,1,0,0,0,Hemorrhagic_Septicemia,Critical,1
Cow,109,Female,2,1,0,1,1,57,Dewormed,20.8687,82.1753,27.9,11.5,26.1,79.4,26.1,Monsoon,4,5,1,0,1,1,0,0,0,0,1,0,0,0,Hemorrhagic_Septicemia,Critical,1
Buffalo,9,Female,26,0,1,1,0,163,Supportive Care,26.9105,83.9692,23.8,12.0,32.0,72.7,16.2,Monsoon,3,1,4,1,1,1,0,1,0,0,0,0,0,0,Black_Quarter,High,1
Buffalo,72,Female,12,0,0,0,1,277,Dewormed,27.3174,75.5885,24.0,3.5,16.0,67.7,12.7,Monsoon,5,3,3,0,1,1,1,0,0,0,0,0,0,0,FMD,High,1
Cow,84,Female,10,0,1,0,0,73,Untreated,18.8982,82.9824,44.1,6.6,38.4,78.2,12.1,Post-Monsoon,2,2,2,1,1,0,0,1,0,0,0,0,0,0,Black_Quarter,High,1
Buffalo,51,Male,1,1,1,1,1,258,Dewormed,24.4031,74.5238,20.1,14.2,23.4,34.2,5.8,Monsoon,1,0,0,0,0,0,0,0,0,0,0,0,0,1,Healthy,Low,0
Cow,116,Female,29,1,1,0,0,43,Supportive Care,15.1524,77.4066,49.9,9.6,32.5,70.2,15.0,Post-Monsoon,2,6,2,0,1,0,0,0,1,0,0,0,0,0,Lumpy_Skin_Disease,Moderate,0
Cow,6,Female,6,0,1,1,1,114,Supportive Care,25.2862,78.9355,47.3,4.9,27.5,61.8,4.3,Winter,5,5,1,0,1,1,1,1,0,0,0,0,0,0,FMD,Moderate,0
Cow,42,Female,10,0,1,1,0,297,Dewormed,24.4452,80.8921,23.7,11.6,26.3,40.8,0.7,Post-Monsoon,0,0,0,0,0,0,0,0,0,0,1,0,0,0,Healthy,Low,0
Cow,115,Female,10,1,0,0,1,110,Antibiotics,23.6782,82.3599,24.1,7.7,31.5,82.7,50.0,Monsoon,7,3,1,2,1,1,0,0,0,0,1,0,0,0,Hemorrhagic_Septicemia,Critical,1
Buffalo,104,Female,3,1,0,0,1,201,Antibiotics,25.4731,79.6936,22.2,7.5,23.9,82.1,75.4,Monsoon,4,1,2,2,1,1,0,0,0,0,1,0,1,0,Hemorrhagic_Septicemia,Critical,1
Cow,31,Female,20,1,0,0,1,199,Antibiotics,22.9459,76.5328,28.4,14.9,33.4,45.1,13.5,Summer,5,3,4,0,1,1,1,1,0,0,0,0,0,0,FMD,High,1
Buffalo,82,Female,1,0,1,0,0,126,Untreated,26.1258,75.3825,24.5,9.3,10.0,59.4,13.8,Post-Monsoon,2,6,1,0,1,1,1,1,0,0,0,0,0,0,FMD,Moderate,0
Buffalo,38,Male,2,1,1,1,1,322,Untreated,15.8546,84.6201,17.2,12.7,25.4,46.9,21.7,Summer,3,5,1,0,1,0,0,0,0,1,0,1,0,0,Mastitis,Moderate,0
Buffalo,104,Female,31,1,1,0,1,236,Supportive Care,18.8183,73.8613,25.3,1.5,25.1,93.6,11.7,Winter,0,0,0,0,0,0,0,0,0,0,0,0,0,0,Healthy,Low,0
Buffalo,37,Female,1,1,0,1,0,275,Antibiotics,15.1812,77.4942,3.6,0.7,31.2,71.9,35.4,Post-Monsoon,4,1,1,0,1,0,0,1,0,0,0,1,0,0,Black_Quarter,Moderate,0
Cow,101,Female,1,1,0,1,0,238,Untreated,16.8671,80.1464,32.5,6.4,37.0,63.8,17.0,Post-Monsoon,5,6,1,1,1,0,0,0,0,0,0,0,1,0,Black_Quarter,High,1
Cow,36,Female,10,0,0,1,1,171,Antibiotics,27.5019,80.2705,41.6,7.8,29.0,85.6,75.7,Monsoon,4,1,4,2,1,1,0,0,0,0,1,0,0,0,Hemorrhagic_Septicemia,Critical,1
Cow,71,Female,2,1,1,1,1,350,Antibiotics,23.5763,78.7395,48.1,9.1,33.4,89.2,26.0,Post-Monsoon,3,5,1,0,1,0,0,0,1,0,0,0,0,0,Lumpy_Skin_Disease,Moderate,0
Cow,45,Female,14,1,1,0,0,236,Untreated,22.1955,74.6484,33.9,2.9,30.1,76.8,6.9,Post-Monsoon,1,6,1,0,1,0,0,0,1,0,0,0,0,0,Lumpy_Skin_Disease,Moderate,0
Buffalo,101,Female,13,1,1,1,0,245,Untreated,17.0979,74.3328,46.8,10.3,18.5,59.5,0.9,Winter,0,6,4,0,1,1,0,1,0,0,0,0,0,0,FMD,High,1
Cow,117,Female,9,0,1,0,0,120,Dewormed,27.2856,75.8357,34.5,11.2,25.0,69.1,7.8,Winter,2,2,4,0,1,1,1,1,0,0,0,0,0,0,FMD,High,1
Cow,69,Female,7,1,0,1,0,139,Antibiotics,19.6092,81.7717,12.2,1.8,24.0,87.4,23.6,Monsoon,6,5,1,1,1,1,0,0,0,0,1,0,0,0,Hemorrhagic_Septicemia,Critical,1
Cow,115,Female,4,0,1,1,1,175,Supportive Care,24.9841,73.2243,39.1,7.9,20.7,70.2,8.7,Summer,5,2,1,0,1,1,1,1,0,0,0,0,0,0,FMD,Moderate,0
Buffalo,97,Male,6,1,1,0,1,44,Dewormed,17.3874,81.618,30.6,12.3,36.9,75.6,15.2,Post-Monsoon,1,6,2,0,1,0,0,0,1,0,0,0,0,0,Lumpy_Skin_Disease,Moderate,0
Buffalo,67,Female,2,1,0,1,0,180,Dewormed,20.8207,80.0037,48.6,12.3,32.4,61.6,47.6,Post-Monsoon,5,3,1,2,1,0,0,1,0,0,0,0,0,0,Black_Quarter,High,1
Buffalo,20,Male,3,1,1,0,1,99,Dewormed,16.9341,78.2109,91.3,14.9,31.6,60.7,6.2,Post-Monsoon,0,0,0,0,0,0,0,0,0,0,0,0,0,0,Healthy,Low,0
Buffalo,43,Female,4,1,0,1,1,229,Supportive Care,26.1564,76.3125,32.0,10.7,25.9,91.7,67.1,Monsoon,2,4,1,2,0,1,0,0,0,0,1,0,0,0,Hemorrhagic_Septicemia,Critical,1
Buffalo,66,Female,17,1,0,1,1,138,Antibiotics,18.4999,80.5647,42.6,9.5,27.3,69.1,40.0,Monsoon,2,4,1,0,1,1,0,0,0,0,1,0,0,0,Hemorrhagic_Septicemia,Critical,1
Buffalo,17,Male,8,1,0,0,1,262,Untreated,16.4438,77.6363,14.8,10.7,28.4,88.5,30.8,Monsoon,2,6,4,2,0,1,0,0,0,0,0,0,0,0,Hemorrhagic_Septicemia,Critical,1
Cow,82,Female,16,1,1,0,1,172,Antibiotics,23.3166,75.2752,14.2,1.3,33.6,64.8,33.3,Monsoon,3,3,3,2,1,0,1,0,0,0,1,0,0,1,Anthrax,Critical,1
Cow,62,Female,5,1,1,1,1,160,Supportive Care,19.2728,80.7755,7.0,14.6,30.1,70.8,7.9,Monsoon,3,6,2,0,0,1,1,1,0,0,0,0,0,0,FMD,Moderate,0
Buffalo,65,Female,17,0,1,1,1,305,Antibiotics,27.3099,75.4325,45.7,11.4,18.1,51.7,5.4,Winter,2,5,2,0,1,1,1,0,1,0,0,0,0,0,FMD,Moderate,0
Buffalo,16,Male,5,0,0,0,1,277,Antibiotics,21.2939,76.8778,46.2,6.7,23.0,77.0,18.5,Post-Monsoon,2,2,1,0,1,0,0,0,0,1,0,0,0,0,Lumpy_Skin_Disease,Moderate,0
Buffalo,60,Female,3,1,1,1,1,234,Antibiotics,17.1298,81.0829,29.3,0.6,27.1,83.7,20.1,Summer,1,1,1,0,1,0,0,0,0,1,0,1,0,0,Mastitis,Moderate,0
Buffalo,29,Female,1,0,0,1,0,173,Untreated,19.9418,83.4859,27.5,1.1,13.9,53.9,3.7,Post-Monsoon,3,5,1,0,1,0,1,1,0,0,0,0,0,0,FMD,Moderate,0
Buffalo,81,Female,5,1,1,1,1,106,Supportive Care,20.4724,77.4184,35.6,4.4,13.9,78.2,2.1,Monsoon,1,0,0,0,0,1,0,1,0,0,0,0,1,0,Healthy,Low,0
Buffalo,38,Male,27,1,0,0,0,49,Supportive Care,18.4926,74.6011,8.6,9.1,30.4,94.6,8.4,Post-Monsoon,2,2,1,0,1,0,0,0,1,0,0,0,0,0,Lumpy_Skin_Disease,Moderate,0
Buffalo,115,Male,4,1,0,0,0,348,Untreated,27.0168,84.8015,20.1,10.8,32.7,75.0,10.1,Monsoon,3,6,3,0,1,0,0,1,0,0,0,0,0,0,Black_Quarter,High,1
Buffalo,111,Female,4,1,1,1,0,33,Antibiotics,23.6668,78.8622,37.8,2.9,36.5,83.9,33.5,Monsoon,3,2,3,1,1,0,0,1,0,0,0,0,0,0,Black_Quarter,High,1
Cow,86,Female,19,1,1,0,0,348,Dewormed,20.0,80.2497,42.5,10.8,30.9,69.6,19.4,Post-Monsoon,2,4,3,0,1,0,0,1,0,0,0,0,0,0,Black_Quarter,High,1
Buffalo,60,Female,28,1,0,1,0,257,Antibiotics,18.2376,80.942,33.1,0.7,27.7,79.2,38.1,Post-Monsoon,7,5,1,1,1,0,0,0,0,0,0,0,0,0,Black_Quarter,High,1
Buffalo,61,Female,13,1,0,1,0,286,Antibiotics,19.8466,78.7665,18.6,5.2,33.8,91.8,37.6,Monsoon,3,6,3,1,1,0,0,0,0,0,1,0,0,1,Anthrax,Critical,1
Cow,95,Female,2,1,0,1,1,236,Antibiotics,22.2441,76.046,47.0,9.5,28.8,86.0,47.5,Monsoon,2,5,1,0,1,1,0,0,0,0,1,0,0,0,Hemorrhagic_Septicemia,Critical,1
Buffalo,76,Female,7,1,1,1,0,116,Dewormed,20.1632,75.554,69.6,9.3,22.6,59.7,5.2,Winter,0,0,0,0,0,0,0,0,0,0,0,0,0,0,Healthy,Low,0
Cow,59,Female,6,0,1,1,1,233,Supportive Care,17.3172,76.1732,6.5,4.0,21.6,50.5,10.6,Monsoon,4,4,3,0,1,1,1,1,0,0,0,0,0,0,FMD,High,1
Cow,118,Female,3,1,0,1,1,301,Antibiotics,18.1881,79.1608,49.4,12.1,28.8,88.4,43.8,Monsoon,3,3,1,0,1,1,0,0,0,0,1,0,0,0,Hemorrhagic_Septicemia,Critical,1
Cow,65,Female,10,1,0,0,1,195,Dewormed,27.4012,73.2975,92.9,8.4,38.7,79.0,8.0,Post-Monsoon,0,0,0,0,0,0,0,0,0,0,0,0,0,0,Healthy,Low,0
Buffalo,63,Female,7,1,0,0,1,134,Untreated,19.9845,84.6044,36.1,10.3,29.6,68.4,58.0,Monsoon,2,6,3,0,1,1,0,1,0,0,0,0,0,0,Hemorrhagic_Septicemia,Critical,1
Cow,49,Female,7,0,1,1,1,94,Antibiotics,24.1555,77.4024,11.9,7.7,29.7,78.9,13.8,Summer,3,1,1,0,1,1,1,1,0,0,0,0,0,0,FMD,Moderate,0
Buffalo,97,Female,2,1,1,1,1,183,Untreated,18.3395,84.1366,12.3,1.8,28.2,86.6,15.2,Winter,1,6,1,0,1,0,0,0,0,1,0,1,0,0,Mastitis,Moderate,0
Cow,33,Female,4,1,0,1,0,257,Untreated,27.393,75.3445,33.2,13.8,31.6,84.6,18.7,Post-Monsoon,5,3,1,1,1,0,0,1,0,0,0,0,0,0,Black_Quarter,High,1
Cow,31,Female,3,0,1,0,1,248,Supportive Care,21.4991,75.4877,44.0,11.8,20.2,91.5,11.9,Summer,1,2,1,0,1,1,0,1,0,0,0,0,0,0,FMD,Moderate,0
Buffalo,22,Female,4,0,1,1,1,361,Antibiotics,19.734,80.108,43.4,14.5,28.2,53.3,11.9,Winter,3,2,1,0,1,1,1,1,0,0,0,0,0,0,FMD,Moderate,0
Buffalo,102,Female,12,1,1,1,0,207,Antibiotics,26.0208,81.4548,6.7,9.7,31.6,74.0,26.6,Post-Monsoon,2,1,2,1,1,0,0,1,0,0,0,0,1,0,Black_Quarter,High,1
Cow,11,Female,14,1,1,1,0,278,Supportive Care,16.7579,75.9744,38.7,9.5,31.7,76.8,11.6,Winter,2,6,1,0,0,0,0,0,0,1,0,1,0,0,Mastitis,Moderate,0
Cow,58,Female,32,1,1,1,0,336,Supportive Care,18.1342,79.0345,13.3,14.3,23.0,35.9,4.7,Winter,1,3,3,0,1,1,1,1,0,0,1,0,0,0,FMD,High,1
Buffalo,74,Female,7,0,0,1,0,308,Antibiotics,20.2309,75.6586,7.2,3.7,26.7,73.5,60.9,Monsoon,3,5,2,0,1,1,0,0,0,0,1,0,0,0,Hemorrhagic_Septicemia,Critical,1
Buffalo,112,Male,12,1,0,0,0,242,Antibiotics,25.2142,76.9997,19.1,1.0,31.5,89.3,24.2,Post-Monsoon,1,1,4,0,1,0,0,0,1,0,0,0,0,0,Lumpy_Skin_Disease,High,1
Cow,45,Female,2,1,0,1,0,104,Dewormed,18.1936,84.6293,17.8,14.0,29.2,85.9,74.0,Monsoon,1,6,1,2,1,1,0,0,0,0,1,0,0,0,Hemorrhagic_Septicemia,Critical,1
Buffalo,49,Female,8,0,0,1,1,55,Untreated,25.0436,80.9307,14.8,8.9,22.4,90.3,32.7,Monsoon,4,1,4,2,1,1,0,0,0,0,0,0,0,0,Hemorrhagic_Septicemia,Critical,1
Buffalo,32,Female,32,0,1,1,1,120,Antibiotics,26.7949,79.6377,39.5,13.9,17.5,87.1,7.9,Monsoon,2,4,2,0,1,1,1,1,0,0,0,0,0,0,FMD,Moderate,0
Buffalo,99,Male,54,0,0,1,1,312,Supportive Care,15.8306,84.391,13.4,9.6,32.7,68.4,1.9,Monsoon,3,5,1,0,1,1,1,1,0,0,0,0,0,0,FMD,Moderate,0
Cow,55,Female,1,1,1,1,1,52,Supportive Care,20.1639,83.9844,31.9,2.3,25.2,67.8,15.5,Post-Monsoon,4,5,1,0,1,0,0,0,0,1,0,1,0,0,Mastitis,Moderate,0
Cow,90,Female,4,0,1,1,1,275,Supportive Care,17.2481,82.3615,46.2,14.5,14.3,63.7,0.2,Summer,0,2,3,0,1,1,1,1,0,0,0,0,0,0,FMD,High,1
Cow,15,Female,4,0,1,1,0,348,Untreated,22.535,83.6588,45.6,10.3,24.5,43.8,14.5,Monsoon,1,5,3,0,1,1,0,1,0,0,0,0,0,0,FMD,High,1
Cow,21,Female,6,0,1,1,0,49,Antibiotics,18.9499,80.0454,11.5,6.2,21.7,46.4,3.0,Post-Monsoon,0,0,0,0,0,0,0,0,0,0,0,0,0,0,Healthy,Low,0
Buffalo,104,Male,17,1,1,0,1,72,Untreated,25.5311,80.531,96.3,3.6,13.7,83.6,7.7,Post-Monsoon,0,0,0,0,0,0,0,0,0,0,0,0,0,0,Healthy,Low,0
Buffalo,36,Female,1,1,1,0,1,58,Dewormed,21.7604,76.7459,92.9,11.8,30.2,75.3,13.2,Summer,0,0,0,0,0,0,0,0,0,0,0,0,0,0,Healthy,Low,0
Cow,18,Female,14,0,0,0,1,312,Dewormed,25.9671,82.6698,1.2,2.0,26.4,97.6,28.1,Monsoon,1,2,3,2,1,1,0,0,0,0,0,0,0,0,Hemorrhagic_Septicemia,Critical,1
Buffalo,53,Female,4,1,1,0,0,290,Dewormed,22.0396,76.6874,16.1,8.4,32.1,70.8,10.0,Monsoon,4,6,3,2,1,0,0,1,0,0,0,0,0,0,Black_Quarter,High,1
Cow,99,Female,24,1,1,0,1,196,Antibiotics,18.2456,73.8093,35.0,4.6,34.1,65.1,7.5,Post-Monsoon,5,6,4,0,1,0,0,0,0,0,0,0,0,0,Lumpy_Skin_Disease,High,1
Cow,39,Female,21,1,0,0,0,121,Untreated,17.7041,80.3538,14.6,2.3,31.4,94.8,24.5,Post-Monsoon,1,6,3,0,1,0,0,0,1,0,0,0,0,0,Lumpy_Skin_Disease,High,1
Cow,104,Female,8,1,1,0,1,288,Supportive Care,21.2623,82.2591,19.3,10.7,32.8,71.5,27.2,Post-Monsoon,1,2,3,0,0,0,0,0,1,0,0,0,0,0,Lumpy_Skin_Disease,High,1
Cow,9,Female,2,0,1,0,1,191,Untreated,18.2289,73.2972,22.9,9.8,26.7,45.7,9.0,Post-Monsoon,1,6,1,0,1,1,1,1,0,0,0,0,0,0,FMD,Moderate,0
Buffalo,59,Male,5,1,0,1,1,341,Dewormed,15.7409,77.8243,35.0,0.5,29.7,88.4,45.8,Monsoon,2,3,4,2,1,1,0,0,0,0,1,0,1,0,Hemorrhagic_Septicemia,Critical,1
Buffalo,113,Female,24,1,1,1,0,160,Antibiotics,24.4984,82.7052,44.8,4.6,28.8,58.7,6.4,Winter,6,5,3,0,1,1,1,1,0,0,0,0,0,0,FMD,High,1
Buffalo,106,Female,1,1,1,0,1,191,Antibiotics,22.5831,78.3167,4.5,9.0,18.4,54.6,8.7,Summer,1,6,1,0,1,1,1,1,0,0,0,0,0,0,FMD,Moderate,0
Buffalo,29,Female,16,1,0,1,0,279,Antibiotics,19.1144,79.2026,18.1,5.2,28.1,75.3,54.5,Monsoon,3,3,1,1,1,1,0,0,0,0,1,0,0,0,Hemorrhagic_Septicemia,Critical,1
Buffalo,10,Female,4,0,1,0,1,337,Antibiotics,25.0992,78.5223,44.2,6.1,27.7,30.0,10.9,Summer,1,1,1,0,1,1,1,0,0,0,0,0,0,0,FMD,Moderate,0
Buffalo,67,Female,27,1,0,0,1,188,Untreated,22.0302,77.7949,37.2,8.5,26.3,78.3,22.8,Monsoon,4,6,3,0,1,0,0,0,0,1,0,1,0,0,Mastitis,Moderate,0
Cow,10,Female,5,0,0,1,1,89,Untreated,27.877,76.3398,39.3,4.8,21.5,55.7,2.7,Post-Monsoon,1,4,1,0,1,1,0,1,0,0,0,0,0,0,FMD,Moderate,0
Buffalo,22,Male,3,1,0,0,1,358,Dewormed,19.3188,75.1791,47.7,11.4,29.7,79.0,5.1,Post-Monsoon,3,4,2,0,1,0,0,0,1,0,0,0,0,0,Lumpy_Skin_Disease,Moderate,0
Cow,56,Female,8,0,0,1,1,55,Antibiotics,16.3884,80.0087,2.9,14.1,30.1,87.0,24.0,Monsoon,4,5,2,1,1,1,0,0,0,0,1,0,0,0,Hemorrhagic_Septicemia,Critical,1
Cow,59,Female,2,0,1,1,0,220,Dewormed,24.7814,76.8745,13.0,2.5,12.9,90.9,12.1,Summer,1,3,1,0,1,1,1,1,1,0,0,0,1,0,FMD,Moderate,0
Cow,56,Female,18,0,0,1,0,130,Antibiotics,17.2546,82.2049,29.4,11.4,20.3,82.2,65.7,Monsoon,2,5,1,0,0,1,0,0,0,0,1,0,0,1,Hemorrhagic_Septicemia,Critical,1
Buffalo,29,Female,26,0,0,1,1,349,Antibiotics,25.1039,75.0459,5.2,7.8,30.3,74.6,54.0,Monsoon,7,6,3,0,1,1,0,0,0,0,1,0,0,0,Hemorrhagic_Septicemia,Critical,1
Buffalo,78,Female,35,1,1,1,0,164,Untreated,26.4769,77.9116,34.5,12.9,30.2,85.0,23.5,Monsoon,2,6,1,0,0,1,0,0,0,0,0,0,0,1,Hemorrhagic_Septicemia,Critical,1
Cow,78,Female,23,1,0,1,1,65,Dewormed,27.5261,73.9725,41.4,9.8,27.5,72.8,29.7,Monsoon,3,6,1,0,0,1,0,0,0,0,1,0,0,1,Hemorrhagic_Septicemia,Critical,1
Cow,43,Female,8,1,1,0,1,48,Untreated,18.0683,74.8794,12.1,3.5,33.6,90.8,7.9,Post-Monsoon,4,5,2,0,1,0,0,0,1,0,0,0,0,0,Lumpy_Skin_Disease,Moderate,0
Buffalo,28,Male,12,0,1,1,1,213,Dewormed,27.6248,76.685,22.1,7.5,33.0,60.8,9.8,Monsoon,2,5,1,0,1,0,1,1,0,0,0,0,0,0,FMD,Moderate,0
Cow,112,Female,6,1,0,1,1,167,Supportive Care,26.0799,78.3381,47.4,0.3,29.9,70.2,34.0,Summer,6,4,2,0,1,1,0,0,0,1,0,1,0,0,Mastitis,Moderate,0
Cow,68,Female,8,0,1,0,1,55,Supportive Care,25.3057,84.0707,90.2,7.2,22.9,81.9,15.0,Monsoon,0,0,0,0,0,0,0,0,0,0,0,0,0,0,Healthy,Low,0
Buffalo,101,Female,4,1,0,0,1,139,Supportive Care,25.684,84.8587,19.0,7.6,29.3,84.6,36.0,Monsoon,2,5,1,1,1,1,0,0,0,0,1,0,0,0,Hemorrhagic_Septicemia,Critical,1
Buffalo,49,Male,3,1,1,1,0,275,Supportive Care,27.0162,76.2362,9.2,3.4,33.4,62.8,22.3,Post-Monsoon,1,3,2,0,1,0,0,1,0,0,0,0,0,0,Black_Quarter,Moderate,0
Buffalo,35,Female,4,1,0,1,0,275,Untreated,15.4824,78.1216,8.4,8.3,24.0,80.9,30.0,Monsoon,2,3,2,1,1,1,1,0,0,0,1,0,0,0,Hemorrhagic_Septicemia,Critical,1
Cow,85,Female,2,1,1,1,0,319,Dewormed,21.5072,82.3779,43.4,9.8,22.8,56.8,14.8,Post-Monsoon,0,0,0,0,0,0,1,0,0,0,0,0,0,0,Healthy,Low,0
Buffalo,83,Female,3,1,1,1,1,312,Untreated,15.6818,82.3476,22.5,2.1,14.2,79.6,2.6,Post-Monsoon,0,0,0,0,0,0,0,0,0,0,0,0,0,0,Healthy,Low,0
Buffalo,47,Female,14,1,0,0,1,232,Untreated,15.5136,74.5649,29.3,8.1,34.2,83.8,24.5,Post-Monsoon,3,5,1,0,1,0,0,0,1,0,0,0,0,0,Lumpy_Skin_Disease,Moderate,0
Buffalo,80,Female,11,1,1,1,1,285,Antibiotics,22.0192,74.3049,16.4,12.1,28.9,95.0,71.2,Monsoon,1,5,3,0,1,1,0,0,0,0,1,0,0,0,Hemorrhagic_Septicemia,Critical,1
Cow,90,Female,4,1,1,1,1,100,Supportive Care,18.8402,73.5528,32.1,6.3,11.4,54.2,1.9,Monsoon,0,0,0,0,0,0,0,0,0,0,0,0,0,0,Healthy,Low,0
Buffalo,40,Female,10,1,1,0,0,179,Supportive Care,21.8166,81.8815,12.5,1.6,32.5,67.4,12.6,Post-Monsoon,3,5,1,0,1,0,0,1,1,0,0,0,0,1,Lumpy_Skin_Disease,Moderate,0
Cow,119,Female,20,1,1,0,0,99,Antibiotics,16.5624,79.6057,10.4,10.1,36.7,68.7,13.7,Monsoon,10,5,1,1,1,0,0,1,0,0,0,0,0,0,Black_Quarter,High,1
Cow,119,Female,4,1,1,1,1,123,Dewormed,26.0163,76.7335,44.3,6.1,18.6,92.7,10.8,Summer,2,4,2,0,1,0,0,0,0,1,0,1,0,0,Mastitis,Moderate,0
Buffalo,116,Male,24,1,1,0,1,234,Antibiotics,23.0042,75.6162,5.5,7.7,29.6,81.7,15.9,Post-Monsoon,5,1,1,0,0,0,0,0,1,0,0,0,0,0,Lumpy_Skin_Disease,Moderate,0
Buffalo,105,Female,14,1,1,1,1,240,Untreated,26.3258,73.5312,13.7,13.3,29.1,93.1,63.2,Monsoon,2,6,4,2,1,1,0,0,0,0,1,0,0,0,Hemorrhagic_Septicemia,Critical,1
Cow,6,Female,9,1,1,0,1,301,Untreated,15.2259,77.7631,16.4,6.4,30.9,91.1,21.1,Post-Monsoon,3,4,1,0,1,0,0,0,1,0,0,0,0,0,Lumpy_Skin_Disease,Moderate,0
Buffalo,61,Male,1,1,1,1,0,274,Dewormed,19.4992,75.233,35.5,13.1,36.1,60.8,39.6,Monsoon,3,2,1,1,0,0,1,0,0,0,0,0,0,0,Black_Quarter,High,1
Cow,46,Female,7,1,1,0,1,94,Supportive Care,15.5429,75.0922,38.4,2.4,26.2,61.0,18.7,Post-Monsoon,7,2,4,0,1,0,0,0,0,1,0,0,0,0,Mastitis,Moderate,0
Buffalo,96,Male,6,0,1,0,1,322,Dewormed,22.6766,81.7812,7.2,7.7,27.0,75.7,18.0,Monsoon,1,6,1,0,1,0,0,0,1,0,0,1,1,0,Mastitis,Moderate,0
Buffalo,103,Female,3,0,1,1,0,190,Untreated,15.8721,79.6144,21.7,4.2,32.6,69.3,10.3,Monsoon,3,3,2,1,1,0,0,1,0,0,0,0,0,0,Black_Quarter,High,1
Buffalo,64,Male,14,0,0,1,1,32,Dewormed,25.9129,77.0706,21.9,14.2,29.5,89.5,68.4,Monsoon,1,5,1,0,1,1,0,0,0,1,1,0,0,0,Hemorrhagic_Septicemia,Critical,1
Buffalo,81,Female,10,1,1,0,1,213,Supportive Care,15.3841,79.1418,36.2,1.9,29.9,86.5,23.5,Post-Monsoon,2,4,3,0,1,0,0,0,1,0,0,0,0,0,Lumpy_Skin_Disease,High,1
Buffalo,14,Female,4,1,1,0,1,203,Dewormed,19.6506,84.0565,6.1,14.0,32.0,78.8,27.2,Post-Monsoon,2,3,3,0,1,0,0,0,1,0,0,0,0,0,Lumpy_Skin_Disease,High,1
Buffalo,117,Female,16,0,1,1,1,47,Antibiotics,24.8702,77.3357,33.3,1.2,21.2,55.4,7.9,Monsoon,4,6,1,0,1,1,0,1,1,0,0,0,0,0,FMD,Moderate,0
Buffalo,112,Male,7,0,1,0,0,63,Supportive Care,19.3908,73.8759,35.9,6.5,26.3,76.6,17.7,Post-Monsoon,4,5,2,0,1,0,0,0,0,0,0,0,0,0,Lumpy_Skin_Disease,Moderate,0
Cow,58,Female,14,0,0,1,1,30,Supportive Care,24.615,82.8442,13.7,5.7,16.9,80.5,11.3,Summer,0,0,0,0,0,0,0,0,0,0,0,0,0,0,Healthy,Low,0
Cow,84,Female,1,0,0,1,1,131,Supportive Care,20.625,77.6057,9.3,12.5,35.8,67.7,8.9,Post-Monsoon,5,1,1,0,1,1,1,0,0,0,0,0,0,0,FMD,Moderate,0
Cow,59,Female,6,0,1,1,0,261,Antibiotics,18.4159,84.7773,31.3,14.3,18.3,74.1,14.5,Winter,1,0,0,0,0,0,0,0,0,0,0,0,0,0,Healthy,Low,0
Buffalo,100,Female,6,0,0,1,1,77,Supportive Care,17.6509,76.7512,76.3,11.6,25.6,47.9,7.6,Winter,0,0,0,0,0,0,0,0,0,0,0,0,1,0,Healthy,Low,0
Cow,105,Female,2,1,0,1,1,244,Dewormed,18.198,74.2824,11.0,9.6,30.1,77.8,30.8,Post-Monsoon,3,4,1,0,1,0,0,0,0,1,0,1,0,1,Mastitis,Moderate,0
Buffalo,68,Female,3,1,1,0,0,293,Dewormed,22.5142,84.6877,31.5,10.6,30.7,78.8,7.2,Post-Monsoon,3,3,2,0,1,0,0,0,1,0,0,0,0,0,Lumpy_Skin_Disease,Moderate,0
Cow,21,Female,15,0,1,0,1,197,Untreated,24.2753,81.7452,37.0,14.9,29.8,73.6,49.9,Monsoon,1,3,3,2,0,0,0,0,0,0,1,0,0,1,Anthrax,Critical,1
Buffalo,15,Female,1,1,1,1,0,337,Dewormed,15.6481,83.5978,60.4,4.5,22.6,47.6,3.6,Post-Monsoon,1,0,0,0,0,0,0,0,1,0,0,0,0,0,Healthy,Low,0
Cow,18,Female,11,1,1,1,1,294,Antibiotics,22.1337,77.095,35.0,14.8,30.2,60.8,34.8,Post-Monsoon,1,2,3,1,1,1,0,0,0,0,1,0,0,1,Anthrax,Critical,1
Cow,67,Female,1,1,1,1,1,250,Antibiotics,20.6216,84.5236,32.8,12.8,21.2,70.8,31.9,Monsoon,3,4,1,0,1,0,0,0,0,1,0,1,0,0,Mastitis,Moderate,0
Buffalo,56,Male,12,1,1,1,1,257,Untreated,27.1097,77.5824,8.5,2.2,29.7,89.9,34.4,Monsoon,5,2,1,0,0,0,0,0,0,1,0,1,0,0,Mastitis,Moderate,0
Buffalo,67,Female,1,1,1,0,0,96,Dewormed,24.4723,76.0072,46.6,1.4,29.7,82.0,9.5,Post-Monsoon,4,5,1,0,0,0,0,0,0,0,0,0,0,0,Lumpy_Skin_Disease,Moderate,0
Buffalo,34,Male,6,0,1,1,1,359,Antibiotics,20.4676,79.1897,21.2,12.9,27.0,88.7,14.6,Post-Monsoon,4,2,2,0,1,0,0,0,1,0,0,0,0,0,Lumpy_Skin_Disease,Moderate,0
Buffalo,112,Female,12,1,1,1,1,86,Untreated,20.2246,83.6502,42.8,8.4,26.8,64.9,13.3,Summer,3,1,1,0,1,1,0,0,0,1,0,1,0,0,Mastitis,Moderate,0
Buffalo,76,Female,32,1,0,1,1,324,Untreated,23.5844,82.1373,24.3,14.8,28.0,96.2,48.3,Monsoon,2,1,2,1,1,1,0,0,0,0,1,0,0,0,Hemorrhagic_Septicemia,Critical,1
Cow,41,Female,2,1,1,1,0,163,Untreated,24.2773,78.8153,44.1,9.8,32.9,63.8,23.4,Post-Monsoon,4,2,1,1,1,0,0,1,0,0,0,0,1,0,Black_Quarter,High,1
Buffalo,70,Female,1,1,1,1,1,334,Untreated,20.7154,73.0267,47.3,7.8,16.0,57.7,0.7,Summer,0,0,0,0,0,0,0,0,0,0,0,0,0,0,Healthy,Low,0
Buffalo,105,Male,9,0,0,1,1,346,Antibiotics,17.4943,76.3063,5.9,14.8,18.9,74.4,9.4,Post-Monsoon,5,6,4,0,0,1,1,1,0,0,0,0,0,0,FMD,High,1
Buffalo,51,Female,2,1,0,1,1,333,Dewormed,27.6281,76.7247,47.0,9.2,29.9,88.3,58.6,Monsoon,3,2,1,2,1,1,0,0,0,0,1,0,0,0,Hemorrhagic_Septicemia,Critical,1
Cow,119,Female,2,1,0,0,1,255,Supportive Care,27.2449,82.6412,47.9,12.7,26.2,61.4,14.5,Monsoon,0,0,0,0,0,0,0,0,0,0,0,0,0,0,Healthy,Low,0
Buffalo,97,Female,19,1,1,0,1,221,Supportive Care,27.1072,83.4202,31.5,0.4,27.3,81.4,7.6,Post-Monsoon,3,5,2,0,0,0,0,0,1,0,0,0,0,0,Lumpy_Skin_Disease,Moderate,0
Cow,107,Female,10,1,1,1,0,329,Supportive Care,27.9475,76.0821,37.1,6.3,31.5,60.7,15.1,Post-Monsoon,1,2,4,0,1,0,0,1,0,0,0,0,0,0,Black_Quarter,High,1
Cow,74,Female,10,1,0,1,1,84,Untreated,15.88,78.9997,42.2,1.0,21.2,87.9,31.9,Monsoon,5,5,1,0,1,1,0,0,0,0,1,0,0,0,Hemorrhagic_Septicemia,Critical,1
Buffalo,114,Female,1,1,1,1,0,251,Antibiotics,20.629,80.7224,15.6,6.7,38.5,69.6,21.9,Post-Monsoon,2,4,1,2,1,0,1,0,0,0,0,0,0,0,Black_Quarter,High,1
Cow,67,Female,4,1,1,1,1,182,Untreated,26.1616,81.2865,5.5,9.7,30.9,79.4,25.0,Winter,1,4,3,0,0,0,0,0,0,1,0,1,0,0,Mastitis,Moderate,0
Buffalo,17,Male,9,1,1,1,0,338,Antibiotics,27.8149,80.8465,22.3,1.3,28.5,88.3,31.6,Winter,3,1,2,0,1,0,0,0,0,1,0,1,0,0,Mastitis,Moderate,0
Buffalo,22,Female,7,0,1,0,0,223,Dewormed,27.4787,82.3002,27.0,9.8,28.9,87.3,31.6,Monsoon,2,6,4,1,1,0,0,1,0,0,0,0,0,0,Black_Quarter,High,1
Buffalo,21,Female,17,1,0,1,1,268,Dewormed,26.5677,80.5982,22.3,5.0,29.4,69.7,39.1,Monsoon,3,1,1,1,1,1,0,0,0,0,1,0,0,0,Hemorrhagic_Septicemia,Critical,1
Buffalo,27,Female,8,1,1,1,1,99,Supportive Care,18.118,73.7272,18.3,8.8,34.9,73.9,7.4,Winter,1,2,3,0,1,0,0,0,0,1,0,1,0,0,Mastitis,Moderate,0
Buffalo,105,Female,6,0,0,1,0,233,Dewormed,18.7625,84.5055,10.9,11.4,29.9,66.6,12.1,Winter,3,5,2,0,1,1,1,0,0,0,0,0,0,0,FMD,Moderate,0
Cow,89,Female,11,1,1,0,1,311,Dewormed,25.9538,80.1085,5.3,12.2,18.2,67.3,24.8,Winter,3,5,3,0,1,0,0,0,1,1,0,1,0,0,Mastitis,Moderate,0
Buffalo,58,Female,1,1,1,1,0,340,Dewormed,21.9046,74.5076,27.1,5.0,30.8,62.9,45.6,Post-Monsoon,0,1,1,2,1,0,0,1,0,0,0,0,0,0,Black_Quarter,High,1
Cow,87,Female,3,1,1,0,0,334,Untreated,26.3085,76.317,10.0,10.5,20.9,71.0,38.6,Post-Monsoon,1,5,2,0,1,0,0,0,0,1,0,1,1,0,Mastitis,Moderate,0
Cow,9,Female,4,1,0,1,0,240,Untreated,24.0863,73.5185,83.8,9.8,25.1,84.6,3.1,Monsoon,1,0,0,0,0,0,1,0,0,0,0,0,0,0,Healthy,Low,0
Cow,21,Female,22,0,1,0,0,233,Dewormed,21.8047,77.6336,24.2,7.7,24.4,55.0,13.8,Monsoon,4,6,2,0,1,1,0,0,0,0,0,0,0,0,FMD,Moderate,0
Cow,101,Female,25,0,1,0,1,122,Dewormed,19.2046,81.4561,25.7,2.9,11.0,42.3,8.5,Post-Monsoon,3,5,3,0,1,1,1,0,0,0,0,0,0,0,FMD,High,1
Buffalo,54,Female,1,1,1,0,1,220,Antibiotics,21.9356,78.057,22.3,14.2,30.1,73.5,8.3,Post-Monsoon,3,1,1,0,1,0,0,0,1,0,0,0,0,0,Lumpy_Skin_Disease,Moderate,0
Buffalo,64,Male,8,1,1,0,0,284,Antibiotics,15.9539,83.74,24.6,9.8,28.9,80.8,21.6,Post-Monsoon,4,6,3,0,1,0,0,0,1,0,0,0,0,1,Lumpy_Skin_Disease,High,1
Buffalo,14,Male,18,0,1,0,1,105,Dewormed,26.2174,77.2304,25.5,5.6,31.3,77.3,26.0,Post-Monsoon,5,6,2,0,1,0,0,0,1,0,0,0,0,0,Lumpy_Skin_Disease,Moderate,0
Buffalo,48,Female,10,1,0,1,1,111,Supportive Care,23.2555,77.1994,0.8,8.7,32.4,93.0,63.4,Monsoon,3,5,2,0,1,1,0,0,0,0,1,0,0,0,Hemorrhagic_Septicemia,Critical,1
Buffalo,110,Male,6,0,1,1,1,261,Supportive Care,20.8432,74.2312,41.3,5.8,22.0,55.9,8.0,Winter,3,6,3,0,1,1,0,1,0,0,0,0,0,0,FMD,High,1
Cow,51,Female,2,1,1,1,1,186,Dewormed,26.5503,74.7725,6.8,10.4,18.7,95.3,36.8,Summer,3,1,1,0,1,0,0,0,0,1,0,1,0,0,Mastitis,Moderate,0
Buffalo,112,Female,1,0,1,1,0,49,Antibiotics,18.7647,79.8783,42.4,14.0,30.4,50.9,10.5,Post-Monsoon,3,6,1,0,0,0,0,1,0,0,0,0,0,0,Black_Quarter,Moderate,0
Cow,85,Female,8,1,0,1,1,47,Dewormed,26.8115,76.4376,7.2,2.1,20.1,91.2,28.1,Post-Monsoon,2,3,1,0,1,0,0,0,0,1,0,1,0,0,Mastitis,Moderate,0
Buffalo,74,Female,7,1,0,0,0,106,Antibiotics,18.1906,81.0606,48.8,5.7,33.5,74.7,24.2,Monsoon,2,4,4,1,1,0,0,0,0,0,0,0,0,0,Black_Quarter,High,1
Cow,8,Female,5,0,0,1,0,130,Dewormed,25.5891,75.198,20.6,7.0,27.4,51.7,1.9,Post-Monsoon,4,3,3,0,1,1,1,1,0,0,0,0,0,0,FMD,High,1
Cow,53,Female,4,1,1,0,1,74,Dewormed,23.6139,77.999,43.4,2.9,32.8,91.5,7.3,Post-Monsoon,1,1,3,0,1,1,0,0,1,0,0,0,0,0,Lumpy_Skin_Disease,High,1
Cow,24,Female,31,1,1,0,1,81,Supportive Care,16.4108,83.6897,40.6,5.0,15.9,60.1,5.9,Summer,2,5,1,0,1,1,1,0,0,0,0,0,0,0,FMD,Moderate,0
Buffalo,15,Female,23,0,0,0,0,999,Supportive Care,27.6406,74.123,29.8,7.4,29.2,81.1,32.5,Monsoon,5,4,1,2,1,1,0,0,0,0,1,0,0,0,Hemorrhagic_Septicemia,Critical,1
Cow,38,Female,1,1,0,1,1,189,Supportive Care,24.5134,80.5418,24.1,1.6,33.7,83.2,50.1,Monsoon,6,2,1,0,1,1,1,0,0,0,1,0,0,0,Hemorrhagic_Septicemia,Critical,1
Buffalo,118,Female,22,0,1,1,1,61,Supportive Care,26.7706,75.2879,32.0,4.5,27.2,78.2,2.5,Winter,2,2,4,0,1,0,0,1,0,0,0,0,1,0,FMD,High,1
Buffalo,14,Female,14,1,1,0,1,255,Dewormed,27.7695,75.385,28.6,0.1,30.1,91.8,23.6,Post-Monsoon,2,3,1,0,1,0,0,0,1,0,0,0,0,0,Lumpy_Skin_Disease,Moderate,0
Buffalo,49,Female,22,0,0,1,1,30,Supportive Care,27.6057,81.7697,8.4,8.5,28.8,85.9,73.5,Monsoon,5,2,4,2,1,1,0,0,0,0,1,0,0,0,Hemorrhagic_Septicemia,Critical,1
Buffalo,25,Female,18,1,1,1,1,157,Untreated,24.1942,83.555,43.6,2.8,26.6,84.8,17.4,Post-Monsoon,1,5,3,0,1,0,0,0,0,1,0,1,1,0,Mastitis,Moderate,0
Cow,26,Female,5,1,0,1,1,228,Untreated,22.0457,74.8594,99.9,13.4,21.2,71.0,3.0,Winter,0,0,0,0,0,0,0,0,0,0,0,0,0,0,Healthy,Low,0
Cow,78,Female,43,1,1,0,0,247,Untreated,18.9986,80.4709,37.2,8.4,36.8,74.5,29.7,Post-Monsoon,5,5,2,0,1,0,0,0,1,0,0,0,1,0,Lumpy_Skin_Disease,Moderate,0
Buffalo,77,Female,1,1,0,1,1,334,Untreated,17.0845,78.9803,47.0,2.6,28.1,71.1,65.6,Monsoon,3,6,1,1,1,1,0,1,0,0,1,1,0,0,Hemorrhagic_Septicemia,Critical,1
Buffalo,103,Female,7,0,1,0,1,157,Supportive Care,20.9893,74.7454,28.2,4.8,33.1,71.7,8.9,Post-Monsoon,6,3,2,0,1,0,0,0,1,0,0,0,0,0,Lumpy_Skin_Disease,Moderate,0
Cow,69,Female,5,0,1,0,0,222,Antibiotics,20.9604,78.7313,62.4,5.5,14.9,58.9,11.4,Post-Monsoon,1,0,0,0,0,0,0,0,0,0,0,0,0,0,Healthy,Low,0
Buffalo,74,Female,24,0,1,1,1,158,Dewormed,27.8278,79.4795,48.2,3.1,29.5,20.0,8.7,Post-Monsoon,5,6,3,0,1,1,1,1,0,1,0,0,1,0,FMD,High,1
Cow,41,Female,15,0,0,1,1,68,Antibiotics,23.5083,81.9113,43.1,1.6,28.3,86.9,38.4,Monsoon,0,1,2,1,1,1,0,0,0,0,1,0,0,0,Hemorrhagic_Septicemia,Critical,1
Buffalo,93,Female,3,0,1,1,1,181,Supportive Care,24.5364,84.0145,2.7,8.6,30.4,77.1,11.3,Post-Monsoon,3,3,2,0,1,0,0,0,1,0,0,0,0,0,Lumpy_Skin_Disease,Moderate,0
Buffalo,69,Female,2,1,1,1,1,37,Antibiotics,18.8098,79.668,45.0,4.5,20.4,90.7,35.6,Summer,2,3,1,0,1,0,0,0,0,1,0,1,0,0,Mastitis,Moderate,0
Buffalo,35,Female,1,1,1,0,1,360,Supportive Care,23.0488,74.3291,4.7,7.6,27.2,89.9,20.8,Post-Monsoon,0,1,1,1,1,0,0,0,0,0,0,0,0,0,Black_Quarter,High,1
Buffalo,13,Male,3,0,1,0,1,283,Dewormed,18.1026,80.0422,49.0,14.6,29.4,76.7,11.6,Summer,1,4,1,0,1,1,1,1,0,0,0,1,0,0,FMD,Moderate,0
Cow,92,Female,1,0,1,0,1,122,Dewormed,18.9745,82.1977,6.7,5.1,19.8,65.1,10.2,Summer,1,2,1,0,1,1,0,1,0,0,0,0,0,0,FMD,Moderate,0
Cow,76,Female,4,1,1,1,0,160,Antibiotics,24.9047,75.1729,16.9,5.8,29.9,69.8,28.4,Post-Monsoon,1,3,2,2,1,0,0,1,0,1,0,0,0,0,Black_Quarter,High,1
Buffalo,70,Male,4,1,0,1,1,320,Supportive Care,19.2663,80.4687,3.4,3.6,30.2,100.0,71.5,Monsoon,1,1,1,1,1,1,0,0,0,0,1,0,1,0,Hemorrhagic_Septicemia,Critical,1
Cow,41,Female,2,1,1,0,1,43,Untreated,16.2452,83.1754,32.6,2.5,37.7,66.2,44.1,Post-Monsoon,2,2,1,1,1,0,0,1,0,0,0,0,0,0,Black_Quarter,High,1
Cow,80,Female,13,0,1,1,1,162,Untreated,20.0619,75.8715,28.1,4.4,27.9,93.8,9.1,Monsoon,4,2,4,0,1,0,0,1,0,1,0,1,0,0,Mastitis,Moderate,0
Buffalo,8,Female,14,1,0,1,1,358,Antibiotics,18.2372,78.0709,8.5,13.4,28.9,94.0,47.7,Monsoon,1,2,1,1,0,1,0,0,0,0,1,0,0,0,Hemorrhagic_Septicemia,Critical,1
Cow,95,Female,8,1,0,1,0,80,Dewormed,23.5416,84.231,17.7,5.4,29.3,73.5,34.7,Monsoon,6,2,2,1,0,1,0,0,0,0,1,0,0,1,Anthrax,Critical,1
Cow,55,Female,8,1,1,0,1,270,Antibiotics,26.15,73.3318,8.1,12.0,26.7,79.9,27.6,Post-Monsoon,4,6,1,0,1,0,0,0,0,0,0,0,0,0,Lumpy_Skin_Disease,Moderate,0
Buffalo,13,Female,8,1,1,1,1,115,Antibiotics,17.2021,80.1558,30.5,7.2,20.2,53.5,1.4,Monsoon,2,4,3,0,1,1,1,1,0,0,1,0,0,0,FMD,High,1
Cow,54,Female,25,1,0,0,1,290,Untreated,22.3387,84.0614,13.7,5.8,24.8,53.8,5.0,Post-Monsoon,6,3,2,0,1,1,1,1,0,0,0,0,0,0,FMD,Moderate,0
Buffalo,119,Female,11,0,1,1,1,182,Antibiotics,26.9119,77.077,2.0,2.8,37.6,80.3,28.9,Post-Monsoon,5,2,2,1,1,0,0,1,0,0,0,0,0,0,Black_Quarter,High,1
Buffalo,24,Female,10,1,1,0,1,359,Antibiotics,22.9513,84.7157,39.3,8.4,24.9,79.6,12.1,Summer,0,2,2,0,1,0,0,0,0,1,0,1,0,0,Mastitis,Moderate,0
Buffalo,40,Male,5,1,1,1,1,143,Dewormed,24.0427,74.5449,66.4,7.9,30.1,37.5,10.4,Summer,2,0,0,0,0,0,0,1,0,0,0,0,0,0,Healthy,Low,0
Cow,63,Female,20,1,1,1,0,335,Antibiotics,27.7446,81.9674,33.2,10.4,30.0,72.1,44.2,Post-Monsoon,5,5,4,2,1,0,0,1,0,0,0,0,0,0,Black_Quarter,High,1
Cow,46,Female,1,1,0,1,1,147,Supportive Care,25.0558,78.8205,4.1,2.6,32.1,87.1,46.9,Monsoon,5,2,1,0,1,1,0,0,0,0,1,0,0,0,Hemorrhagic_Septicemia,Critical,1
Cow,15,Female,14,1,1,1,0,111,Untreated,21.258,76.7838,45.1,12.9,14.5,68.0,17.8,Winter,4,2,4,0,1,0,0,1,0,1,0,1,0,0,Mastitis,Moderate,0
Cow,80,Female,17,0,1,1,1,80,Dewormed,17.7841,82.8137,44.1,10.6,24.7,67.4,0.9,Post-Monsoon,2,6,3,0,1,1,1,1,0,0,0,0,0,0,FMD,High,1
Cow,18,Female,1,1,1,0,1,293,Untreated,24.8642,81.0248,16.6,0.8,33.1,70.7,14.2,Post-Monsoon,3,3,1,0,1,0,0,0,1,0,0,0,0,1,Lumpy_Skin_Disease,Moderate,0
Buffalo,11,Female,15,1,0,0,1,91,Untreated,21.4068,82.9594,22.5,1.9,26.3,83.8,29.4,Post-Monsoon,0,4,1,0,1,0,0,0,1,0,0,0,0,0,Lumpy_Skin_Disease,Moderate,0
Buffalo,112,Female,11,0,1,0,0,265,Supportive Care,19.7547,78.9012,47.4,9.4,32.6,79.0,14.2,Monsoon,1,1,3,0,1,0,0,1,0,0,0,0,0,0,Black_Quarter,High,1
Buffalo,13,Female,28,1,0,0,1,331,Antibiotics,16.5176,83.2123,44.0,6.7,30.6,82.9,13.5,Post-Monsoon,0,6,3,0,1,0,0,0,1,0,0,0,0,0,Lumpy_Skin_Disease,High,1
Cow,87,Female,5,1,1,0,1,68,Dewormed,19.9086,81.0578,40.7,8.7,29.2,80.3,12.3,Post-Monsoon,5,3,1,0,1,0,0,0,0,0,0,0,0,0,Lumpy_Skin_Disease,Moderate,0
Cow,48,Female,8,1,0,1,1,140,Supportive Care,24.896,84.5631,15.3,5.3,28.1,84.5,1.0,Winter,0,0,0,0,0,0,0,0,0,0,0,0,0,0,Healthy,Low,0
Buffalo,26,Female,1,1,0,1,1,323,Dewormed,22.5184,78.8325,58.4,0.8,22.3,51.5,7.6,Monsoon,2,0,0,0,0,0,0,0,1,0,0,0,0,0,Healthy,Low,0
Cow,89,Female,3,0,0,0,1,310,Supportive Care,25.0673,76.3083,53.3,13.9,18.9,63.6,10.9,Monsoon,1,0,0,0,0,0,0,0,0,0,0,0,0,0,Healthy,Low,0
Buffalo,68,Female,3,1,0,1,0,293,Dewormed,24.0251,78.6638,21.4,11.3,27.1,63.7,5.1,Post-Monsoon,6,4,2,0,0,1,0,1,0,0,0,0,0,0,FMD,Moderate,0
Cow,69,Female,7,1,1,1,1,296,Dewormed,24.7448,82.0921,43.8,6.2,32.5,90.0,48.3,Monsoon,2,4,4,1,1,0,0,0,0,0,1,0,0,0,Hemorrhagic_Septicemia,Critical,1
Cow,95,Female,6,0,1,0,1,224,Antibiotics,22.418,81.8874,30.6,2.4,37.6,80.8,10.0,Post-Monsoon,1,6,2,0,1,0,0,0,1,0,0,1,0,0,Lumpy_Skin_Disease,Moderate,0
Buffalo,90,Male,18,1,0,1,0,315,Antibiotics,21.4471,76.2001,9.8,14.4,26.8,77.1,23.9,Post-Monsoon,3,2,3,0,0,0,0,0,1,0,0,0,0,0,Lumpy_Skin_Disease,High,1
Cow,90,Female,3,1,1,1,0,241,Supportive Care,18.5265,78.5871,39.0,8.4,29.1,85.6,24.4,Monsoon,3,2,2,2,1,0,0,1,0,0,0,0,0,0,Black_Quarter,High,1
Cow,102,Female,30,1,1,0,1,205,Supportive Care,19.3419,78.6925,12.3,0.3,26.1,96.2,7.6,Post-Monsoon,4,6,1,0,1,0,0,0,1,0,0,0,0,0,Lumpy_Skin_Disease,Moderate,0
Cow,62,Female,23,1,1,1,0,179,Untreated,22.5803,75.2141,32.6,7.0,30.9,48.7,42.3,Post-Monsoon,5,3,1,2,1,0,0,0,0,0,0,0,0,0,Black_Quarter,High,1
Buffalo,20,Female,2,0,1,0,1,112,Antibiotics,22.0055,76.3439,6.1,7.0,28.0,64.8,24.8,Winter,0,2,1,0,1,0,0,0,0,1,0,1,0,0,Mastitis,Moderate,0
Buffalo,68,Female,1,1,1,1,0,336,Antibiotics,15.0822,78.1484,5.3,1.8,34.5,58.9,41.4,Monsoon,2,5,1,2,1,0,0,1,0,0,0,0,0,0,Black_Quarter,High,1
Cow,37,Female,2,1,0,1,0,200,Untreated,23.0085,75.7715,7.2,13.2,37.5,48.6,13.9,Monsoon,1,2,1,1,1,0,0,1,0,0,0,0,0,0,Black_Quarter,High,1
Cow,23,Female,8,0,1,1,0,62,Antibiotics,21.6684,75.9349,93.0,7.5,27.7,45.4,0.3,Winter,2,0,0,0,0,0,0,0,0,0,0,0,0,0,Healthy,Low,0
Cow,84,Female,13,1,0,1,1,235,Dewormed,24.7137,84.3004,61.3,11.9,27.9,42.2,13.0,Summer,1,0,0,0,0,0,0,0,0,0,0,0,1,0,Healthy,Low,0
Buffalo,32,Male,11,0,1,1,0,302,Antibiotics,16.6994,75.3444,32.3,4.8,22.1,59.3,19.3,Monsoon,3,5,1,2,1,0,0,0,0,1,1,0,0,1,Anthrax,Critical,1
Buffalo,12,Female,1,0,1,0,0,331,Supportive Care,27.4339,79.8965,40.1,11.1,20.9,55.7,5.4,Winter,2,2,1,0,1,1,1,1,0,0,0,0,0,0,FMD,Moderate,0
Buffalo,114,Female,1,1,1,1,0,184,Antibiotics,24.912,74.2783,13.9,11.8,48.0,65.0,27.4,Post-Monsoon,1,2,1,0,1,0,0,1,0,0,0,0,0,0,Black_Quarter,Moderate,0
Cow,87,Female,10,1,0,0,1,224,Untreated,27.3312,80.8421,42.6,13.9,27.9,80.7,76.8,Monsoon,4,6,4,0,1,1,0,1,0,0,0,0,0,0,Hemorrhagic_Septicemia,Critical,1
Buffalo,73,Female,15,1,1,0,1,209,Supportive Care,22.6205,84.0691,26.2,3.8,26.4,82.4,25.9,Monsoon,3,6,2,0,1,0,0,0,0,1,0,1,0,0,Mastitis,Moderate,0
Buffalo,44,Male,11,1,1,1,1,338,Dewormed,21.534,79.5592,47.2,0.7,29.5,85.0,12.0,Post-Monsoon,5,1,2,0,1,0,0,0,1,0,0,0,0,0,Lumpy_Skin_Disease,Moderate,0
Buffalo,36,Female,9,0,0,1,0,138,Supportive Care,20.4742,74.0554,1.1,5.6,22.7,76.2,12.6,Post-Monsoon,2,5,3,0,1,1,0,1,0,0,0,0,0,0,FMD,High,1
Cow,96,Female,18,1,1,1,1,291,Antibiotics,15.4821,80.4688,10.5,5.8,26.4,84.7,42.3,Monsoon,2,2,4,2,1,1,0,0,0,0,1,0,0,0,Hemorrhagic_Septicemia,Critical,1
Buffalo,75,Female,27,1,1,1,1,292,Dewormed,19.6855,81.8283,56.7,9.5,27.7,67.0,6.3,Monsoon,0,0,0,0,0,0,0,0,1,0,0,0,0,0,Healthy,Low,0
Buffalo,113,Female,9,1,0,1,1,249,Supportive Care,15.8211,83.4812,93.6,9.5,32.1,73.4,0.2,Monsoon,1,0,0,0,1,0,0,0,0,0,0,0,0,0,Healthy,Low,0
Buffalo,101,Female,1,1,0,1,1,67,Supportive Care,15.3412,74.2688,37.2,5.2,33.3,80.3,50.1,Monsoon,0,2,1,0,1,1,0,0,0,0,1,0,0,0,Hemorrhagic_Septicemia,Critical,1
Buffalo,54,Male,15,1,0,0,1,157,Untreated,27.7826,75.961,36.4,0.5,26.1,79.7,40.0,Monsoon,2,2,2,0,1,1,0,0,0,0,1,0,0,0,Hemorrhagic_Septicemia,Critical,1
Buffalo,46,Female,16,0,1,0,1,313,Antibiotics,18.9474,75.3648,42.8,13.7,37.5,64.8,6.0,Winter,5,6,3,0,0,0,1,1,0,0,0,0,0,0,FMD,High,1
Cow,83,Female,10,1,1,0,1,303,Supportive Care,21.7042,83.9515,84.5,8.3,20.4,52.5,11.8,Monsoon,0,0,0,0,0,0,0,0,0,0,0,0,0,0,Healthy,Low,0
Buffalo,87,Male,13,1,1,0,1,79,Untreated,24.4143,77.8534,97.1,10.4,43.1,63.4,10.2,Summer,0,0,0,0,0,0,0,0,0,0,0,0,0,0,Healthy,Low,0
Cow,22,Female,30,1,0,1,1,333,Untreated,27.092,76.9929,43.4,14.2,30.0,87.9,20.6,Monsoon,3,2,4,0,1,1,0,0,0,0,1,0,0,0,Hemorrhagic_Septicemia,Critical,1
Buffalo,24,Female,10,1,1,0,0,96,Supportive Care,15.0314,73.5884,35.7,12.7,27.6,49.9,3.3,Winter,1,0,0,0,0,0,0,0,0,1,0,0,0,0,Healthy,Low,0
Buffalo,41,Female,9,0,1,0,0,137,Antibiotics,18.7041,82.2657,0.9,13.9,33.2,81.5,23.1,Post-Monsoon,3,6,2,0,1,0,1,0,1,0,0,0,1,0,Lumpy_Skin_Disease,Moderate,0
Cow,44,Female,3,0,1,1,1,58,Supportive Care,22.6052,84.9484,5.7,7.2,22.3,22.0,10.8,Summer,3,6,2,0,1,1,1,1,0,0,0,0,0,0,FMD,Moderate,0
Buffalo,38,Female,3,1,0,1,1,132,Supportive Care,19.5337,81.8523,1.6,0.5,27.4,91.2,49.8,Monsoon,6,4,2,2,1,1,0,0,0,0,1,0,0,0,Hemorrhagic_Septicemia,Critical,1
Buffalo,56,Male,23,0,1,0,1,120,Dewormed,26.3496,83.3782,44.1,8.6,26.6,95.2,25.7,Summer,4,3,2,0,1,0,0,0,1,1,0,1,0,0,Mastitis,Moderate,0
Cow,38,Female,9,1,1,0,0,318,Untreated,17.7495,77.0449,46.6,14.6,29.7,68.3,36.0,Monsoon,2,3,3,2,1,0,0,1,0,0,0,0,0,1,Black_Quarter,High,1
Cow,63,Female,2,1,1,1,0,127,Supportive Care,23.2893,80.7145,2.9,1.2,32.9,74.2,16.3,Monsoon,6,5,1,0,1,0,0,1,0,0,0,0,0,0,Black_Quarter,Moderate,0
Cow,71,Female,8,1,1,0,1,115,Dewormed,19.4347,76.7551,21.9,10.4,18.1,88.0,17.4,Summer,3,3,3,0,1,0,0,0,0,1,0,0,0,0,Mastitis,Moderate,0
Buffalo,61,Female,11,0,0,0,1,290,Dewormed,17.815,76.9982,14.3,12.0,27.6,49.0,12.2,Winter,2,3,3,0,1,1,1,1,0,0,0,0,0,0,FMD,High,1
Cow,51,Female,3,1,0,1,1,338,Untreated,18.9065,73.1147,6.2,5.2,26.0,85.0,25.9,Monsoon,2,3,2,1,1,1,0,0,0,0,1,0,0,0,Hemorrhagic_Septicemia,Critical,1
Cow,65,Female,24,0,1,1,1,194,Dewormed,20.9557,78.2652,26.3,12.7,35.2,62.0,0.7,Post-Monsoon,6,4,2,0,1,1,0,1,0,0,0,0,0,0,FMD,Moderate,0
Cow,94,Female,15,1,1,1,1,127,Antibiotics,17.7426,77.6731,49.2,5.1,26.2,58.5,9.9,Monsoon,0,6,1,0,1,1,1,1,0,0,0,0,0,0,FMD,Moderate,0
Cow,53,Female,15,1,0,1,1,278,Supportive Care,25.3828,78.362,8.8,8.2,23.4,90.1,53.1,Monsoon,4,2,1,0,1,1,1,0,0,0,1,0,0,0,Hemorrhagic_Septicemia,Critical,1
Cow,104,Female,1,0,1,1,1,146,Antibiotics,21.6959,75.1619,71.6,13.8,27.4,49.0,9.9,Post-Monsoon,0,0,0,0,0,0,0,1,0,0,0,0,0,0,Healthy,Low,0
Cow,17,Female,1,0,1,0,0,36,Antibiotics,25.8718,77.6685,11.2,13.7,32.6,69.8,13.8,Post-Monsoon,6,4,1,2,1,0,0,1,0,0,0,0,0,0,Black_Quarter,High,1
Cow,24,Female,5,1,1,1,0,231,Dewormed,26.0286,83.3211,42.4,12.3,37.2,81.3,16.0,Monsoon,4,1,1,0,1,0,0,1,0,0,0,0,0,0,Black_Quarter,Moderate,0
Cow,37,Female,17,0,0,1,0,34,Supportive Care,20.3122,78.0041,7.8,5.1,29.9,87.6,34.4,Monsoon,2,6,3,2,1,1,0,0,0,0,1,0,0,0,Hemorrhagic_Septicemia,Critical,1
Cow,64,Female,3,1,1,1,0,115,Supportive Care,19.9984,77.5556,10.4,13.7,17.9,48.7,12.0,Winter,3,2,1,0,1,1,1,1,0,0,0,0,0,0,FMD,Moderate,0
Buffalo,109,Female,1,1,0,0,1,208,Supportive Care,25.4713,81.1265,40.6,9.6,32.1,98.6,69.4,Monsoon,4,1,1,2,0,1,0,0,1,0,1,0,0,0,Hemorrhagic_Septicemia,Critical,1
Cow,71,Female,1,0,0,1,1,151,Antibiotics,17.3007,83.5312,3.9,12.3,26.6,99.2,56.4,Monsoon,2,4,1,0,1,1,0,0,0,0,0,0,0,0,Hemorrhagic_Septicemia,Critical,1
Buffalo,22,Female,7,1,0,0,1,292,Dewormed,18.4496,79.2704,13.1,11.7,29.3,91.4,78.0,Monsoon,2,4,2,0,1,1,0,0,0,0,1,0,0,0,Hemorrhagic_Septicemia,Critical,1
Buffalo,99,Female,9,0,1,0,1,244,Untreated,21.7417,78.7188,10.8,8.2,19.9,88.8,13.3,Monsoon,1,2,2,0,0,1,1,1,0,0,0,0,0,0,FMD,Moderate,0
Buffalo,111,Female,3,1,0,1,1,276,Dewormed,26.69,82.2162,1.3,4.0,35.5,54.7,30.8,Monsoon,2,6,2,2,1,0,0,0,1,0,0,0,0,0,Black_Quarter,High,1
Buffalo,119,Female,20,1,1,0,0,337,Supportive Care,19.1079,76.4765,39.1,7.4,22.5,72.8,45.7,Monsoon,5,6,3,0,1,0,0,1,0,0,0,0,0,0,Black_Quarter,High,1
Buffalo,61,Female,5,0,0,1,0,56,Dewormed,22.7056,81.2848,41.3,12.3,27.7,65.8,1.1,Summer,1,1,4,0,1,1,1,0,0,0,0,0,0,0,FMD,High,1
Buffalo,31,Female,17,0,1,1,1,278,Supportive Care,27.5572,83.5909,7.6,9.9,23.8,35.9,6.7,Winter,2,4,2,0,1,1,1,1,0,0,0,0,0,0,FMD,Moderate,0
Cow,101,Female,2,1,1,1,0,307,Dewormed,20.7556,82.0982,21.3,13.9,28.4,65.8,0.8,Winter,0,0,0,0,0,0,0,0,0,1,0,0,0,0,Healthy,Low,0
Cow,17,Female,2,1,1,1,1,228,Dewormed,23.801,81.1139,33.5,1.5,30.9,47.1,11.6,Post-Monsoon,0,0,0,0,0,0,0,0,0,0,0,0,0,0,Healthy,Low,0
Cow,36,Female,19,1,0,1,1,294,Dewormed,26.2054,77.4614,41.6,1.1,19.4,65.1,24.6,Summer,2,6,4,0,1,0,0,0,1,1,0,0,0,0,Mastitis,Moderate,0
Buffalo,19,Male,37,0,1,1,1,305,Supportive Care,26.3802,82.3481,23.8,2.5,24.7,80.4,8.5,Winter,4,2,1,0,1,1,1,0,0,0,0,0,0,0,FMD,Moderate,0
Buffalo,100,Female,2,0,0,1,1,116,Untreated,18.6911,80.2602,39.9,14.0,32.3,80.4,36.4,Monsoon,3,5,1,0,1,1,0,0,0,0,1,0,0,0,Hemorrhagic_Septicemia,Critical,1
Buffalo,78,Male,12,1,1,1,1,53,Supportive Care,20.2509,82.0894,22.6,3.3,22.4,85.6,38.7,Winter,3,4,4,0,1,0,0,0,0,1,0,1,0,0,Mastitis,Moderate,0
Cow,39,Female,15,0,1,0,0,278,Supportive Care,21.2201,78.1311,14.8,2.0,34.2,82.3,31.7,Post-Monsoon,1,4,3,2,1,0,0,1,0,0,0,0,0,0,Black_Quarter,High,1
Buffalo,30,Male,7,1,0,0,0,204,Dewormed,22.2255,82.3045,0.8,6.5,35.2,78.0,51.8,Monsoon,5,3,1,1,1,1,0,0,0,0,0,0,0,0,Hemorrhagic_Septicemia,Critical,1
Cow,47,Female,12,0,1,1,1,123,Untreated,27.8983,83.6817,41.0,2.4,31.3,51.0,45.6,Monsoon,6,2,2,0,1,0,0,0,0,0,1,0,0,0,Anthrax,Critical,1
Cow,118,Female,1,0,0,1,1,198,Antibiotics,15.7168,84.4724,25.7,11.0,40.3,69.3,11.0,Post-Monsoon,6,3,1,0,0,0,0,1,0,0,0,0,0,0,Black_Quarter,Moderate,0
Cow,19,Female,32,1,0,1,1,146,Antibiotics,18.6779,80.6379,29.6,11.1,30.2,78.7,56.4,Monsoon,4,4,3,0,1,1,0,0,0,1,1,0,0,0,Hemorrhagic_Septicemia,Critical,1
Cow,47,Female,2,0,1,1,1,295,Supportive Care,24.9753,80.3483,2.8,10.4,34.3,68.1,9.7,Summer,4,3,1,0,0,1,1,1,0,1,0,0,0,0,FMD,Moderate,0
Cow,61,Female,6,1,0,0,1,328,Untreated,23.7044,73.5534,10.6,14.2,31.7,72.5,10.9,Winter,3,4,1,0,1,0,0,0,0,1,0,0,0,0,Mastitis,Moderate,0
Buffalo,20,Female,4,1,0,0,1,123,Supportive Care,23.4108,76.3952,26.9,2.0,27.2,81.7,27.4,Post-Monsoon,2,1,1,0,1,0,0,0,1,0,0,0,0,0,Lumpy_Skin_Disease,Moderate,0
Buffalo,8,Male,4,0,0,0,1,237,Untreated,26.9304,78.2412,12.4,9.8,24.1,58.7,0.6,Winter,5,3,3,0,1,1,1,1,0,0,0,0,0,0,FMD,High,1
Buffalo,80,Male,26,1,1,0,0,273,Supportive Care,18.4743,81.9961,44.5,10.0,29.3,69.0,20.9,Monsoon,2,6,4,0,1,0,0,1,0,0,0,0,0,0,Black_Quarter,High,1
Buffalo,94,Female,6,0,1,1,1,207,Supportive Care,19.7216,84.2406,81.7,13.6,25.0,29.3,2.4,Post-Monsoon,0,0,0,0,0,0,0,0,0,0,0,0,0,0,Healthy,Low,0
Cow,65,Female,17,1,1,1,1,129,Dewormed,25.9158,81.4403,25.2,5.5,26.3,73.0,26.3,Winter,2,6,3,0,1,0,0,0,0,0,1,1,0,0,Mastitis,Moderate,0
Buffalo,7,Female,6,1,1,1,1,360,Antibiotics,20.7944,78.7804,47.0,4.6,36.8,76.9,26.7,Monsoon,0,3,4,0,1,0,0,0,0,0,1,0,0,1,Anthrax,Critical,1
Buffalo,86,Female,14,0,0,0,0,999,Untreated,21.4167,81.3793,17.4,13.0,29.6,85.9,29.4,Monsoon,8,4,4,0,0,1,0,0,0,0,1,0,0,0,Hemorrhagic_Septicemia,Critical,1
Buffalo,64,Female,8,1,0,0,1,253,Antibiotics,22.9175,77.5021,12.6,0.3,27.8,76.4,21.5,Winter,4,6,1,0,1,0,0,0,0,1,0,0,0,0,Mastitis,Moderate,0
Cow,46,Female,15,0,0,1,0,161,Dewormed,26.3214,78.0719,42.2,9.5,14.3,66.9,9.0,Monsoon,3,6,4,0,1,1,1,1,0,0,0,0,0,0,FMD,High,1
Buffalo,104,Female,19,1,1,1,0,188,Dewormed,25.2562,74.8406,1.4,8.8,26.6,91.9,39.2,Winter,2,6,4,0,1,0,0,0,0,1,0,1,0,0,Mastitis,Moderate,0
Cow,119,Female,22,1,1,0,1,232,Untreated,18.9053,79.9273,32.0,11.0,20.8,62.0,15.4,Post-Monsoon,2,2,4,0,1,0,0,0,1,1,0,1,0,0,Mastitis,Moderate,0
Buffalo,48,Male,2,1,0,0,1,87,Untreated,25.2606,75.7492,28.7,6.5,26.1,88.6,31.7,Monsoon,4,4,1,0,1,1,0,0,0,1,0,0,0,0,Hemorrhagic_Septicemia,Critical,1
Buffalo,99,Female,14,1,0,1,1,252,Dewormed,21.2292,81.6097,14.2,1.3,27.5,92.8,50.5,Monsoon,1,4,2,0,0,1,0,0,0,0,1,0,0,0,Hemorrhagic_Septicemia,Critical,1
Cow,81,Female,7,1,1,1,0,50,Dewormed,22.7766,80.3695,40.6,3.5,26.9,76.6,25.8,Monsoon,6,1,3,0,1,1,0,0,0,0,1,0,0,0,Hemorrhagic_Septicemia,Critical,1
Cow,73,Female,9,1,1,0,0,30,Dewormed,18.1482,74.8648,23.3,5.2,23.2,86.8,6.1,Post-Monsoon,3,3,2,0,1,0,0,0,1,0,0,0,0,0,Lumpy_Skin_Disease,Moderate,0
Cow,82,Female,5,0,1,1,0,277,Dewormed,18.3537,75.6955,9.4,11.1,24.2,70.2,5.6,Monsoon,2,1,2,0,1,0,0,0,0,1,0,1,0,0,Mastitis,Moderate,0
Buffalo,88,Female,3,1,0,1,1,205,Dewormed,23.1506,83.3113,9.0,1.4,24.7,86.3,46.9,Monsoon,0,4,1,0,1,0,0,0,0,0,1,0,0,0,Hemorrhagic_Septicemia,Critical,1
Cow,88,Female,23,0,0,0,0,999,Dewormed,18.1323,81.1791,10.3,3.5,30.0,74.3,16.3,Post-Monsoon,5,5,2,0,1,0,0,0,1,0,0,0,0,0,Lumpy_Skin_Disease,Moderate,0
Cow,75,Female,3,0,1,1,0,69,Untreated,19.8428,82.4129,41.2,9.5,25.5,72.8,8.3,Winter,2,5,1,0,1,1,1,0,0,0,0,0,0,0,FMD,Moderate,0
Buffalo,97,Male,5,0,1,1,1,356,Supportive Care,25.5538,74.0423,18.9,13.0,19.9,29.9,7.2,Summer,2,6,4,0,1,1,1,0,0,0,0,0,0,0,FMD,High,1
Cow,91,Female,6,0,1,1,1,93,Untreated,22.3665,82.2609,15.1,7.6,24.1,64.5,4.3,Post-Monsoon,0,4,4,0,1,1,1,0,0,0,0,0,0,0,FMD,High,1
Buffalo,92,Female,1,1,1,0,1,115,Antibiotics,18.9687,76.9364,35.0,4.1,30.7,93.3,25.4,Post-Monsoon,2,2,1,0,1,0,0,0,1,0,0,0,0,0,Lumpy_Skin_Disease,Moderate,0
Buffalo,114,Female,21,0,1,1,1,322,Antibiotics,26.0525,76.3886,19.8,4.8,21.0,51.1,10.4,Monsoon,3,3,3,0,1,1,1,1,0,0,0,0,0,0,FMD,High,1
Cow,107,Female,22,0,1,1,0,175,Untreated,21.6169,77.6492,26.9,4.9,27.5,61.0,14.3,Winter,1,4,1,0,1,1,1,1,0,0,0,0,0,0,FMD,Moderate,0
Cow,55,Female,3,1,0,0,0,136,Supportive Care,26.2991,77.5477,34.4,6.9,28.2,87.9,17.3,Monsoon,3,1,2,0,1,0,0,1,0,0,0,0,0,0,Black_Quarter,Moderate,0
Buffalo,28,Female,8,1,0,1,1,152,Untreated,25.255,75.5265,12.7,8.6,31.0,91.5,34.0,Monsoon,0,3,2,1,1,1,0,0,0,0,1,0,1,0,Hemorrhagic_Septicemia,Critical,1
Cow,31,Female,14,0,1,1,1,278,Antibiotics,27.441,76.1998,86.6,8.8,18.5,48.3,12.3,Monsoon,0,0,0,0,0,0,0,1,0,0,0,0,0,0,Healthy,Low,0
Buffalo,38,Female,4,0,0,1,1,82,Dewormed,18.636,77.1375,26.6,10.5,32.2,57.1,9.4,Summer,3,4,2,0,1,0,1,1,0,0,0,0,0,0,FMD,Moderate,0
Buffalo,14,Female,5,1,1,1,1,130,Dewormed,16.065,78.3416,4.1,5.0,26.0,77.2,9.1,Winter,3,6,4,0,1,0,0,0,0,0,0,1,0,0,Mastitis,Moderate,0
Buffalo,25,Female,31,1,1,0,1,181,Untreated,25.7792,73.8052,5.1,5.2,26.7,92.9,23.0,Post-Monsoon,5,4,2,0,1,0,0,1,1,0,0,0,0,0,Lumpy_Skin_Disease,Moderate,0
Buffalo,50,Male,5,0,1,0,1,83,Untreated,17.48,83.182,13.2,3.8,27.6,89.7,40.3,Post-Monsoon,3,4,4,2,1,0,0,0,1,0,1,0,0,1,Anthrax,Critical,1
Buffalo,111,Female,18,1,1,1,0,318,Untreated,18.8964,83.0512,18.7,3.0,26.2,78.0,52.6,Monsoon,4,1,2,0,1,1,0,0,0,0,1,0,0,0,Hemorrhagic_Septicemia,Critical,1
Cow,23,Female,6,1,1,1,0,354,Dewormed,19.8698,79.6361,17.7,6.8,23.6,71.3,31.3,Monsoon,4,6,2,0,0,0,0,0,0,1,0,1,0,0,Mastitis,Moderate,0
Buffalo,14,Female,16,1,0,1,0,283,Antibiotics,19.0955,79.3234,46.6,12.5,33.6,64.7,46.9,Post-Monsoon,4,4,4,1,0,0,0,1,0,0,0,0,0,0,Black_Quarter,High,1
Buffalo,82,Female,3,0,0,0,1,239,Supportive Care,24.1403,83.8574,24.6,14.4,24.2,52.8,3.3,Winter,2,2,1,0,1,1,1,1,0,0,0,0,0,0,FMD,Moderate,0
Cow,91,Female,13,1,0,1,0,169,Supportive Care,26.3217,73.2462,41.0,12.8,26.3,79.8,36.7,Monsoon,2,5,2,2,1,1,0,0,0,0,1,1,0,0,Hemorrhagic_Septicemia,Critical,1
Cow,104,Female,11,0,0,1,1,290,Supportive Care,17.6047,78.7164,7.3,10.2,29.1,70.9,8.7,Winter,3,6,4,0,1,1,1,1,0,0,0,0,0,0,FMD,High,1
Buffalo,114,Female,2,1,0,0,0,65,Dewormed,20.2436,77.0445,36.5,4.5,17.4,86.1,36.6,Monsoon,3,3,1,0,1,0,0,0,0,1,0,0,0,0,Mastitis,Moderate,0
Buffalo,7,Female,1,1,0,0,0,172,Supportive Care,20.3574,74.1785,19.4,14.9,19.6,61.8,12.8,Summer,5,5,1,0,1,1,1,1,0,0,0,0,0,0,FMD,Moderate,0
Buffalo,64,Female,7,1,0,1,0,339,Dewormed,20.0234,80.6139,26.3,13.9,28.1,91.1,49.8,Monsoon,2,6,1,0,1,1,0,0,0,0,1,0,0,0,Hemorrhagic_Septicemia,Critical,1
Cow,47,Female,5,1,1,0,1,272,Untreated,26.6882,73.6194,63.2,6.2,15.0,53.7,4.4,Post-Monsoon,0,0,0,0,0,0,0,0,0,0,0,0,1,0,Healthy,Low,0
Cow,79,Female,11,0,1,1,1,73,Untreated,27.811,76.1418,39.0,7.7,21.2,53.3,0.0,Monsoon,4,1,2,0,1,1,1,1,0,0,1,0,0,0,FMD,Moderate,0
Buffalo,46,Female,7,0,1,1,1,314,Antibiotics,26.6148,83.8565,19.0,5.6,20.5,58.3,19.3,Summer,5,5,3,0,1,0,0,0,0,1,0,1,0,0,Mastitis,Moderate,0
Cow,43,Female,21,1,1,1,1,161,Untreated,25.2631,79.8441,40.5,2.4,31.3,56.9,34.3,Winter,1,3,4,0,1,0,0,0,0,1,0,1,0,0,Mastitis,Moderate,0
Buffalo,70,Female,3,0,1,1,1,339,Untreated,18.2026,79.6847,42.2,0.4,32.2,87.7,25.4,Monsoon,3,4,1,2,1,1,0,0,0,1,1,0,0,0,Hemorrhagic_Septicemia,Critical,1
Buffalo,54,Female,10,1,0,1,0,171,Dewormed,19.6182,76.3316,9.7,13.1,34.1,80.0,53.3,Monsoon,4,5,2,1,1,1,1,0,0,0,1,0,0,0,Hemorrhagic_Septicemia,Critical,1
Cow,86,Female,10,1,1,0,0,192,Antibiotics,16.4812,84.9165,2.2,5.5,27.8,83.5,12.7,Post-Monsoon,2,5,3,0,1,0,0,0,1,0,0,0,0,0,Lumpy_Skin_Disease,High,1
Cow,71,Female,2,1,1,1,1,71,Untreated,22.7454,83.7802,32.8,14.1,31.2,57.4,7.1,Post-Monsoon,2,5,1,0,1,1,1,0,0,0,0,0,0,0,FMD,Moderate,0
Buffalo,32,Female,55,1,1,1,1,111,Dewormed,19.5665,80.228,32.6,4.5,21.9,63.7,29.5,Winter,3,2,1,0,1,1,0,0,0,1,0,1,0,0,Mastitis,Moderate,0
Buffalo,70,Male,6,0,0,1,0,295,Dewormed,25.0441,78.7996,45.3,6.6,32.6,77.8,25.6,Monsoon,3,5,4,2,1,0,0,0,0,0,0,0,0,0,Black_Quarter,High,1
Buffalo,54,Female,12,0,1,0,0,130,Antibiotics,20.9006,81.7516,31.9,9.5,20.8,68.4,10.5,Post-Monsoon,2,5,3,0,1,0,1,1,0,0,0,0,0,0,FMD,High,1
Buffalo,34,Male,15,1,1,1,1,99,Supportive Care,25.1057,75.6353,40.4,10.1,34.0,68.9,30.2,Post-Monsoon,3,4,1,0,1,0,0,1,0,0,0,0,0,0,Black_Quarter,Moderate,0
Cow,85,Female,1,1,1,1,0,170,Supportive Care,17.5309,79.6279,19.5,8.4,31.6,85.8,20.5,Post-Monsoon,2,1,1,0,0,0,0,0,0,0,0,0,0,0,Lumpy_Skin_Disease,Moderate,0
Buffalo,94,Female,1,0,0,0,1,35,Untreated,25.6487,79.4588,48.6,14.1,30.2,77.2,22.1,Monsoon,3,1,1,0,1,1,0,0,0,0,1,0,0,0,Hemorrhagic_Septicemia,Critical,1
Buffalo,11,Female,4,1,1,1,1,83,Untreated,23.4863,77.509,31.2,5.5,34.8,68.2,24.6,Post-Monsoon,2,6,2,2,1,0,0,0,0,0,1,0,0,1,Anthrax,Critical,1
Cow,27,Female,7,1,0,0,1,321,Supportive Care,22.408,82.1474,12.4,9.3,32.4,82.5,28.2,Post-Monsoon,1,5,3,0,1,0,0,1,1,0,0,0,0,0,Lumpy_Skin_Disease,High,1
Cow,87,Female,15,1,0,1,0,145,Dewormed,27.9581,73.7957,27.1,10.5,28.5,79.7,63.0,Monsoon,4,3,4,0,1,1,0,0,0,0,0,0,0,0,Hemorrhagic_Septicemia,Critical,1
Buffalo,29,Male,6,1,0,0,1,102,Antibiotics,26.7613,79.7006,28.6,5.6,34.0,74.7,24.1,Post-Monsoon,5,1,3,1,0,0,0,0,0,0,1,0,0,1,Anthrax,Critical,1
Buffalo,70,Male,5,1,1,1,0,125,Dewormed,21.7769,78.2885,25.1,1.7,27.7,51.1,4.3,Monsoon,0,4,2,0,1,1,1,0,0,0,0,0,0,1,FMD,Moderate,0
Buffalo,34,Female,2,0,0,0,1,328,Antibiotics,25.8633,82.8417,2.5,10.7,28.9,87.7,46.0,Monsoon,3,5,1,0,1,1,0,0,0,0,1,0,0,0,Hemorrhagic_Septicemia,Critical,1
Cow,17,Female,2,0,1,1,0,336,Dewormed,20.1364,79.306,6.5,12.8,19.7,51.4,14.4,Monsoon,6,5,1,0,1,1,1,1,0,0,0,0,0,0,FMD,Moderate,0
Buffalo,83,Female,12,0,1,1,0,200,Supportive Care,26.1276,77.8635,15.9,10.3,25.5,40.1,10.5,Winter,4,2,4,0,1,1,1,1,0,0,0,0,0,0,FMD,High,1
Cow,16,Female,5,1,0,1,0,105,Dewormed,20.522,74.2595,20.9,3.3,28.5,90.8,72.6,Monsoon,3,2,3,1,1,1,0,0,0,0,1,0,0,0,Hemorrhagic_Septicemia,Critical,1
Cow,83,Female,6,1,0,1,1,42,Dewormed,26.8455,83.63,33.4,13.0,27.3,83.5,44.6,Monsoon,5,2,1,1,1,1,0,0,0,0,1,0,0,0,Hemorrhagic_Septicemia,Critical,1
Cow,66,Female,10,1,1,1,1,253,Supportive Care,21.4374,83.2405,34.3,6.2,27.3,71.1,22.4,Monsoon,3,3,3,0,1,0,0,1,0,0,1,1,0,0,Mastitis,Moderate,0
Buffalo,112,Male,20,0,1,0,1,199,Dewormed,18.8648,79.4043,37.3,12.5,30.9,62.5,9.0,Post-Monsoon,3,2,1,0,0,0,0,0,1,0,0,0,0,0,Lumpy_Skin_Disease,Moderate,0
Cow,46,Female,11,1,1,1,1,339,Supportive Care,22.272,80.1458,27.2,0.7,30.9,78.4,44.9,Post-Monsoon,3,2,1,2,1,0,0,0,0,0,1,0,0,0,Anthrax,Critical,1
Cow,60,Female,28,1,1,1,1,97,Supportive Care,20.6916,78.5076,48.4,13.0,27.5,74.8,20.7,Winter,4,2,4,0,1,0,0,0,0,1,0,1,0,0,Mastitis,Moderate,0
Buffalo,111,Male,6,0,1,1,0,138,Untreated,17.1609,76.5338,23.7,12.4,12.8,73.7,13.9,Winter,2,3,1,0,0,1,1,1,0,1,0,0,0,0,FMD,Moderate,0
Buffalo,64,Male,16,1,1,0,0,34,Untreated,23.0293,73.6264,36.2,11.1,35.1,45.0,43.0,Post-Monsoon,4,3,4,1,1,0,0,1,0,0,0,0,0,0,Black_Quarter,High,1
Cow,23,Female,3,1,1,0,1,145,Dewormed,25.1119,80.0372,12.3,2.5,28.0,75.4,16.9,Post-Monsoon,2,5,1,0,1,0,0,0,1,0,0,0,0,0,Lumpy_Skin_Disease,Moderate,0
Buffalo,68,Female,19,1,1,1,1,233,Untreated,27.3904,80.097,25.3,12.7,29.4,94.9,26.8,Monsoon,2,2,2,2,1,1,0,0,0,0,1,0,0,0,Hemorrhagic_Septicemia,Critical,1
Cow,77,Female,5,1,1,0,0,290,Untreated,26.5383,75.1003,49.0,14.8,39.9,64.1,25.8,Monsoon,3,2,1,1,1,0,0,1,0,0,0,0,0,0,Black_Quarter,High,1
Buffalo,26,Female,11,1,1,0,0,146,Supportive Care,20.8948,80.9672,9.6,2.4,33.3,84.3,46.0,Monsoon,3,4,4,0,1,0,0,1,0,0,0,0,0,0,Black_Quarter,High,1
Buffalo,51,Female,4,0,0,1,1,165,Antibiotics,23.5624,84.1413,38.3,7.2,28.8,77.9,5.5,Winter,3,2,1,0,1,1,0,1,0,0,0,0,0,0,FMD,Moderate,0
Buffalo,50,Male,1,1,0,1,1,322,Dewormed,27.3177,78.1388,26.9,12.5,28.3,77.8,73.2,Monsoon,4,5,1,2,1,0,0,0,0,0,1,0,0,0,Hemorrhagic_Septicemia,Critical,1
Buffalo,57,Female,6,0,1,1,0,141,Antibiotics,26.6746,74.0552,11.1,13.0,15.1,70.6,0.5,Monsoon,2,4,3,0,1,1,1,1,0,0,0,0,0,0,FMD,High,1
Buffalo,105,Female,5,0,1,1,1,189,Supportive Care,24.3959,79.7655,20.4,10.2,22.4,80.2,1.1,Winter,3,3,3,0,0,1,0,1,0,0,0,0,0,0,FMD,High,1
Cow,102,Female,1,0,1,0,0,281,Supportive Care,24.8785,84.1362,24.7,14.9,28.8,71.5,32.6,Monsoon,3,5,1,0,0,0,0,1,0,0,0,0,0,0,Black_Quarter,Moderate,0
Cow,105,Female,10,1,0,1,0,63,Untreated,19.659,74.1476,8.2,12.7,31.3,85.2,46.4,Monsoon,1,6,1,0,1,1,0,0,0,0,1,0,0,0,Hemorrhagic_Septicemia,Critical,1
Cow,23,Female,4,1,0,0,0,169,Untreated,16.9514,84.6647,26.0,11.4,34.7,72.9,77.4,Monsoon,2,1,3,0,0,0,0,0,0,0,1,0,0,0,Hemorrhagic_Septicemia,Critical,1
Buffalo,64,Female,7,1,1,0,0,83,Dewormed,19.6438,83.1565,14.6,13.3,28.5,74.9,44.5,Post-Monsoon,4,4,4,1,1,0,0,0,0,0,0,0,0,0,Black_Quarter,High,1
Cow,28,Female,11,1,1,0,1,321,Supportive Care,20.9238,78.5815,1.3,4.8,30.7,80.7,16.7,Post-Monsoon,0,3,3,0,1,0,0,0,1,0,0,0,0,0,Lumpy_Skin_Disease,High,1
Buffalo,26,Male,1,0,0,1,0,274,Untreated,27.3333,75.4599,2.7,6.7,32.1,69.1,14.7,Post-Monsoon,5,3,1,2,1,0,0,0,0,0,0,0,0,0,Black_Quarter,High,1
Cow,110,Female,9,1,0,0,1,36,Untreated,26.5555,75.1871,24.1,0.7,28.3,83.2,25.0,Post-Monsoon,0,1,2,0,1,0,0,0,1,0,0,0,1,1,Lumpy_Skin_Disease,Moderate,0
Cow,8,Female,17,1,1,1,1,264,Dewormed,24.4678,78.5227,93.9,13.9,21.7,62.2,3.9,Winter,2,0,0,0,0,0,0,0,0,0,0,0,0,0,Healthy,Low,0
Buffalo,37,Male,17,1,1,1,0,188,Dewormed,24.5637,84.6329,42.5,13.9,32.4,77.4,8.7,Post-Monsoon,4,6,4,0,1,0,0,0,1,0,0,0,0,0,Lumpy_Skin_Disease,High,1
Buffalo,95,Male,3,0,1,0,1,128,Antibiotics,17.8104,81.0325,29.0,8.9,21.0,63.2,1.4,Post-Monsoon,1,0,0,0,0,0,0,0,0,0,0,0,0,0,Healthy,Low,0
Cow,98,Female,3,1,1,1,1,151,Dewormed,15.7009,76.0128,9.2,13.9,27.8,84.1,33.5,Monsoon,3,4,2,0,1,1,0,0,0,0,1,0,0,0,Hemorrhagic_Septicemia,Critical,1
Cow,43,Female,20,1,0,0,0,34,Dewormed,25.1077,78.1899,79.6,1.8,25.2,63.3,4.0,Winter,0,0,0,0,0,0,0,0,0,0,0,0,0,0,Healthy,Low,0
Cow,47,Female,7,1,0,1,0,301,Untreated,19.9994,83.6125,25.5,8.0,25.3,86.7,23.7,Winter,2,2,1,0,1,0,0,0,0,0,0,1,0,0,Mastitis,Moderate,0
Cow,79,Female,3,1,1,0,1,178,Dewormed,17.7978,84.4136,37.7,2.4,32.7,79.3,30.7,Post-Monsoon,3,2,2,2,0,0,0,1,0,0,1,0,0,1,Anthrax,Critical,1
Cow,40,Female,10,1,1,1,1,247,Dewormed,18.9486,76.9231,79.9,6.3,15.2,31.5,11.4,Summer,1,0,0,0,0,0,0,0,0,0,0,0,0,0,Healthy,Low,0
Cow,112,Female,2,0,0,0,1,173,Dewormed,20.7246,79.708,7.7,10.1,32.9,74.4,19.3,Post-Monsoon,4,2,1,0,1,0,0,0,1,0,0,0,0,0,Lumpy_Skin_Disease,Moderate,0
Cow,97,Female,4,1,1,1,0,85,Antibiotics,20.7336,78.2139,42.1,3.8,29.9,82.2,29.1,Post-Monsoon,2,3,3,0,1,0,0,0,1,0,0,0,0,0,Lumpy_Skin_Disease,High,1
Buffalo,54,Female,8,1,1,0,1,266,Antibiotics,24.2671,74.9008,1.7,5.7,30.3,90.2,23.4,Monsoon,3,1,2,0,0,0,0,0,0,0,1,0,0,1,Anthrax,Critical,1
Cow,107,Female,5,1,1,0,1,50,Supportive Care,15.6578,78.5682,46.9,4.2,30.4,93.0,23.7,Post-Monsoon,1,3,3,0,1,0,0,0,1,0,0,0,0,0,Lumpy_Skin_Disease,High,1
Buffalo,72,Female,10,1,1,1,0,202,Supportive Care,20.0002,74.6913,4.4,12.1,29.7,75.0,24.4,Monsoon,2,5,4,0,1,0,0,1,0,0,0,0,0,0,Black_Quarter,High,1
Buffalo,47,Male,20,1,1,1,0,331,Antibiotics,15.1077,82.8738,23.5,7.0,26.9,63.7,30.5,Post-Monsoon,3,4,1,2,0,0,0,1,0,0,0,0,0,0,Black_Quarter,High,1
Cow,98,Female,15,1,0,1,0,361,Antibiotics,27.0227,81.8455,3.1,13.0,32.2,86.6,47.0,Post-Monsoon,4,4,3,0,1,0,0,1,0,0,0,0,0,0,Black_Quarter,High,1
Buffalo,56,Female,1,1,1,0,1,180,Untreated,23.6216,80.2199,6.9,11.4,28.8,76.1,17.9,Monsoon,4,1,1,0,1,0,0,0,0,1,0,1,0,0,Mastitis,Moderate,0
Cow,44,Female,1,0,1,1,0,193,Antibiotics,27.8884,80.6356,40.4,9.7,15.5,75.8,13.4,Summer,2,4,1,0,1,0,0,0,0,1,0,1,0,0,Mastitis,Moderate,0
Cow,8,Female,29,0,1,1,1,70,Dewormed,22.5831,78.0665,20.8,14.5,35.3,74.4,11.2,Winter,2,4,4,0,1,0,0,0,0,1,0,1,0,0,Mastitis,Moderate,0
Cow,111,Female,8,1,1,1,1,160,Dewormed,16.7495,73.2153,3.3,0.6,29.9,74.6,23.6,Monsoon,4,4,4,0,1,0,0,0,0,1,0,1,0,0,Mastitis,Moderate,0
Buffalo,99,Female,2,0,1,0,1,331,Untreated,16.1508,83.5279,27.2,13.8,36.9,65.9,7.3,Post-Monsoon,3,4,1,0,1,0,0,0,0,0,0,0,0,0,Lumpy_Skin_Disease,Moderate,0
Buffalo,56,Female,13,0,0,1,1,222,Supportive Care,15.9526,83.2505,74.1,12.1,36.4,25.1,2.8,Winter,1,0,0,0,0,0,0,1,0,0,0,0,0,0,Healthy,Low,0
Cow,92,Female,13,1,0,1,1,99,Untreated,22.3073,80.1415,34.0,12.7,35.1,73.2,21.8,Post-Monsoon,0,3,4,0,0,0,0,0,1,0,0,0,0,0,Lumpy_Skin_Disease,High,1
Cow,17,Female,3,1,1,0,1,122,Dewormed,20.5736,80.4325,11.0,2.1,26.4,87.2,28.9,Post-Monsoon,4,4,1,0,1,0,0,0,1,0,0,0,0,0,Lumpy_Skin_Disease,Moderate,0
Buffalo,51,Female,4,0,1,1,0,169,Untreated,16.015,83.5695,15.9,3.5,33.1,66.3,3.2,Summer,2,2,1,0,1,1,1,1,1,1,0,0,0,0,FMD,Moderate,0
Buffalo,34,Female,15,0,1,1,0,291,Dewormed,20.1278,83.2515,38.0,12.7,26.1,73.6,5.3,Summer,1,3,3,0,1,1,1,1,0,0,0,0,0,0,FMD,High,1
Cow,18,Female,5,1,0,1,1,250,Untreated,23.6718,74.7734,32.1,10.6,39.0,48.2,8.9,Post-Monsoon,1,0,0,0,0,0,0,0,0,0,0,0,0,0,Healthy,Low,0
Cow,68,Female,12,1,0,1,1,270,Supportive Care,20.8415,79.7258,16.6,11.8,27.5,84.2,24.0,Monsoon,4,5,1,2,1,1,0,0,0,0,1,0,0,0,Hemorrhagic_Septicemia,Critical,1
Buffalo,51,Male,1,1,1,0,1,317,Untreated,22.1981,82.9804,47.7,2.2,20.6,64.9,12.9,Post-Monsoon,0,0,0,0,0,0,0,0,0,0,0,0,0,0,Healthy,Low,0
Buffalo,91,Male,8,1,1,1,1,301,Untreated,21.378,74.0685,12.6,3.6,24.7,62.8,27.0,Summer,4,4,3,0,1,0,0,0,0,1,0,1,0,0,Mastitis,Moderate,0
Cow,106,Female,1,0,1,1,0,271,Antibiotics,27.7084,78.1974,26.5,0.3,34.0,60.6,14.2,Summer,3,5,1,0,1,1,1,1,0,0,0,1,0,0,FMD,Moderate,0
Cow,42,Female,3,1,1,1,0,56,Untreated,21.2845,79.64,22.1,0.1,27.6,71.9,41.3,Monsoon,1,4,1,2,1,0,0,1,0,0,0,0,0,0,Black_Quarter,High,1
Cow,92,Female,4,0,1,1,1,34,Dewormed,24.9554,73.3046,46.5,6.2,33.1,82.2,17.2,Monsoon,1,6,3,1,1,0,0,0,0,0,1,1,0,1,Anthrax,Critical,1
Buffalo,88,Female,8,0,1,0,1,113,Supportive Care,23.9746,80.8178,27.9,0.1,27.0,82.8,2.3,Monsoon,2,1,2,0,1,1,0,1,0,0,0,0,0,0,FMD,Moderate,0
Buffalo,23,Female,8,1,0,1,1,261,Untreated,16.1964,80.9732,8.2,6.9,27.5,71.9,27.6,Monsoon,2,5,3,0,1,1,0,0,0,0,1,0,0,0,Hemorrhagic_Septicemia,Critical,1
Cow,24,Female,2,1,0,1,1,42,Antibiotics,16.3201,82.7909,4.2,6.7,35.1,95.7,59.1,Monsoon,1,3,1,2,1,0,0,0,0,0,1,0,0,0,Hemorrhagic_Septicemia,Critical,1
Cow,41,Female,8,1,0,1,1,244,Untreated,19.3386,75.134,20.0,14.1,27.1,62.0,13.0,Post-Monsoon,2,0,0,0,0,0,0,0,0,0,1,0,0,0,Healthy,Low,0
Buffalo,39,Female,21,1,1,1,0,262,Supportive Care,24.2391,75.1631,38.9,11.3,25.9,59.9,41.1,Monsoon,3,3,3,0,1,0,0,0,0,0,0,0,0,0,Black_Quarter,High,1
Buffalo,38,Male,15,0,0,1,0,75,Antibiotics,18.7342,82.4332,34.5,3.2,25.9,45.6,5.0,Summer,4,1,1,0,1,1,1,1,0,0,0,0,0,0,FMD,Moderate,0
Cow,54,Female,5,1,0,1,0,256,Untreated,27.4981,75.8371,20.2,9.0,19.5,46.3,10.0,Monsoon,0,0,0,0,0,0,0,0,0,0,1,0,0,0,Healthy,Low,0
Cow,96,Female,13,0,0,0,1,76,Supportive Care,16.949,83.0688,7.1,1.7,18.4,79.3,12.9,Winter,3,3,2,0,1,1,1,1,0,0,0,0,0,0,FMD,Moderate,0
Buffalo,86,Female,16,1,1,0,1,357,Antibiotics,23.4606,80.5075,18.1,4.3,17.8,97.7,5.6,Winter,1,0,0,0,0,0,0,0,0,0,0,0,0,0,Healthy,Low,0
Cow,21,Female,14,1,1,1,1,240,Dewormed,20.8561,79.509,37.1,5.7,23.6,88.0,21.2,Monsoon,1,6,4,0,1,0,0,0,0,0,0,1,0,0,Mastitis,Moderate,0
Buffalo,45,Female,2,1,1,0,1,33,Supportive Care,24.7015,76.278,2.9,0.9,22.5,79.3,18.6,Post-Monsoon,3,5,1,0,1,0,0,0,1,0,0,0,0,0,Lumpy_Skin_Disease,Moderate,0
Cow,58,Female,5,1,0,1,1,302,Untreated,17.0593,75.9754,46.9,8.7,31.3,73.6,69.1,Monsoon,2,1,1,0,1,1,0,0,0,0,1,0,0,0,Hemorrhagic_Septicemia,Critical,1
Buffalo,57,Female,10,1,0,1,1,150,Dewormed,22.209,78.4566,15.7,6.4,33.2,75.9,36.9,Monsoon,4,5,4,0,0,0,0,1,0,0,0,0,0,0,Black_Quarter,High,1
Buffalo,21,Female,5,1,1,1,1,167,Supportive Care,19.6596,81.6191,1.1,7.0,28.3,88.4,8.4,Monsoon,6,5,2,0,1,0,0,0,0,1,0,1,0,0,Mastitis,Moderate,0
Cow,42,Female,3,1,1,1,1,98,Supportive Care,15.7563,79.1198,21.3,6.0,23.4,70.0,37.4,Post-Monsoon,2,6,1,2,1,0,0,1,0,0,0,0,0,1,Anthrax,Critical,1
Cow,45,Female,1,0,0,1,0,113,Dewormed,24.9869,73.5868,39.4,3.4,23.2,81.5,14.8,Winter,1,0,0,0,0,0,0,1,0,0,0,0,0,0,Healthy,Low,0
Cow,59,Female,8,0,1,1,0,217,Antibiotics,20.3475,75.6372,40.4,9.9,35.0,75.9,21.1,Post-Monsoon,4,2,2,0,1,0,0,1,1,0,0,0,0,0,Black_Quarter,Moderate,0
Cow,26,Female,3,1,1,0,1,69,Dewormed,23.0561,83.1342,14.0,4.8,33.6,83.9,12.3,Post-Monsoon,2,1,2,0,1,0,0,0,1,0,0,0,0,1,Lumpy_Skin_Disease,Moderate,0
Buffalo,21,Male,15,0,1,1,1,337,Untreated,15.848,75.8722,19.8,15.0,27.3,56.9,1.2,Post-Monsoon,4,5,2,0,1,1,1,1,0,0,0,0,0,0,FMD,Moderate,0
Buffalo,21,Female,8,0,1,0,1,281,Supportive Care,26.6217,82.0361,57.2,1.7,27.8,57.3,14.8,Post-Monsoon,1,0,0,0,0,0,0,0,0,0,1,0,0,0,Healthy,Low,0
Buffalo,46,Female,1,1,1,0,0,360,Untreated,25.8839,82.7256,44.8,7.3,32.6,61.7,32.2,Monsoon,4,4,1,0,1,0,0,1,0,0,0,0,0,0,Black_Quarter,Moderate,0
Buffalo,40,Female,13,1,1,1,1,175,Antibiotics,22.6948,83.2461,94.3,1.4,21.6,51.5,8.9,Summer,0,0,0,0,0,0,0,0,0,0,0,0,0,0,Healthy,Low,0
Cow,13,Female,1,1,1,0,1,72,Antibiotics,23.5711,77.5165,49.1,6.9,19.8,45.0,0.3,Monsoon,2,0,0,0,0,0,0,0,0,0,0,0,0,0,Healthy,Low,0
Cow,98,Female,5,1,0,1,0,285,Antibiotics,25.1225,83.0363,24.9,6.7,29.7,66.2,39.3,Monsoon,4,1,4,2,0,0,0,1,0,0,0,0,0,0,Black_Quarter,High,1
Buffalo,37,Female,2,0,1,1,1,299,Dewormed,16.0151,78.9756,26.4,12.3,22.7,67.5,5.3,Winter,2,6,1,0,1,1,1,1,0,0,0,0,1,0,FMD,Moderate,0
Buffalo,51,Male,18,1,1,1,0,177,Antibiotics,19.2804,74.2642,22.0,9.7,24.7,64.2,10.6,Winter,1,1,3,0,1,1,1,1,0,0,0,0,0,0,FMD,High,1
Cow,44,Female,4,1,0,1,1,94,Dewormed,23.2056,83.085,32.0,1.8,28.6,81.7,43.7,Monsoon,5,2,3,2,0,1,1,0,0,0,0,0,0,0,Hemorrhagic_Septicemia,Critical,1
Buffalo,26,Female,5,1,1,0,1,239,Dewormed,20.3229,80.4511,47.6,10.1,31.5,71.8,10.3,Monsoon,2,1,3,2,1,0,0,1,0,0,0,0,0,0,Black_Quarter,High,1
Cow,102,Female,11,1,1,1,0,222,Untreated,24.0625,76.6826,89.0,3.8,22.7,43.2,13.5,Winter,0,0,0,0,0,0,0,0,0,0,0,0,0,0,Healthy,Low,0
Cow,48,Female,4,1,1,1,1,352,Antibiotics,20.894,83.132,13.2,4.3,31.0,93.9,15.4,Summer,1,1,2,0,1,0,0,0,0,1,0,1,0,0,Mastitis,Moderate,0
Buffalo,58,Female,5,1,1,1,1,174,Untreated,19.9169,77.8302,27.3,12.3,23.1,71.9,14.0,Post-Monsoon,5,5,4,0,1,0,0,0,0,1,0,1,0,0,Mastitis,Moderate,0
Buffalo,40,Female,12,1,1,0,0,334,Dewormed,15.3776,83.2319,5.8,4.9,32.8,78.7,5.7,Post-Monsoon,4,3,4,0,1,0,0,0,1,0,0,0,0,0,Lumpy_Skin_Disease,High,1
Cow,74,Female,22,1,1,1,1,309,Antibiotics,23.4867,78.2012,44.7,1.2,24.0,62.8,6.8,Post-Monsoon,4,3,2,0,1,0,0,0,1,1,0,1,0,0,Mastitis,Moderate,0
Buffalo,34,Female,6,0,1,1,0,220,Untreated,15.8027,77.7169,5.3,6.4,37.8,69.1,27.6,Post-Monsoon,0,5,1,0,1,0,0,1,0,0,0,0,0,0,Black_Quarter,Moderate,0
Cow,96,Female,9,1,1,0,1,252,Dewormed,19.8714,75.1906,32.8,11.6,28.0,86.2,14.3,Post-Monsoon,3,5,1,0,1,0,0,1,1,0,0,0,0,0,Lumpy_Skin_Disease,Moderate,0
Cow,58,Female,12,1,1,1,1,207,Untreated,15.1119,77.5873,11.9,14.3,16.1,68.8,6.1,Summer,0,0,0,0,0,0,0,0,0,0,0,0,0,0,Healthy,Low,0
Cow,79,Female,8,1,1,0,0,110,Untreated,19.3673,84.6346,19.2,13.8,27.9,75.7,11.1,Post-Monsoon,2,1,2,0,1,0,0,1,1,0,0,0,0,0,Lumpy_Skin_Disease,Moderate,0
Cow,111,Female,10,1,1,1,1,226,Untreated,24.3307,74.2985,31.2,8.4,40.0,86.7,29.9,Post-Monsoon,3,5,2,0,1,0,0,0,1,0,0,0,0,0,Lumpy_Skin_Disease,Moderate,0
Buffalo,85,Female,8,0,1,0,0,238,Antibiotics,16.9172,78.8935,43.1,10.6,20.8,51.8,5.0,Monsoon,0,0,0,0,0,0,0,0,0,1,0,0,0,0,Healthy,Low,0
Buffalo,108,Female,8,1,0,0,1,243,Antibiotics,22.7735,73.8948,7.7,9.4,26.2,89.0,64.2,Monsoon,0,3,2,1,1,1,0,0,1,0,1,0,0,0,Hemorrhagic_Septicemia,Critical,1
Buffalo,95,Male,1,0,1,0,1,144,Antibiotics,24.3513,73.2622,39.5,10.1,35.5,66.6,17.4,Monsoon,2,6,1,1,1,0,0,0,0,0,1,0,0,1,Anthrax,Critical,1
Cow,102,Female,9,0,1,1,0,352,Supportive Care,17.5375,76.0361,24.6,11.0,36.0,70.9,13.5,Monsoon,4,1,2,2,1,0,0,0,0,0,0,0,0,0,Black_Quarter,High,1
Buffalo,69,Female,6,0,1,0,1,101,Antibiotics,21.8746,75.0772,22.3,2.7,30.8,81.3,23.5,Post-Monsoon,2,6,2,0,1,0,0,0,1,0,0,0,0,0,Lumpy_Skin_Disease,Moderate,0
Buffalo,62,Female,6,0,1,1,0,150,Supportive Care,20.042,84.6992,16.5,2.2,22.8,42.0,14.8,Summer,4,6,2,0,1,1,1,1,0,0,0,0,0,0,FMD,Moderate,0
Buffalo,28,Female,15,0,0,1,0,46,Antibiotics,19.8085,84.0923,39.9,9.0,35.1,58.6,45.9,Monsoon,7,4,3,1,1,0,0,1,0,0,0,0,0,0,Black_Quarter,High,1
Cow,95,Female,10,1,1,0,1,222,Antibiotics,20.5231,77.7685,17.8,10.1,28.0,82.7,12.1,Post-Monsoon,4,1,3,0,1,0,0,0,0,0,0,0,0,0,Lumpy_Skin_Disease,High,1
Buffalo,38,Male,13,1,0,1,1,345,Dewormed,15.8118,83.8202,2.9,7.8,28.3,80.1,49.8,Monsoon,2,4,1,0,1,1,0,0,0,0,1,0,0,0,Hemorrhagic_Septicemia,Critical,1
Buffalo,109,Female,15,0,1,1,0,236,Dewormed,23.5699,81.7312,46.6,3.9,30.8,84.9,16.4,Post-Monsoon,3,3,2,0,1,0,0,0,0,0,0,0,0,0,Lumpy_Skin_Disease,Moderate,0
Cow,44,Female,2,0,1,1,0,124,Supportive Care,19.9319,75.08,40.6,13.6,32.8,89.9,13.7,Post-Monsoon,1,4,1,2,1,1,0,1,0,0,0,0,0,0,Black_Quarter,High,1
Cow,99,Female,10,0,1,1,1,266,Dewormed,20.3677,76.1474,59.4,11.7,16.8,35.7,11.8,Monsoon,1,0,0,0,0,0,0,0,0,0,0,0,0,0,Healthy,Low,0
Buffalo,20,Female,6,0,1,1,1,226,Untreated,16.2781,73.8715,9.5,5.7,19.5,81.7,15.1,Monsoon,2,3,4,0,1,0,0,0,0,1,0,1,1,0,Mastitis,Moderate,0
Cow,47,Female,3,1,1,1,0,119,Antibiotics,23.5822,73.2336,33.7,5.9,31.2,52.5,13.1,Post-Monsoon,7,6,2,0,1,1,1,1,0,0,0,0,0,0,FMD,Moderate,0
Buffalo,11,Female,13,1,0,1,0,302,Supportive Care,25.6792,76.7252,44.3,2.1,38.8,89.1,33.2,Monsoon,0,5,3,1,1,0,0,1,0,0,0,0,0,0,Black_Quarter,High,1
Cow,18,Female,14,0,1,0,1,357,Dewormed,19.1337,73.812,27.4,12.9,32.8,76.1,20.3,Post-Monsoon,3,2,1,0,1,0,0,0,1,0,0,0,0,0,Lumpy_Skin_Disease,Moderate,0
Buffalo,32,Female,4,1,1,0,1,342,Antibiotics,17.0802,84.2353,11.1,5.4,35.8,77.9,20.0,Post-Monsoon,4,6,3,0,0,1,0,0,1,0,0,0,0,0,Lumpy_Skin_Disease,High,1
Cow,82,Female,3,1,1,1,1,37,Antibiotics,22.8046,82.5652,14.6,6.3,26.4,85.3,5.4,Monsoon,1,0,0,0,0,0,0,0,0,0,0,0,0,0,Healthy,Low,0
Buffalo,21,Female,12,1,0,1,1,127,Supportive Care,17.6312,77.9915,29.4,4.9,32.3,81.5,25.4,Monsoon,4,1,1,0,0,1,0,0,1,0,1,0,1,0,Hemorrhagic_Septicemia,Critical,1
Buffalo,74,Female,6,1,0,0,0,56,Antibiotics,20.9524,81.8296,33.7,6.5,29.7,66.8,16.2,Monsoon,0,1,2,2,1,0,0,0,0,0,0,0,0,0,Black_Quarter,High,1
Cow,16,Female,10,1,0,1,1,304,Dewormed,24.7854,79.0307,2.3,6.0,30.5,89.1,70.6,Monsoon,3,3,4,1,1,1,0,0,0,0,1,0,0,0,Hemorrhagic_Septicemia,Critical,1
Buffalo,56,Female,7,0,1,1,1,133,Supportive Care,16.2835,84.3576,4.5,10.2,12.5,53.9,10.0,Monsoon,2,4,2,0,1,0,1,1,0,0,0,0,0,0,FMD,Moderate,0
Buffalo,92,Female,6,0,1,0,1,209,Dewormed,27.8893,79.7886,45.7,9.7,29.8,78.9,21.8,Post-Monsoon,3,2,4,0,1,0,0,0,1,0,0,0,0,0,Lumpy_Skin_Disease,High,1
Cow,64,Female,5,0,1,1,1,50,Untreated,22.1959,73.8579,15.5,13.0,18.7,32.9,2.8,Winter,0,0,0,0,0,0,0,0,0,0,0,0,0,0,Healthy,Low,0
Buffalo,85,Female,13,1,0,0,0,66,Untreated,25.2658,79.3603,38.9,6.2,34.9,86.7,23.7,Post-Monsoon,3,1,2,0,1,0,0,0,1,0,1,0,0,0,Lumpy_Skin_Disease,Moderate,0
Buffalo,61,Female,3,0,1,1,1,200,Supportive Care,19.7691,81.0792,8.4,8.5,22.4,66.0,7.1,Post-Monsoon,3,6,1,0,1,1,1,1,0,0,1,0,0,0,FMD,Moderate,0
Buffalo,38,Male,4,1,1,1,1,55,Dewormed,27.8715,74.5419,24.0,6.5,39.7,63.5,12.2,Post-Monsoon,2,2,2,0,1,1,1,1,0,0,0,0,0,0,FMD,Moderate,0
Buffalo,35,Female,18,0,1,0,1,129,Supportive Care,18.2011,81.0358,36.0,13.9,33.5,56.1,7.9,Monsoon,2,1,4,0,1,1,1,1,0,0,0,0,0,0,FMD,High,1
Buffalo,67,Female,2,1,1,1,1,79,Dewormed,21.0454,73.7576,13.8,13.9,41.3,54.0,13.2,Monsoon,0,1,1,0,1,0,0,1,0,1,0,0,0,0,Black_Quarter,Moderate,0
Buffalo,110,Female,19,1,1,0,1,105,Dewormed,23.0259,84.7246,11.5,12.4,32.7,82.6,24.1,Post-Monsoon,6,2,2,2,1,0,0,0,0,0,0,0,0,0,Anthrax,Critical,1
Buffalo,12,Male,1,1,1,1,0,252,Dewormed,25.7873,83.6827,77.4,4.3,29.2,59.1,5.1,Winter,0,0,0,0,0,0,0,0,0,0,0,0,0,0,Healthy,Low,0
Buffalo,66,Female,5,0,1,1,1,269,Supportive Care,26.5237,82.9634,44.2,13.4,30.8,80.3,31.9,Monsoon,5,1,4,0,1,0,0,0,0,0,1,0,0,0,Anthrax,Critical,1
Cow,99,Female,1,1,1,1,0,357,Dewormed,18.5561,79.4459,11.1,14.9,32.1,79.9,29.2,Monsoon,8,2,1,0,1,0,0,0,0,1,0,0,0,0,Mastitis,Moderate,0
Cow,108,Female,31,1,0,1,1,177,Antibiotics,23.4056,83.6003,9.6,1.0,32.4,89.5,21.5,Monsoon,3,2,4,2,1,0,0,0,0,0,1,0,0,0,Hemorrhagic_Septicemia,Critical,1
Buffalo,87,Male,4,0,1,1,1,57,Untreated,21.1846,79.7427,14.8,2.5,26.2,94.1,18.3,Winter,1,4,2,0,0,0,0,0,0,1,0,1,0,0,Mastitis,Moderate,0
Buffalo,28,Female,22,0,0,1,0,94,Dewormed,20.7907,79.2899,24.2,11.7,33.7,80.0,18.9,Post-Monsoon,2,1,4,1,1,1,0,1,0,0,1,0,0,0,Black_Quarter,High,1
Buffalo,108,Female,7,1,1,0,0,52,Untreated,27.5583,74.49,46.6,9.1,34.2,50.7,36.3,Monsoon,5,6,4,0,1,0,0,1,0,0,0,0,0,0,Black_Quarter,High,1
Buffalo,59,Male,11,0,1,1,0,155,Dewormed,26.1995,74.6098,7.9,3.6,30.3,53.2,36.1,Post-Monsoon,3,6,2,2,1,0,0,1,0,0,0,0,0,0,Black_Quarter,High,1
Buffalo,109,Female,9,1,1,1,1,104,Supportive Care,17.7965,76.6424,26.7,5.2,26.5,84.0,22.6,Monsoon,2,6,4,1,1,1,0,0,0,1,0,0,0,1,Hemorrhagic_Septicemia,Critical,1
Cow,95,Female,7,0,1,0,0,78,Antibiotics,26.1496,79.3533,42.6,13.9,32.0,65.9,14.6,Post-Monsoon,5,4,1,2,1,0,0,0,1,0,0,0,0,1,Black_Quarter,High,1
Buffalo,30,Female,1,0,1,1,0,155,Dewormed,22.5159,82.6931,3.0,7.7,33.3,71.8,26.9,Post-Monsoon,5,5,1,0,1,0,0,0,0,0,0,0,0,0,Black_Quarter,Moderate,0
Buffalo,10,Female,20,1,0,1,1,55,Supportive Care,27.2567,78.9154,10.6,9.6,23.2,96.8,48.7,Monsoon,6,5,1,1,1,1,0,0,0,0,1,0,0,0,Hemorrhagic_Septicemia,Critical,1
Buffalo,10,Female,2,1,1,1,0,294,Dewormed,18.8155,77.1451,16.1,11.8,35.1,75.0,33.2,Monsoon,3,4,1,1,1,0,0,1,0,0,0,0,0,0,Black_Quarter,High,1
Buffalo,104,Male,10,1,1,0,1,288,Untreated,23.426,79.6517,31.6,13.0,32.4,79.1,17.0,Post-Monsoon,2,4,3,0,1,0,0,0,1,0,0,0,0,0,Lumpy_Skin_Disease,High,1
Buffalo,57,Female,22,0,1,1,1,166,Untreated,17.6556,79.8164,1.2,14.1,25.9,64.6,26.1,Post-Monsoon,0,4,3,0,1,0,0,0,1,0,0,0,0,0,Lumpy_Skin_Disease,High,1
Buffalo,66,Female,40,1,1,0,1,83,Supportive Care,17.0664,74.056,3.4,1.9,29.8,86.8,15.1,Monsoon,1,3,4,0,1,0,0,0,0,1,0,1,0,0,Mastitis,Moderate,0
Buffalo,79,Female,2,0,1,1,1,41,Supportive Care,26.9559,75.4612,34.9,9.7,34.2,92.4,34.8,Summer,3,6,1,0,0,0,0,0,0,1,0,1,0,0,Mastitis,Moderate,0
Cow,29,Female,8,0,1,1,1,43,Antibiotics,25.8103,78.5385,39.5,9.6,38.7,63.0,9.9,Post-Monsoon,6,1,3,0,0,0,1,0,0,0,0,1,0,0,FMD,High,1
Cow,42,Female,23,1,1,1,0,160,Untreated,15.3201,82.5532,65.0,8.0,23.1,73.8,8.3,Monsoon,1,0,0,0,0,0,0,0,0,0,0,0,0,0,Healthy,Low,0
Buffalo,55,Female,5,0,1,1,0,163,Untreated,19.6061,75.773,74.2,1.0,19.1,73.0,5.2,Summer,0,0,0,0,0,0,0,1,0,0,0,0,0,0,Healthy,Low,0
Buffalo,89,Female,9,1,0,1,0,333,Untreated,25.287,75.6149,33.7,1.0,30.1,77.3,48.5,Post-Monsoon,4,1,1,0,1,0,0,1,0,0,0,0,0,0,Black_Quarter,Moderate,0
Buffalo,35,Female,16,1,0,1,1,160,Untreated,17.6536,75.8479,1.9,9.6,36.0,76.3,31.4,Monsoon,4,3,4,2,1,1,0,0,0,0,1,0,0,0,Hemorrhagic_Septicemia,Critical,1
Buffalo,16,Female,3,1,1,1,1,98,Untreated,17.1889,74.9679,17.5,9.3,24.8,60.9,9.2,Summer,1,6,1,0,1,1,1,1,0,0,0,0,0,0,FMD,Moderate,0
Buffalo,21,Female,1,0,1,0,1,66,Supportive Care,24.2827,77.339,0.6,8.0,27.9,79.4,20.3,Post-Monsoon,3,5,1,0,1,0,0,0,1,0,0,0,0,0,Lumpy_Skin_Disease,Moderate,0
Buffalo,118,Female,2,0,0,0,0,999,Supportive Care,23.7956,81.5339,17.5,3.4,27.4,84.8,54.5,Monsoon,5,4,1,2,1,1,0,0,0,0,1,0,0,0,Hemorrhagic_Septicemia,Critical,1
Buffalo,106,Female,12,0,0,1,0,330,Supportive Care,23.5116,80.2273,14.5,5.9,30.4,83.4,56.4,Monsoon,5,4,4,1,1,1,0,0,0,0,1,0,0,0,Hemorrhagic_Septicemia,Critical,1
Buffalo,60,Female,13,0,1,1,1,357,Antibiotics,17.9455,78.4184,44.7,12.0,27.5,64.8,1.1,Summer,2,1,3,0,1,1,0,1,1,0,0,0,0,0,FMD,High,1
Buffalo,59,Female,9,1,0,0,1,323,Untreated,17.2321,82.3258,24.5,2.6,31.6,88.0,28.6,Post-Monsoon,0,2,2,0,1,0,0,1,1,0,0,0,1,0,Lumpy_Skin_Disease,Moderate,0
Buffalo,83,Female,15,1,0,1,0,354,Untreated,27.1569,78.0884,5.4,9.7,30.2,89.4,49.2,Monsoon,3,5,3,2,1,0,0,0,0,0,1,0,0,0,Hemorrhagic_Septicemia,Critical,1
Cow,53,Female,58,1,1,0,0,62,Untreated,27.5725,81.3177,13.8,4.4,35.8,84.0,14.8,Monsoon,4,3,3,2,0,0,0,1,0,0,1,0,0,0,Black_Quarter,High,1
Buffalo,89,Female,6,0,1,0,1,153,Untreated,21.7854,76.5965,17.5,4.6,38.2,89.4,26.9,Post-Monsoon,3,5,2,0,1,0,0,0,1,0,0,0,0,0,Lumpy_Skin_Disease,Moderate,0
Cow,28,Female,10,0,1,0,0,156,Antibiotics,15.844,73.0347,15.1,4.9,27.6,73.1,34.5,Monsoon,2,1,4,1,1,0,0,1,0,0,0,0,0,0,Black_Quarter,High,1
Cow,70,Female,7,1,1,0,1,283,Untreated,17.6021,79.7256,24.8,13.6,28.0,82.2,19.8,Post-Monsoon,4,1,4,0,1,0,0,0,0,0,0,0,0,0,Lumpy_Skin_Disease,High,1
Buffalo,63,Female,32,1,0,0,1,359,Dewormed,15.0182,75.7109,28.3,14.6,28.4,90.9,55.8,Monsoon,2,3,1,0,1,1,1,0,0,0,1,0,0,0,Hemorrhagic_Septicemia,Critical,1
Buffalo,77,Male,26,0,0,1,1,298,Supportive Care,16.0835,73.1282,35.4,6.9,19.8,83.0,1.8,Monsoon,5,4,3,0,1,1,0,1,0,0,0,0,0,0,FMD,High,1
Cow,79,Female,33,0,1,0,1,167,Antibiotics,22.5563,76.4023,13.5,2.5,28.9,97.3,18.5,Post-Monsoon,0,4,3,0,1,0,0,0,1,0,0,0,0,0,Lumpy_Skin_Disease,High,1
Cow,84,Female,7,1,1,1,1,323,Supportive Care,20.4344,78.7086,5.4,11.9,26.8,71.4,12.9,Post-Monsoon,2,4,2,0,1,0,1,0,0,0,0,0,0,0,FMD,Moderate,0
Cow,23,Female,8,1,0,1,1,80,Antibiotics,27.0734,75.9232,32.8,14.6,31.6,98.7,66.8,Monsoon,3,4,4,1,1,1,0,0,0,0,1,0,0,0,Hemorrhagic_Septicemia,Critical,1
Cow,93,Female,55,0,1,1,0,139,Dewormed,25.2914,83.4667,31.9,10.9,15.2,80.2,14.1,Summer,3,2,2,0,1,0,0,0,0,0,0,1,0,0,Mastitis,Moderate,0
Buffalo,96,Female,6,0,1,0,1,339,Antibiotics,27.782,80.2553,25.5,10.3,29.7,82.3,9.9,Post-Monsoon,5,4,4,0,1,0,0,1,1,0,0,0,0,0,Lumpy_Skin_Disease,High,1
Cow,93,Female,16,1,1,1,0,155,Antibiotics,26.4748,75.4725,6.5,12.6,30.9,100.0,20.2,Winter,2,3,4,0,1,1,0,1,0,1,0,1,0,0,Mastitis,Moderate,0
Buffalo,10,Female,10,1,0,1,1,266,Dewormed,21.9487,78.9349,46.7,0.2,18.5,68.0,0.3,Summer,2,1,4,0,1,1,1,1,0,0,0,0,0,0,FMD,High,1
Buffalo,30,Female,10,1,1,1,0,179,Dewormed,27.3905,79.2748,35.9,7.0,30.4,68.6,17.6,Post-Monsoon,0,1,4,0,1,0,0,1,0,1,0,0,0,0,Black_Quarter,High,1
Buffalo,52,Male,13,1,1,0,0,167,Supportive Care,21.4895,78.9781,38.9,11.4,29.5,83.7,21.4,Post-Monsoon,1,4,4,0,1,0,0,0,1,0,0,0,0,0,Lumpy_Skin_Disease,High,1
Buffalo,42,Female,4,1,0,1,1,179,Untreated,21.6868,74.8932,13.7,10.9,31.6,45.6,5.0,Winter,0,0,0,0,0,0,0,0,0,0,0,0,0,0,Healthy,Low,0
Cow,70,Female,2,1,0,1,1,103,Dewormed,26.1276,73.1676,0.8,2.4,26.9,79.2,24.6,Post-Monsoon,2,5,1,0,1,0,0,0,0,1,0,1,0,0,Mastitis,Moderate,0
Cow,58,Female,22,1,0,0,1,230,Dewormed,18.9064,77.4501,5.0,4.9,34.4,86.4,26.8,Post-Monsoon,5,5,3,0,1,0,0,0,1,0,0,0,0,0,Lumpy_Skin_Disease,High,1
Cow,91,Female,16,1,1,0,1,34,Antibiotics,26.254,80.464,31.0,7.6,32.3,83.0,15.8,Post-Monsoon,2,4,2,0,1,0,0,0,0,0,0,0,0,0,Lumpy_Skin_Disease,Moderate,0
Cow,12,Female,4,0,1,1,1,342,Dewormed,22.3611,76.1011,28.2,11.9,19.1,68.3,7.8,Post-Monsoon,1,6,2,0,1,1,1,1,0,0,0,0,0,0,FMD,Moderate,0
Buffalo,29,Male,2,1,1,0,1,33,Untreated,21.7118,82.5066,27.9,1.1,28.4,64.1,36.5,Monsoon,3,5,1,0,1,0,0,0,0,0,1,0,0,1,Anthrax,Critical,1
Cow,28,Female,20,1,1,0,0,40,Dewormed,24.3727,78.994,87.0,8.6,29.0,63.6,14.1,Winter,1,0,0,0,0,0,0,0,0,0,0,0,0,0,Healthy,Low,0
Cow,15,Female,18,1,0,1,0,102,Supportive Care,23.2448,73.0261,12.9,4.7,34.5,83.8,8.3,Post-Monsoon,3,1,4,0,1,0,0,0,1,0,0,0,0,0,Lumpy_Skin_Disease,High,1
Buffalo,57,Male,1,0,1,1,0,350,Untreated,19.5927,75.178,38.2,13.8,34.8,63.6,21.2,Post-Monsoon,2,2,1,1,1,0,0,1,0,0,0,0,0,1,Black_Quarter,High,1
Cow,15,Female,5,1,0,0,1,61,Untreated,24.2208,84.4806,32.8,4.6,29.4,42.7,3.5,Post-Monsoon,0,0,0,0,0,0,0,0,0,0,0,0,0,0,Healthy,Low,0
Buffalo,107,Female,4,1,1,1,0,150,Antibiotics,24.2817,79.9141,64.9,12.7,25.4,94.6,3.9,Summer,0,0,0,0,0,0,0,0,0,0,0,0,0,0,Healthy,Low,0
Buffalo,24,Male,3,1,1,1,1,264,Supportive Care,20.2321,84.816,20.6,10.1,21.9,80.9,33.8,Monsoon,4,1,2,0,1,0,0,0,0,0,0,1,0,0,Mastitis,Moderate,0
Cow,108,Female,19,1,1,1,0,197,Dewormed,17.5213,77.102,0.9,6.4,19.7,88.6,7.1,Post-Monsoon,3,5,2,0,1,0,0,0,0,1,0,1,0,0,Mastitis,Moderate,0
Cow,76,Female,2,1,1,1,1,99,Antibiotics,27.8951,80.9687,33.4,4.5,30.2,99.7,44.9,Monsoon,5,3,1,1,1,1,0,0,0,0,1,0,0,0,Hemorrhagic_Septicemia,Critical,1
Cow,82,Female,7,1,1,0,1,65,Dewormed,19.1222,73.2453,10.3,2.5,24.2,70.1,17.2,Post-Monsoon,5,5,3,0,1,0,0,0,1,0,0,0,0,1,Lumpy_Skin_Disease,High,1
Buffalo,14,Female,9,0,1,0,1,88,Antibiotics,27.1094,81.9079,33.3,13.1,25.8,66.8,6.2,Winter,4,2,3,0,1,1,0,1,0,0,0,0,0,0,FMD,High,1
Buffalo,7,Female,8,1,0,1,0,304,Dewormed,24.8199,82.9159,19.8,13.3,25.1,86.7,54.3,Monsoon,5,3,1,0,1,1,0,0,0,0,1,0,1,0,Hemorrhagic_Septicemia,Critical,1
Cow,99,Female,13,0,1,1,1,299,Dewormed,26.7418,80.2136,29.6,12.6,28.1,61.2,16.4,Post-Monsoon,3,3,1,1,1,0,0,0,0,0,1,0,0,1,Anthrax,Critical,1
Cow,80,Female,9,1,0,1,0,164,Antibiotics,24.6255,79.7043,79.9,0.4,28.8,64.9,1.3,Summer,0,0,0,0,0,0,0,0,0,0,0,0,0,0,Healthy,Low,0
Cow,12,Female,7,0,0,1,1,99,Supportive Care,20.5895,82.7376,4.3,12.1,28.4,44.5,1.3,Winter,2,2,1,0,0,1,1,1,0,0,0,0,0,0,FMD,Moderate,0
Cow,35,Female,30,0,1,1,1,344,Supportive Care,18.3082,80.421,27.6,14.4,25.9,32.7,13.1,Post-Monsoon,2,1,2,0,1,1,1,1,0,1,0,0,0,0,FMD,Moderate,0
Buffalo,69,Female,3,0,1,1,1,52,Dewormed,18.4849,80.302,14.4,7.2,33.7,64.8,48.5,Monsoon,1,6,1,2,1,0,0,0,0,0,1,0,0,0,Anthrax,Critical,1
Cow,56,Female,29,1,0,1,0,282,Dewormed,18.3537,78.0626,26.5,0.6,35.8,67.6,17.2,Monsoon,4,4,1,0,1,0,0,1,0,0,0,0,0,0,Black_Quarter,Moderate,0
Buffalo,51,Female,20,1,1,1,0,126,Supportive Care,17.3849,82.8657,96.1,4.4,23.2,79.9,12.6,Post-Monsoon,1,0,0,0,0,0,0,0,0,0,0,0,0,0,Healthy,Low,0
Cow,52,Female,1,1,1,1,0,309,Untreated,15.6348,83.4563,23.5,5.1,24.5,69.6,7.2,Summer,0,0,0,0,0,0,0,0,0,0,0,0,0,0,Healthy,Low,0
Buffalo,66,Male,4,0,1,1,0,179,Antibiotics,16.669,84.365,38.9,9.3,30.1,51.1,7.7,Winter,2,5,3,0,1,0,1,1,0,0,0,0,0,0,FMD,High,1
Buffalo,98,Male,1,1,1,1,1,327,Untreated,25.8042,76.8326,29.0,2.4,33.1,71.0,48.6,Monsoon,3,6,1,2,1,0,0,0,0,0,1,0,0,0,Anthrax,Critical,1
Buffalo,89,Female,6,1,1,1,0,177,Antibiotics,21.5492,79.3225,2.4,11.8,36.2,90.7,19.0,Post-Monsoon,4,4,1,0,1,0,0,0,1,0,1,0,0,0,Lumpy_Skin_Disease,Moderate,0
Cow,33,Female,7,1,1,1,0,329,Antibiotics,19.5545,83.6708,17.8,5.0,31.9,95.1,29.8,Summer,3,1,1,0,1,0,0,0,0,1,0,1,0,0,Mastitis,Moderate,0
Cow,36,Female,8,1,0,0,1,59,Dewormed,16.2624,76.4471,17.0,10.6,34.0,67.1,30.4,Post-Monsoon,4,3,2,1,1,0,0,1,0,0,0,0,0,0,Black_Quarter,High,1
Buffalo,16,Female,4,1,0,1,1,221,Dewormed,17.8612,83.1031,48.6,4.5,28.1,74.0,74.1,Monsoon,2,6,3,0,1,1,0,0,0,0,1,0,0,0,Hemorrhagic_Septicemia,Critical,1
Buffalo,12,Male,77,0,1,1,1,289,Untreated,27.8718,79.7322,13.9,4.8,23.4,45.2,4.6,Winter,3,2,1,0,1,1,1,1,0,0,0,0,0,0,FMD,Moderate,0
Buffalo,101,Female,2,1,1,1,0,110,Dewormed,24.0712,83.8038,1.8,8.3,39.1,75.4,38.9,Monsoon,5,3,1,1,1,0,0,0,0,0,1,0,0,1,Anthrax,Critical,1
Buffalo,98,Female,9,1,1,0,1,286,Supportive Care,25.4987,80.923,35.0,7.9,31.3,79.7,11.0,Post-Monsoon,1,1,3,0,1,0,0,0,1,0,0,0,0,0,Lumpy_Skin_Disease,High,1
Cow,113,Female,3,1,1,0,1,353,Dewormed,22.9048,84.9236,22.0,4.7,32.6,91.8,7.9,Post-Monsoon,5,4,2,0,1,0,0,1,1,0,0,0,0,0,Lumpy_Skin_Disease,Moderate,0
Buffalo,59,Male,1,1,1,1,0,37,Supportive Care,18.7508,74.2495,1.0,0.3,34.2,74.3,34.7,Monsoon,0,4,1,1,1,0,0,1,0,0,0,0,0,0,Black_Quarter,High,1
Cow,29,Female,8,1,0,1,1,341,Antibiotics,24.6215,82.867,40.0,14.9,28.3,89.6,16.7,Winter,5,6,3,0,1,0,0,0,0,1,0,1,0,0,Mastitis,Moderate,0
Cow,115,Female,4,1,0,0,1,66,Dewormed,22.1933,82.7672,31.4,12.2,31.5,96.4,44.4,Monsoon,1,6,1,0,1,1,0,0,0,0,0,0,0,0,Hemorrhagic_Septicemia,Critical,1
Buffalo,55,Female,5,0,0,1,1,48,Untreated,27.5545,79.0281,39.4,9.4,31.0,82.2,44.3,Monsoon,2,4,4,0,1,1,0,0,0,0,1,0,0,1,Hemorrhagic_Septicemia,Critical,1
Cow,12,Female,20,0,0,1,0,171,Dewormed,21.3085,83.0092,26.9,8.3,25.5,46.0,10.7,Summer,2,5,1,0,1,1,1,1,0,0,0,0,0,0,FMD,Moderate,0
Cow,96,Female,8,1,0,0,1,81,Dewormed,25.7238,83.0009,8.4,11.5,35.7,64.4,11.8,Post-Monsoon,7,5,3,0,1,0,1,0,0,1,0,1,0,0,Mastitis,Moderate,0
Cow,91,Female,10,0,1,1,1,89,Antibiotics,20.849,76.5335,39.0,1.5,30.6,99.8,12.5,Monsoon,3,3,1,0,1,1,1,1,0,0,0,0,0,0,FMD,Moderate,0
Cow,52,Female,9,1,1,0,1,117,Dewormed,15.1485,76.3674,9.0,3.9,27.9,76.6,11.9,Post-Monsoon,1,2,1,0,1,0,0,0,1,0,0,0,0,0,Lumpy_Skin_Disease,Moderate,0
Buffalo,45,Male,5,1,1,0,1,200,Dewormed,23.2834,80.7682,1.3,11.0,29.8,76.0,24.9,Post-Monsoon,5,3,1,0,1,0,0,0,1,0,0,0,0,0,Lumpy_Skin_Disease,Moderate,0
Buffalo,34,Female,13,1,0,1,0,283,Dewormed,17.3164,78.9419,1.9,4.8,33.0,71.4,47.9,Monsoon,5,1,4,2,1,0,0,1,0,0,0,0,0,0,Black_Quarter,High,1
Cow,82,Female,3,1,1,0,0,136,Untreated,22.0196,81.3768,45.6,10.0,29.1,67.4,10.9,Post-Monsoon,5,5,1,0,0,0,0,1,1,0,0,0,0,0,Black_Quarter,Moderate,0
Cow,37,Female,3,1,1,0,1,301,Supportive Care,16.6608,78.737,26.5,0.5,29.6,84.7,13.9,Post-Monsoon,2,2,2,0,1,0,0,0,1,0,0,0,0,0,Lumpy_Skin_Disease,Moderate,0
Cow,31,Female,14,1,0,0,1,122,Supportive Care,18.9716,82.139,24.4,12.7,30.8,87.5,10.2,Post-Monsoon,5,1,2,0,1,1,0,1,0,0,0,0,0,0,Lumpy_Skin_Disease,Moderate,0
Buffalo,60,Female,2,1,1,0,1,219,Untreated,22.8946,75.6754,35.5,1.8,34.3,71.6,28.2,Post-Monsoon,4,2,1,0,1,0,0,0,1,0,0,0,0,0,Lumpy_Skin_Disease,Moderate,0
Buffalo,98,Male,6,0,0,1,0,354,Dewormed,22.5425,81.6545,17.1,6.8,27.6,89.2,58.7,Monsoon,4,4,3,2,1,1,0,0,0,1,1,0,0,0,Hemorrhagic_Septicemia,Critical,1
Buffalo,65,Male,6,1,1,1,1,356,Dewormed,18.9069,79.1957,15.3,2.8,31.7,87.4,28.2,Monsoon,3,4,2,0,1,0,0,0,0,1,0,1,0,0,Mastitis,Moderate,0
Buffalo,60,Female,58,0,0,0,1,270,Dewormed,21.0521,75.7069,44.5,9.6,31.7,33.9,3.5,Summer,1,6,4,0,1,1,1,1,0,0,0,0,0,0,FMD,High,1
Cow,75,Female,13,1,1,0,0,93,Antibiotics,25.7384,84.4829,44.6,8.4,41.8,76.3,13.3,Monsoon,2,2,4,1,1,0,0,1,0,0,0,0,0,0,Black_Quarter,High,1
Buffalo,8,Female,7,0,0,1,1,339,Supportive Care,25.2463,78.0154,42.6,14.2,13.7,68.9,3.8,Summer,1,0,0,0,0,0,0,0,0,1,0,0,0,0,Healthy,Low,0
Buffalo,90,Male,15,1,1,1,1,155,Dewormed,17.6824,73.3783,23.6,11.2,30.2,68.2,31.1,Post-Monsoon,2,2,1,1,1,0,0,0,0,0,1,0,0,1,Anthrax,Critical,1
Buffalo,35,Female,1,1,1,1,0,246,Supportive Care,25.8973,75.5294,19.9,6.5,37.9,72.1,18.6,Monsoon,3,2,1,0,1,0,0,1,0,0,0,0,0,0,Black_Quarter,Moderate,0
Buffalo,47,Male,18,1,1,0,1,268,Untreated,20.486,77.2425,65.8,4.8,25.2,34.7,4.7,Summer,1,0,0,0,0,0,0,0,0,0,0,0,0,0,Healthy,Low,0
Buffalo,75,Male,7,0,1,0,1,354,Dewormed,23.5502,77.1894,13.0,13.3,35.1,81.2,7.5,Post-Monsoon,0,5,3,0,0,0,0,0,1,0,0,0,0,0,Lumpy_Skin_Disease,High,1
Buffalo,114,Male,1,1,1,0,0,98,Untreated,22.9828,79.7487,37.7,11.8,33.0,84.2,28.5,Monsoon,2,5,1,2,1,0,0,1,0,0,0,1,0,0,Black_Quarter,High,1
Buffalo,113,Female,9,1,0,1,0,62,Untreated,21.9286,76.9692,32.3,10.1,28.6,82.4,65.2,Monsoon,4,5,2,2,1,0,0,0,0,0,1,0,0,0,Hemorrhagic_Septicemia,Critical,1
Buffalo,107,Female,9,1,0,0,1,31,Untreated,27.7094,84.6901,49.1,5.9,31.5,73.6,27.1,Post-Monsoon,4,2,3,0,1,0,0,0,1,0,0,0,0,0,Lumpy_Skin_Disease,High,1
Cow,108,Female,22,1,1,0,0,111,Supportive Care,24.3076,79.6731,37.5,5.4,23.7,83.2,35.8,Summer,3,4,1,0,1,0,0,0,0,1,0,1,0,0,Mastitis,Moderate,0
Buffalo,103,Male,10,0,1,0,1,302,Antibiotics,25.1164,83.7775,25.1,11.0,21.3,42.6,7.2,Winter,1,0,0,0,0,0,0,0,0,0,0,0,0,0,Healthy,Low,0
Buffalo,55,Male,8,0,0,1,1,258,Dewormed,26.3766,81.4405,1.4,6.7,38.9,72.7,2.5,Post-Monsoon,5,6,4,0,1,1,0,1,0,0,0,0,0,0,FMD,High,1
Buffalo,109,Female,4,1,0,1,1,122,Dewormed,15.1954,80.5817,27.9,9.5,29.2,74.0,72.1,Monsoon,3,6,2,1,1,1,0,0,0,0,1,0,0,0,Hemorrhagic_Septicemia,Critical,1
Cow,8,Female,5,1,1,1,0,192,Untreated,20.4156,75.0808,31.7,4.0,36.9,72.1,18.9,Monsoon,2,4,3,1,1,0,0,1,0,0,0,0,0,0,Black_Quarter,High,1
Cow,46,Female,5,1,1,0,0,260,Untreated,25.3577,75.1577,15.3,0.2,25.0,85.0,12.3,Post-Monsoon,3,2,4,0,0,0,0,0,1,0,0,0,0,0,Lumpy_Skin_Disease,High,1
Cow,104,Female,2,1,0,0,1,353,Antibiotics,26.515,78.413,21.0,10.7,29.3,69.5,21.0,Post-Monsoon,1,4,1,0,1,0,0,0,1,0,0,0,0,0,Lumpy_Skin_Disease,Moderate,0
Buffalo,113,Female,7,1,1,0,1,318,Antibiotics,26.2031,76.0166,5.7,2.0,20.4,77.8,12.1,Post-Monsoon,3,1,2,0,1,0,0,0,0,0,0,1,0,0,Mastitis,Moderate,0
Buffalo,104,Female,6,1,0,1,1,137,Untreated,15.9943,82.6488,37.1,4.1,24.0,89.1,74.9,Monsoon,8,5,2,1,1,1,0,0,0,0,1,1,0,0,Hemorrhagic_Septicemia,Critical,1
Buffalo,41,Female,3,1,0,1,0,333,Dewormed,22.3709,83.5651,40.8,10.2,31.8,75.9,17.8,Winter,3,1,1,0,1,0,0,0,0,1,0,1,0,0,Mastitis,Moderate,0
Buffalo,107,Female,24,1,1,0,1,308,Supportive Care,18.3702,77.9614,44.1,8.3,28.9,76.6,28.6,Post-Monsoon,4,5,2,0,1,0,0,0,1,0,0,0,0,0,Lumpy_Skin_Disease,Moderate,0
Cow,53,Female,15,0,0,1,1,78,Supportive Care,21.1722,82.8856,25.7,3.1,31.4,79.5,48.8,Monsoon,2,4,3,0,1,1,1,0,0,0,1,0,0,0,Hemorrhagic_Septicemia,Critical,1
Buffalo,49,Male,11,1,1,1,1,52,Untreated,18.4623,74.3237,32.5,1.7,39.5,46.4,42.4,Post-Monsoon,3,3,3,0,1,0,0,0,1,0,1,0,1,1,Anthrax,Critical,1
Buffalo,43,Female,4,0,0,1,1,219,Dewormed,16.0094,77.564,24.1,5.4,31.2,79.6,20.8,Monsoon,2,6,2,0,0,0,0,0,0,1,0,1,0,0,Mastitis,Moderate,0
Cow,60,Female,5,0,1,1,1,101,Supportive Care,20.9506,74.3868,29.4,8.7,36.7,72.2,12.7,Post-Monsoon,2,4,1,2,1,0,0,0,0,0,1,0,0,1,Anthrax,Critical,1
Buffalo,55,Female,4,1,0,1,0,230,Dewormed,24.441,77.0224,39.9,10.1,31.4,53.5,13.4,Monsoon,6,3,1,0,1,0,0,1,0,0,1,0,0,0,Black_Quarter,Moderate,0
Buffalo,29,Female,15,1,1,0,1,209,Dewormed,26.4795,73.4253,47.6,8.7,32.2,70.0,17.9,Post-Monsoon,3,3,2,0,1,0,0,0,1,0,0,0,0,0,Lumpy_Skin_Disease,Moderate,0
Buffalo,101,Male,11,1,0,0,1,79,Dewormed,24.6144,79.9481,17.7,5.6,27.7,88.1,75.2,Monsoon,2,6,1,0,1,1,0,1,0,1,1,0,0,0,Hemorrhagic_Septicemia,Critical,1
Cow,61,Female,19,0,1,1,1,275,Supportive Care,18.9599,77.5349,35.0,11.3,26.0,83.7,2.5,Monsoon,1,3,4,0,1,1,1,1,1,0,0,0,0,0,FMD,High,1
Buffalo,109,Female,3,1,1,0,1,342,Dewormed,16.934,82.0833,13.7,1.9,34.9,86.5,13.8,Post-Monsoon,1,1,1,0,1,0,0,0,1,0,0,0,0,0,Lumpy_Skin_Disease,Moderate,0
Buffalo,33,Male,22,1,0,0,1,325,Untreated,18.8752,74.28,14.8,7.1,28.4,85.3,12.7,Post-Monsoon,3,2,3,0,1,0,0,0,1,0,0,1,0,0,Lumpy_Skin_Disease,High,1
Buffalo,6,Male,7,0,0,1,1,331,Untreated,23.9988,81.5346,12.1,0.2,38.5,85.7,47.5,Monsoon,3,3,4,0,1,1,0,0,0,0,1,0,0,0,Hemorrhagic_Septicemia,Critical,1
Buffalo,57,Female,11,0,0,1,1,266,Antibiotics,25.9722,83.4555,2.0,9.4,29.0,60.9,5.2,Monsoon,4,2,3,0,1,1,1,1,0,0,0,0,0,0,FMD,High,1
Cow,17,Female,24,1,0,1,1,262,Antibiotics,20.0482,77.5996,30.2,6.0,31.4,86.8,62.3,Monsoon,3,6,1,0,1,1,0,0,1,0,1,0,0,0,Hemorrhagic_Septicemia,Critical,1
Cow,12,Female,16,1,0,1,1,350,Untreated,23.1029,84.9298,27.8,7.0,29.5,66.9,40.8,Post-Monsoon,3,2,2,0,1,0,0,0,0,0,0,0,0,0,Black_Quarter,Moderate,0
Cow,24,Female,36,1,0,1,0,214,Supportive Care,26.6563,78.9683,30.9,14.8,30.1,81.8,13.2,Post-Monsoon,3,2,4,1,1,0,0,1,0,0,0,0,0,1,Black_Quarter,High,1
Cow,55,Female,13,1,0,1,1,54,Supportive Care,16.9189,74.1241,21.5,12.7,28.0,85.6,46.7,Monsoon,3,6,3,1,1,1,0,0,0,0,1,0,0,0,Hemorrhagic_Septicemia,Critical,1
Buffalo,41,Female,1,0,1,1,1,69,Dewormed,18.2829,81.6967,37.6,6.2,30.0,73.3,10.3,Post-Monsoon,1,2,1,0,1,0,0,0,1,1,1,1,0,0,Mastitis,Moderate,0
Cow,88,Female,2,0,0,0,1,204,Untreated,18.406,84.9272,13.7,0.4,32.5,71.3,25.9,Post-Monsoon,4,6,1,0,1,0,0,0,1,0,0,0,0,0,Lumpy_Skin_Disease,Moderate,0
Buffalo,92,Female,6,1,1,0,1,334,Antibiotics,17.4855,79.0942,38.5,10.4,35.3,75.1,22.9,Post-Monsoon,5,1,4,0,1,0,0,0,0,0,0,0,0,0,Lumpy_Skin_Disease,High,1
Cow,106,Female,2,1,1,0,1,276,Untreated,16.8309,76.1109,13.0,11.8,27.2,90.2,17.2,Post-Monsoon,2,5,1,0,1,0,0,0,1,0,0,0,0,0,Lumpy_Skin_Disease,Moderate,0
Cow,66,Female,4,0,1,0,1,93,Supportive Care,24.228,76.9906,47.1,2.7,29.3,87.6,9.7,Post-Monsoon,3,5,1,0,1,0,0,0,1,0,1,0,0,0,Lumpy_Skin_Disease,Moderate,0
Buffalo,115,Male,3,1,1,0,1,30,Antibiotics,24.056,74.3705,13.4,9.9,31.9,86.1,13.8,Post-Monsoon,2,1,1,0,1,0,1,0,1,0,0,0,0,0,Lumpy_Skin_Disease,Moderate,0
Cow,9,Female,7,1,0,1,1,255,Dewormed,24.4977,80.3306,13.8,9.5,26.2,100.0,47.4,Monsoon,3,3,2,0,1,1,0,0,0,0,1,0,0,0,Hemorrhagic_Septicemia,Critical,1
Buffalo,47,Male,10,0,1,1,0,321,Dewormed,15.2566,78.0696,37.5,14.6,16.0,91.9,6.4,Winter,1,6,1,0,1,1,1,1,0,0,0,0,0,0,FMD,Moderate,0
Buffalo,27,Female,7,1,1,0,0,41,Supportive Care,16.2068,79.2617,40.2,12.8,37.5,56.8,50.0,Post-Monsoon,8,2,3,2,1,0,0,1,0,0,0,0,0,0,Black_Quarter,High,1
Cow,98,Female,2,1,1,0,1,95,Untreated,25.8657,84.345,44.1,3.1,31.7,83.5,10.8,Post-Monsoon,1,4,1,0,1,0,0,0,1,0,0,0,0,0,Lumpy_Skin_Disease,Moderate,0
Buffalo,97,Male,12,0,0,1,0,275,Untreated,26.9563,81.6442,24.9,7.0,31.2,74.3,15.1,Post-Monsoon,5,6,3,0,1,0,0,1,0,0,0,0,0,0,Black_Quarter,High,1
Cow,83,Female,4,1,1,1,1,345,Supportive Care,20.8829,74.0613,31.5,1.6,34.1,87.3,15.0,Post-Monsoon,4,5,3,0,1,0,0,0,1,0,1,1,0,0,Lumpy_Skin_Disease,High,1
Cow,60,Female,8,0,0,0,0,999,Dewormed,23.7343,77.2646,22.7,13.3,31.8,45.5,2.6,Monsoon,4,4,4,0,1,1,1,1,0,0,0,1,0,0,FMD,High,1
Buffalo,65,Female,1,1,1,0,1,185,Dewormed,16.0939,83.643,24.1,13.9,30.2,80.4,20.5,Post-Monsoon,5,4,1,0,1,0,0,0,1,0,0,0,0,0,Lumpy_Skin_Disease,Moderate,0
Cow,75,Female,28,1,1,0,0,197,Antibiotics,19.1435,77.286,32.8,10.7,30.9,95.9,8.5,Post-Monsoon,2,6,3,0,1,0,0,0,1,0,0,0,0,0,Lumpy_Skin_Disease,High,1
Cow,73,Female,4,1,1,0,1,267,Supportive Care,24.9816,75.3312,16.7,11.5,18.7,79.2,11.4,Post-Monsoon,3,3,1,0,1,0,0,0,0,1,0,0,0,0,Mastitis,Moderate,0
Cow,77,Female,1,1,0,1,1,265,Supportive Care,17.0597,78.044,47.3,4.5,26.9,64.2,28.4,Post-Monsoon,4,6,1,0,1,0,0,0,1,1,0,1,0,0,Mastitis,Moderate,0
Buffalo,111,Male,12,1,0,1,1,299,Dewormed,18.9676,82.4953,16.0,5.8,32.3,79.9,63.0,Monsoon,3,6,2,0,1,1,0,0,0,0,1,0,1,0,Hemorrhagic_Septicemia,Critical,1
Cow,58,Female,4,1,1,1,1,263,Dewormed,26.6152,74.8614,9.2,1.8,16.0,46.5,4.8,Summer,4,4,2,0,0,1,1,0,0,0,0,0,0,0,FMD,Moderate,0
Buffalo,96,Female,11,1,1,1,0,327,Dewormed,16.3778,76.0857,8.8,11.3,28.3,88.1,24.3,Monsoon,4,2,3,1,1,0,0,0,0,0,0,0,0,0,Black_Quarter,High,1
Buffalo,86,Male,2,0,1,1,1,169,Antibiotics,26.6315,77.1217,21.0,8.9,32.3,41.5,12.9,Post-Monsoon,6,1,1,0,1,1,1,1,0,0,0,0,0,0,FMD,Moderate,0
Cow,119,Female,7,0,1,1,1,271,Antibiotics,18.4876,76.6567,17.0,12.6,22.5,42.5,5.0,Post-Monsoon,4,2,1,0,1,1,1,1,0,0,0,0,0,0,FMD,Moderate,0
Buffalo,101,Female,21,0,0,1,1,360,Dewormed,18.47,74.7078,20.8,14.7,14.7,58.3,6.0,Post-Monsoon,0,3,4,0,1,1,1,1,0,0,0,0,0,0,FMD,High,1
Buffalo,97,Female,2,0,0,1,1,289,Dewormed,24.2056,74.4428,5.5,0.9,20.9,62.9,0.7,Summer,3,5,1,0,0,1,1,1,0,0,0,0,0,0,FMD,Moderate,0
Buffalo,104,Female,2,1,1,1,1,243,Untreated,15.4944,74.9007,35.3,10.1,21.6,61.6,13.5,Post-Monsoon,2,3,1,0,1,0,0,0,0,1,0,0,0,0,Mastitis,Moderate,0
Buffalo,61,Female,5,1,1,1,1,47,Untreated,19.1202,83.807,0.7,11.2,35.8,79.1,24.0,Post-Monsoon,2,4,3,0,1,0,0,0,1,0,0,1,0,0,Lumpy_Skin_Disease,High,1
Buffalo,96,Female,4,0,0,0,1,246,Untreated,21.5086,82.4287,46.9,8.1,33.6,83.4,6.5,Post-Monsoon,2,5,2,0,1,0,0,0,1,0,0,0,0,0,Lumpy_Skin_Disease,Moderate,0
Buffalo,18,Female,15,0,1,1,1,287,Dewormed,25.789,81.3108,28.6,11.1,27.9,60.1,13.3,Monsoon,6,5,3,0,1,1,1,1,0,0,0,0,0,0,FMD,High,1
Buffalo,6,Male,4,0,1,0,1,166,Antibiotics,25.0635,74.8655,10.1,1.1,22.5,76.4,37.3,Post-Monsoon,5,5,3,0,0,0,0,0,0,0,0,0,0,0,Mastitis,Moderate,0
Cow,56,Female,1,1,0,1,1,314,Antibiotics,25.2597,77.1318,24.0,6.5,29.5,49.1,10.6,Monsoon,0,0,0,0,0,0,0,0,0,0,0,1,0,0,Healthy,Low,0
Cow,50,Female,4,0,1,0,1,339,Untreated,18.0521,73.4721,38.2,9.4,14.2,50.7,4.2,Summer,5,3,3,0,1,1,1,0,0,0,0,1,0,0,FMD,High,1
Cow,36,Female,3,0,0,0,1,96,Antibiotics,16.8267,79.4052,1.5,12.4,28.8,76.3,50.7,Monsoon,1,3,2,2,1,1,0,0,0,0,1,0,1,0,Hemorrhagic_Septicemia,Critical,1
Cow,93,Female,5,1,1,0,0,206,Dewormed,16.1027,73.6141,48.3,10.8,26.4,38.6,37.1,Monsoon,2,6,1,0,1,0,0,1,0,0,0,0,0,0,Black_Quarter,Moderate,0
Cow,76,Female,26,1,1,0,0,65,Supportive Care,18.2385,82.1948,49.2,12.7,37.5,81.2,8.1,Post-Monsoon,3,5,1,0,1,0,0,0,1,0,0,0,0,0,Lumpy_Skin_Disease,Moderate,0
Cow,106,Female,4,1,1,0,1,192,Dewormed,25.3607,77.7619,27.4,4.1,33.2,80.2,6.4,Post-Monsoon,2,1,3,0,1,0,0,0,1,0,0,0,0,0,Lumpy_Skin_Disease,High,1
Buffalo,33,Female,40,1,1,1,1,364,Antibiotics,26.1339,75.0679,84.3,13.6,17.6,71.9,2.1,Winter,1,0,0,0,0,0,0,0,0,0,0,0,0,0,Healthy,Low,0
Buffalo,98,Female,1,1,0,1,1,291,Antibiotics,15.9055,80.4629,47.0,2.7,25.1,74.6,32.0,Monsoon,6,5,1,0,1,1,0,0,0,0,1,0,0,0,Hemorrhagic_Septicemia,Critical,1
Cow,44,Female,2,1,0,1,1,300,Untreated,25.5484,75.0528,7.7,1.6,31.3,87.7,61.5,Monsoon,2,5,1,1,1,1,0,0,0,1,1,0,0,0,Hemorrhagic_Septicemia,Critical,1
Cow,23,Female,4,0,1,0,0,309,Supportive Care,19.1734,77.4818,13.1,1.6,32.7,80.6,30.5,Post-Monsoon,3,1,2,0,1,0,0,1,0,0,0,0,0,0,Black_Quarter,Moderate,0
Buffalo,66,Male,13,1,0,1,1,163,Untreated,22.6949,78.2386,23.2,10.2,27.2,42.8,7.3,Post-Monsoon,0,0,0,0,0,0,0,0,0,0,0,0,0,0,Healthy,Low,0
Buffalo,23,Female,1,1,1,1,0,90,Dewormed,21.9521,75.5231,18.7,3.1,25.5,67.3,48.5,Post-Monsoon,0,3,1,1,1,1,0,1,0,0,0,0,0,0,Black_Quarter,High,1
Buffalo,114,Female,2,1,0,1,1,170,Supportive Care,23.0615,80.0303,23.0,6.7,22.1,85.7,30.7,Monsoon,5,6,1,2,1,1,0,0,0,0,1,0,1,0,Hemorrhagic_Septicemia,Critical,1
Cow,102,Female,2,1,1,1,0,138,Untreated,27.8277,79.2559,1.4,4.3,36.5,65.6,20.0,Post-Monsoon,3,1,1,0,1,0,0,1,0,0,0,0,0,0,Black_Quarter,Moderate,0
Buffalo,87,Female,2,1,1,0,0,47,Supportive Care,24.3208,75.3519,47.4,5.2,26.6,87.7,10.6,Post-Monsoon,1,6,1,0,1,0,0,0,1,0,0,0,0,0,Lumpy_Skin_Disease,Moderate,0
Buffalo,51,Male,1,0,1,0,1,247,Dewormed,26.9721,79.4781,31.3,11.1,20.4,74.9,2.6,Summer,0,0,0,0,0,0,1,0,0,0,0,0,0,0,Healthy,Low,0
Cow,15,Female,10,0,1,1,1,360,Antibiotics,19.6355,73.1622,0.6,13.6,35.9,32.4,7.7,Monsoon,0,4,2,0,0,1,1,1,0,0,0,0,0,0,FMD,Moderate,0
Buffalo,90,Female,13,1,0,1,1,246,Untreated,20.8603,84.719,41.5,3.3,23.8,65.1,21.7,Winter,1,5,2,0,1,0,0,0,0,1,0,1,0,0,Mastitis,Moderate,0
Buffalo,67,Female,4,0,1,0,0,170,Antibiotics,15.5309,74.1836,40.6,8.2,28.5,53.3,5.7,Monsoon,2,3,1,0,1,0,1,1,0,0,0,0,1,0,FMD,Moderate,0
Buffalo,94,Female,12,0,1,0,1,31,Antibiotics,16.3676,79.2726,22.3,3.5,27.4,77.9,13.3,Winter,4,6,2,0,1,1,1,0,0,0,0,0,0,0,FMD,Moderate,0
Cow,33,Female,6,1,1,1,0,206,Untreated,17.8745,80.5639,12.3,8.7,36.8,57.3,45.6,Post-Monsoon,4,4,4,2,1,0,0,1,0,0,0,0,0,0,Black_Quarter,High,1
Cow,34,Female,12,1,1,1,1,244,Untreated,18.6079,73.5246,28.0,11.5,30.7,67.4,37.3,Post-Monsoon,0,5,4,2,1,0,0,0,0,0,1,0,0,1,Anthrax,Critical,1
Buffalo,78,Female,16,0,1,0,1,332,Supportive Care,16.8166,77.6432,43.8,9.8,18.9,63.2,23.1,Monsoon,5,3,4,0,1,1,0,0,0,1,0,1,0,0,Mastitis,Moderate,0
Buffalo,98,Female,16,1,1,1,0,247,Supportive Care,22.2066,79.2745,13.4,10.8,22.0,100.0,39.0,Winter,6,5,2,0,0,0,1,0,0,1,0,1,0,0,Mastitis,Moderate,0
Buffalo,41,Female,5,1,1,0,1,80,Untreated,26.6776,79.8025,8.3,1.3,33.0,95.7,11.5,Post-Monsoon,4,3,4,0,1,0,0,0,0,0,0,0,0,0,Lumpy_Skin_Disease,High,1
Cow,74,Female,3,0,1,0,1,140,Antibiotics,17.4751,80.5501,42.1,8.1,12.6,55.2,10.1,Post-Monsoon,2,2,2,0,1,1,1,1,0,0,0,0,0,0,FMD,Moderate,0
Buffalo,79,Female,4,0,0,1,1,250,Antibiotics,22.65,82.9317,11.8,0.8,24.0,55.2,5.0,Summer,4,6,2,0,1,1,0,1,0,0,0,0,0,0,FMD,Moderate,0
Buffalo,14,Female,11,0,1,1,1,259,Antibiotics,23.0195,74.388,30.7,8.5,32.5,88.1,50.0,Monsoon,6,6,2,2,1,1,0,0,0,0,1,0,0,0,Hemorrhagic_Septicemia,Critical,1
Cow,48,Female,4,1,1,0,1,301,Dewormed,26.0018,84.7429,2.0,9.6,30.8,85.5,24.4,Post-Monsoon,4,2,1,0,1,0,0,0,1,0,0,0,0,0,Lumpy_Skin_Disease,Moderate,0
Buffalo,95,Female,14,1,0,1,1,164,Dewormed,23.0323,74.7346,19.3,4.0,31.7,79.7,18.4,Post-Monsoon,3,2,2,0,1,0,0,0,1,0,0,0,0,0,Lumpy_Skin_Disease,Moderate,0
Cow,87,Female,8,0,1,1,1,79,Dewormed,17.8668,81.694,36.1,11.6,16.0,48.4,10.9,Post-Monsoon,4,6,3,0,1,1,0,1,0,0,0,0,0,0,FMD,High,1
Cow,9,Female,19,1,1,1,0,340,Supportive Care,19.717,84.4186,27.9,3.0,32.3,73.9,25.9,Post-Monsoon,5,1,2,1,1,0,0,1,0,0,0,0,0,0,Black_Quarter,High,1
Buffalo,46,Female,8,1,1,1,1,358,Supportive Care,16.077,74.9795,39.1,8.3,10.0,51.0,11.6,Monsoon,1,0,0,0,0,0,0,0,0,0,0,1,0,0,Healthy,Low,0
Cow,100,Female,1,1,1,0,1,226,Untreated,22.9262,73.5344,19.7,13.4,24.2,96.3,11.5,Post-Monsoon,2,3,1,0,1,0,1,0,1,0,0,0,0,0,Lumpy_Skin_Disease,Moderate,0
Cow,39,Female,17,1,0,1,1,138,Supportive Care,20.2759,83.4686,24.0,5.7,26.0,84.3,40.1,Monsoon,2,2,4,1,1,1,0,1,0,0,0,0,0,0,Hemorrhagic_Septicemia,Critical,1
Cow,67,Female,4,1,1,1,1,226,Untreated,24.7496,84.0918,11.2,13.2,23.5,59.0,11.8,Post-Monsoon,7,2,2,0,1,0,0,0,0,1,0,1,0,0,Mastitis,Moderate,0
Cow,119,Female,4,1,1,1,0,232,Supportive Care,15.433,77.7806,18.3,5.0,21.4,27.9,10.1,Summer,3,2,3,0,1,1,1,1,0,0,1,0,1,0,FMD,High,1
Cow,42,Female,1,0,0,1,1,341,Untreated,23.9947,81.4253,21.3,14.5,30.1,93.5,45.4,Monsoon,0,5,1,1,1,1,0,0,0,0,1,0,0,0,Hemorrhagic_Septicemia,Critical,1
Cow,103,Female,6,1,0,1,1,44,Untreated,20.6672,81.4824,14.2,9.6,30.9,86.9,34.4,Monsoon,6,5,4,2,0,1,0,0,0,0,1,0,0,0,Hemorrhagic_Septicemia,Critical,1
Cow,27,Female,13,1,1,0,1,191,Antibiotics,26.6224,74.8639,49.8,2.4,27.5,77.6,77.7,Monsoon,7,1,3,2,1,1,0,1,0,0,0,0,0,0,Hemorrhagic_Septicemia,Critical,1
Cow,81,Female,2,1,0,1,1,356,Dewormed,16.2656,83.2194,43.6,4.1,27.9,88.0,51.0,Monsoon,3,5,1,2,1,1,0,0,0,0,1,0,0,0,Hemorrhagic_Septicemia,Critical,1
Buffalo,28,Male,3,1,1,1,0,156,Antibiotics,15.7343,82.321,18.1,13.4,25.7,84.1,13.8,Monsoon,5,0,0,0,0,0,0,0,0,0,0,0,0,0,Healthy,Low,0
Buffalo,68,Female,4,1,0,1,1,228,Dewormed,24.2503,83.0297,7.2,10.5,29.4,82.1,67.7,Monsoon,9,6,1,2,1,1,0,0,0,0,1,0,0,0,Hemorrhagic_Septicemia,Critical,1
Cow,117,Female,1,0,1,0,0,147,Antibiotics,18.688,84.1735,41.5,12.2,25.7,86.0,3.5,Post-Monsoon,0,2,1,0,1,1,1,1,0,0,0,0,0,0,FMD,Moderate,0
Buffalo,116,Female,19,1,1,1,0,245,Antibiotics,24.9544,82.275,48.5,12.6,34.2,80.4,24.7,Winter,1,1,3,0,1,0,0,1,0,0,0,1,0,0,Mastitis,Moderate,0
Cow,20,Female,13,0,0,0,1,138,Supportive Care,19.3459,73.952,18.4,2.8,29.6,66.1,2.5,Winter,5,5,3,0,1,1,1,1,0,0,0,0,0,1,FMD,High,1
Cow,85,Female,14,1,0,0,1,347,Untreated,25.4472,76.4859,24.4,8.2,33.8,90.7,32.3,Monsoon,6,1,4,0,1,0,0,0,0,0,1,0,0,0,Hemorrhagic_Septicemia,Critical,1
Buffalo,42,Male,1,1,1,1,0,236,Dewormed,24.9131,80.287,32.4,4.0,29.7,66.9,42.4,Monsoon,2,2,1,1,1,0,0,1,0,0,0,0,0,0,Black_Quarter,High,1
Buffalo,56,Female,3,1,1,0,0,138,Antibiotics,22.1693,73.4408,3.4,3.6,28.7,84.0,29.0,Post-Monsoon,4,3,2,0,1,0,0,0,1,0,0,0,0,0,Lumpy_Skin_Disease,Moderate,0
Cow,41,Female,2,0,1,0,0,290,Untreated,17.1942,76.421,25.6,5.5,31.0,67.5,25.0,Post-Monsoon,0,3,1,2,1,0,0,1,1,0,0,0,0,0,Black_Quarter,High,1
Buffalo,19,Male,2,0,1,1,1,239,Dewormed,16.6355,77.1947,28.9,3.8,33.9,67.4,11.2,Winter,4,4,1,0,1,1,0,1,0,0,0,0,0,0,FMD,Moderate,0
Cow,94,Female,11,1,1,0,0,143,Untreated,18.8476,82.145,36.3,1.0,32.4,81.9,9.3,Post-Monsoon,6,4,4,0,1,0,0,0,1,0,0,0,0,0,Lumpy_Skin_Disease,High,1
Buffalo,16,Female,1,0,1,1,0,117,Dewormed,23.0934,76.1962,48.4,1.8,11.4,65.1,1.0,Summer,1,4,1,0,1,0,1,1,0,0,0,0,0,1,FMD,Moderate,0
Buffalo,37,Male,5,1,1,1,0,197,Antibiotics,27.2637,77.2341,29.4,12.8,19.9,77.7,29.7,Monsoon,5,4,2,0,0,0,0,0,0,1,0,0,0,0,Mastitis,Moderate,0
Buffalo,35,Female,22,1,1,0,1,224,Dewormed,27.2312,74.8729,51.2,14.7,30.9,58.0,5.4,Monsoon,4,0,0,0,0,0,0,0,0,0,0,0,0,0,Healthy,Low,0
Buffalo,73,Female,5,0,1,1,1,321,Supportive Care,19.4407,74.4511,35.8,1.3,14.1,72.2,7.7,Summer,3,1,4,0,1,1,1,0,0,0,0,0,0,0,FMD,High,1
Cow,84,Female,30,1,1,0,1,249,Supportive Care,22.8065,81.5092,75.9,8.3,27.3,53.5,9.0,Monsoon,1,0,0,0,0,0,0,1,0,0,0,0,0,0,Healthy,Low,0
Buffalo,40,Female,68,1,1,1,0,170,Dewormed,24.6202,81.649,40.3,7.7,18.8,80.7,14.1,Summer,0,0,0,0,0,0,0,0,0,0,0,0,0,0,Healthy,Low,0
Cow,99,Female,1,0,0,1,1,337,Supportive Care,24.8352,80.5911,0.7,7.8,27.8,89.0,45.0,Monsoon,5,5,1,2,1,1,0,0,0,0,1,0,0,0,Hemorrhagic_Septicemia,Critical,1
Buffalo,12,Female,6,1,0,1,1,185,Supportive Care,19.8933,84.1274,48.6,10.8,30.6,79.1,11.8,Post-Monsoon,3,4,1,2,1,0,0,1,0,0,0,0,0,0,Black_Quarter,High,1
Cow,91,Female,4,0,0,0,1,31,Antibiotics,17.1643,78.6468,26.3,11.6,19.5,67.7,30.6,Summer,4,3,3,0,1,0,0,1,0,1,0,1,0,0,Mastitis,Moderate,0
Cow,43,Female,17,1,1,1,0,363,Untreated,24.6895,81.8939,17.1,1.7,26.9,79.9,49.7,Post-Monsoon,4,6,4,2,1,0,0,1,0,0,1,1,0,0,Black_Quarter,High,1
Buffalo,68,Female,51,1,1,1,1,119,Dewormed,17.9881,79.3668,3.1,14.2,34.2,66.6,14.8,Post-Monsoon,2,2,4,1,1,0,0,1,0,0,0,0,0,0,Black_Quarter,High,1
Cow,19,Female,3,0,1,1,1,214,Dewormed,15.1836,83.3465,31.5,9.4,25.5,54.3,12.2,Winter,0,0,0,0,0,0,0,0,0,0,0,0,0,0,Healthy,Low,0
Buffalo,59,Female,29,1,1,0,0,320,Untreated,25.7366,83.1682,47.7,1.5,27.1,67.1,48.7,Monsoon,4,1,3,0,1,1,0,0,0,0,1,1,0,0,Hemorrhagic_Septicemia,Critical,1
Cow,83,Female,27,1,1,0,1,343,Dewormed,21.4969,83.1433,53.4,0.6,29.4,77.9,6.1,Monsoon,0,0,0,0,0,0,1,0,0,0,0,0,0,0,Healthy,Low,0
Buffalo,58,Female,14,1,1,1,0,307,Supportive Care,16.3914,78.8829,27.2,11.9,22.1,32.4,14.1,Winter,2,3,1,0,1,1,0,1,0,0,0,0,0,0,FMD,Moderate,0
Cow,97,Female,4,1,1,1,1,210,Untreated,25.5401,73.7457,15.2,1.7,22.2,80.7,24.2,Monsoon,3,1,2,0,0,0,0,0,0,0,0,1,0,0,Mastitis,Moderate,0
Buffalo,105,Female,11,0,1,1,0,121,Untreated,23.5303,81.2541,24.1,12.9,29.1,70.1,46.4,Post-Monsoon,2,3,4,0,1,0,0,1,0,0,0,0,0,0,Black_Quarter,High,1
Buffalo,81,Female,4,0,0,1,0,50,Dewormed,19.6142,84.1525,40.0,4.7,25.9,87.6,57.7,Monsoon,1,1,1,2,1,1,0,0,0,0,1,0,0,0,Hemorrhagic_Septicemia,Critical,1
Buffalo,117,Male,21,1,0,1,0,43,Antibiotics,19.3804,84.4628,82.6,12.0,19.8,45.9,6.0,Summer,0,0,0,0,0,0,0,0,0,0,0,0,0,0,Healthy,Low,0
Cow,48,Female,1,1,0,1,1,336,Antibiotics,20.1757,73.3923,21.2,7.7,27.6,85.8,21.3,Monsoon,3,4,1,2,1,1,0,0,0,0,1,0,0,0,Hemorrhagic_Septicemia,Critical,1
Buffalo,23,Male,22,0,1,1,0,125,Untreated,27.6114,75.508,4.9,10.3,22.4,79.0,34.7,Monsoon,3,1,4,1,0,1,0,0,0,0,0,0,0,0,Black_Quarter,High,1
Buffalo,32,Female,8,1,0,1,1,119,Dewormed,17.6618,73.8623,27.8,11.3,20.7,51.3,3.7,Summer,3,1,3,0,0,1,1,1,0,0,0,0,0,0,FMD,High,1
Cow,92,Female,2,1,1,1,0,60,Untreated,27.1986,83.5009,41.6,5.2,25.7,57.1,21.3,Post-Monsoon,5,1,1,0,1,0,1,0,0,0,0,1,0,0,Mastitis,Moderate,0
Buffalo,30,Male,68,1,1,0,1,131,Antibiotics,26.1174,77.0826,41.8,13.1,31.9,82.2,9.5,Post-Monsoon,1,4,4,0,1,0,0,0,1,1,0,0,0,0,Lumpy_Skin_Disease,High,1
Buffalo,66,Female,3,0,0,1,0,90,Dewormed,26.3875,78.1989,40.7,1.8,34.9,72.4,0.3,Summer,4,6,1,0,0,1,1,1,0,0,0,0,0,0,FMD,Moderate,0
Cow,110,Female,1,1,1,1,1,271,Dewormed,18.569,84.2161,30.3,2.7,28.4,90.0,57.8,Monsoon,0,5,1,0,1,1,1,0,0,0,1,0,0,1,Hemorrhagic_Septicemia,Critical,1
Cow,55,Female,10,1,1,0,1,215,Untreated,21.7498,74.6445,14.4,5.1,18.6,77.4,16.3,Post-Monsoon,4,3,4,0,1,0,0,0,0,1,0,1,0,0,Mastitis,Moderate,0
Buffalo,33,Female,5,1,0,1,1,319,Dewormed,16.584,81.6659,42.1,2.9,27.7,92.9,41.4,Monsoon,3,5,4,2,1,1,0,0,0,0,1,0,0,0,Hemorrhagic_Septicemia,Critical,1
Cow,113,Female,2,0,0,1,1,353,Supportive Care,16.5099,81.4563,1.3,10.1,24.8,81.3,39.2,Monsoon,3,3,1,1,1,1,0,0,0,0,1,0,0,0,Hemorrhagic_Septicemia,Critical,1
Cow,111,Female,7,1,1,0,0,180,Untreated,18.4823,74.2592,10.4,9.5,35.4,84.7,68.9,Monsoon,4,5,1,2,0,1,0,0,0,0,0,0,0,0,Hemorrhagic_Septicemia,Critical,1
Cow,14,Female,20,1,1,0,1,90,Dewormed,23.7539,79.6512,15.6,10.4,23.2,73.4,4.6,Winter,0,0,0,0,1,0,0,0,0,0,0,0,0,0,Healthy,Low,0
Cow,56,Female,32,1,1,0,1,62,Supportive Care,16.0893,75.1456,11.4,12.9,20.0,83.3,35.1,Summer,5,5,4,0,1,0,0,0,0,1,0,1,0,0,Mastitis,Moderate,0
Buffalo,44,Male,3,0,1,0,1,311,Untreated,25.903,82.5192,20.9,14.6,23.4,90.8,9.4,Summer,4,4,1,0,1,1,1,1,0,0,0,0,0,0,FMD,Moderate,0
Buffalo,20,Female,13,0,1,0,1,348,Untreated,17.8909,79.5681,35.6,14.9,26.4,80.5,6.2,Winter,6,3,3,0,1,1,1,1,0,0,0,0,0,0,FMD,High,1
Cow,34,Female,1,0,1,0,1,133,Dewormed,17.5497,75.6562,24.7,13.3,31.9,34.3,8.7,Post-Monsoon,3,3,1,0,1,1,1,1,0,0,0,0,0,1,FMD,Moderate,0
Buffalo,80,Female,9,1,1,1,1,304,Supportive Care,25.3541,78.2009,5.4,1.4,28.5,92.2,29.8,Post-Monsoon,2,3,1,0,1,0,0,0,0,0,0,0,0,0,Lumpy_Skin_Disease,Moderate,0
Cow,30,Female,2,0,0,1,1,121,Dewormed,15.6347,77.7289,4.4,5.5,30.5,75.6,26.3,Monsoon,3,6,1,0,1,1,0,0,1,0,0,0,0,0,Hemorrhagic_Septicemia,Critical,1
Cow,50,Female,16,0,0,1,0,252,Supportive Care,24.0058,82.7776,15.3,4.0,29.4,70.6,20.9,Post-Monsoon,3,1,3,0,1,0,0,0,1,0,0,0,0,0,Lumpy_Skin_Disease,High,1
Cow,57,Female,13,0,0,1,1,348,Supportive Care,27.749,81.297,6.2,11.2,27.5,42.5,10.1,Post-Monsoon,6,2,3,0,1,1,1,1,0,0,0,0,0,0,FMD,High,1
Cow,40,Female,9,1,1,0,1,333,Untreated,23.0395,76.6924,41.4,13.3,28.1,82.9,27.7,Winter,1,1,3,0,0,0,0,0,0,1,0,1,1,0,Mastitis,Moderate,0
Cow,63,Female,8,1,0,0,1,154,Dewormed,20.034,80.1265,29.7,8.8,30.1,84.1,40.4,Monsoon,2,5,2,1,1,1,0,0,0,0,1,0,0,0,Hemorrhagic_Septicemia,Critical,1
Buffalo,13,Male,3,1,1,0,0,251,Untreated,25.7872,76.0645,18.9,12.0,33.0,55.8,23.4,Monsoon,5,6,2,2,1,0,0,0,0,0,1,0,0,0,Anthrax,Critical,1
Cow,79,Female,19,1,1,0,1,130,Supportive Care,27.5172,75.2849,26.8,12.3,28.1,82.5,24.9,Post-Monsoon,5,3,4,0,1,0,0,0,1,0,0,0,0,0,Lumpy_Skin_Disease,High,1
Buffalo,100,Female,1,0,0,1,1,289,Dewormed,24.0739,77.7685,46.0,8.5,30.4,89.3,69.2,Monsoon,1,5,1,1,1,1,0,0,0,0,1,1,0,0,Hemorrhagic_Septicemia,Critical,1
Buffalo,35,Male,14,1,1,0,0,174,Untreated,27.3283,81.7608,8.1,6.7,35.6,72.3,10.7,Post-Monsoon,1,4,1,0,1,0,0,1,0,0,0,0,0,0,Black_Quarter,Moderate,0
Buffalo,114,Female,34,1,0,1,1,149,Dewormed,18.5312,82.6389,18.3,1.8,16.7,61.4,12.5,Summer,0,0,0,0,0,0,0,0,0,0,0,0,0,0,Healthy,Low,0
Cow,8,Female,3,1,1,0,1,65,Dewormed,27.3248,78.4466,23.0,7.5,25.5,80.4,29.1,Post-Monsoon,4,1,2,0,0,0,0,0,0,0,0,1,0,0,Mastitis,Moderate,0
Buffalo,68,Male,26,0,0,1,1,330,Untreated,16.1733,81.9562,30.0,0.3,16.3,91.5,17.2,Post-Monsoon,1,5,4,0,1,0,0,0,0,1,0,1,0,0,Mastitis,Moderate,0
Cow,84,Female,3,0,0,0,1,228,Antibiotics,16.3358,78.2821,49.7,6.2,30.2,88.1,17.3,Post-Monsoon,3,6,2,0,0,0,0,0,1,1,0,0,0,0,Lumpy_Skin_Disease,Moderate,0
Buffalo,110,Female,1,1,0,0,1,189,Dewormed,18.5493,74.5649,44.8,6.0,28.7,81.3,25.9,Post-Monsoon,2,6,1,0,1,0,0,0,1,0,0,0,0,0,Lumpy_Skin_Disease,Moderate,0
Cow,102,Female,2,0,1,1,1,151,Dewormed,19.0524,77.2188,47.3,9.2,28.1,48.4,0.1,Monsoon,3,4,1,0,0,1,1,1,0,0,0,0,0,0,FMD,Moderate,0
Cow,59,Female,4,1,0,1,1,315,Supportive Care,15.5258,74.9063,49.8,5.8,20.8,85.5,16.1,Winter,1,2,2,0,1,0,0,0,0,1,0,1,0,0,Mastitis,Moderate,0
Cow,66,Female,13,1,0,1,0,40,Supportive Care,18.4805,73.3596,32.4,4.4,28.0,35.6,5.7,Winter,0,0,0,0,0,0,0,0,0,0,0,0,0,1,Healthy,Low,0
Buffalo,118,Female,8,0,1,1,1,324,Antibiotics,24.2191,81.0888,29.5,11.5,35.8,68.9,34.5,Winter,4,5,1,0,1,0,0,0,0,0,0,1,0,0,Mastitis,Moderate,0
Cow,69,Female,27,0,1,1,1,88,Dewormed,19.0294,81.8602,34.4,6.4,31.7,62.5,1.5,Winter,2,6,1,0,1,1,1,1,0,0,0,0,0,0,FMD,Moderate,0
Buffalo,85,Male,1,1,1,1,0,290,Supportive Care,20.1801,84.1871,14.6,14.6,34.6,73.6,48.8,Post-Monsoon,2,3,1,0,1,0,0,1,0,0,0,0,0,0,Black_Quarter,Moderate,0
Cow,42,Female,13,0,1,0,0,363,Untreated,27.3617,80.7401,2.1,2.7,27.1,77.0,29.9,Post-Monsoon,5,6,3,0,1,0,0,0,1,0,0,0,0,0,Lumpy_Skin_Disease,High,1
Cow,103,Female,14,0,1,1,0,56,Supportive Care,15.189,76.0379,3.9,8.5,33.8,92.5,35.9,Post-Monsoon,4,6,1,1,1,0,0,0,0,0,1,0,0,1,Anthrax,Critical,1
Cow,21,Female,1,0,1,1,1,189,Supportive Care,22.6206,82.3654,11.6,6.1,35.1,51.2,31.6,Monsoon,5,3,1,0,1,0,0,0,0,0,1,0,0,1,Anthrax,Critical,1
Cow,45,Female,1,1,0,0,1,352,Supportive Care,27.0566,84.9379,29.2,13.5,29.3,64.4,7.4,Post-Monsoon,2,2,1,0,1,0,0,0,1,0,0,0,0,1,Lumpy_Skin_Disease,Moderate,0
Buffalo,23,Male,3,1,0,1,1,107,Untreated,15.1782,78.9673,46.3,4.2,33.7,92.0,25.8,Monsoon,5,4,1,1,0,1,0,0,0,0,1,0,0,0,Hemorrhagic_Septicemia,Critical,1
Cow,41,Female,2,0,1,0,1,345,Untreated,19.263,77.5731,42.9,11.7,30.9,89.0,22.9,Monsoon,1,3,1,1,1,0,0,0,0,0,1,0,0,1,Anthrax,Critical,1
Cow,83,Female,3,1,0,0,0,170,Dewormed,24.8718,81.6831,8.7,6.5,28.5,90.3,38.8,Monsoon,4,4,1,0,1,1,0,0,0,0,1,0,0,0,Hemorrhagic_Septicemia,Critical,1
Cow,75,Female,7,0,1,0,1,282,Antibiotics,21.8993,82.3115,24.0,2.4,27.2,72.3,0.5,Monsoon,5,5,1,0,1,1,1,1,0,0,0,0,0,0,FMD,Moderate,0
Buffalo,73,Female,1,1,1,1,0,196,Antibiotics,21.8972,81.9523,26.9,7.3,34.9,82.2,19.1,Monsoon,4,3,1,0,1,0,0,1,0,0,0,0,0,0,Black_Quarter,Moderate,0
Cow,70,Female,21,1,1,1,1,320,Supportive Care,23.1767,73.9273,28.8,1.3,30.9,61.0,34.1,Post-Monsoon,3,6,1,0,1,0,0,0,0,0,1,0,0,0,Anthrax,Critical,1
Buffalo,40,Male,7,1,1,0,0,60,Dewormed,27.5077,79.0456,44.3,7.7,31.4,52.5,26.1,Monsoon,4,6,2,1,1,1,0,0,0,0,1,0,0,1,Anthrax,Critical,1
Buffalo,19,Female,9,1,1,1,1,274,Untreated,27.8798,81.5223,34.2,6.8,23.3,71.1,20.3,Monsoon,5,2,3,0,1,0,0,0,0,1,0,1,0,0,Mastitis,Moderate,0
Buffalo,26,Male,4,0,1,1,1,215,Antibiotics,17.2225,78.5129,29.6,14.3,10.0,37.4,8.1,Summer,5,5,3,0,0,1,0,0,0,0,0,0,1,0,FMD,High,1
Buffalo,114,Female,21,1,0,1,0,201,Dewormed,23.7878,83.2371,40.2,6.4,35.4,79.7,39.5,Monsoon,3,6,1,0,0,0,0,0,0,0,1,0,0,0,Hemorrhagic_Septicemia,Critical,1
Cow,41,Female,5,1,0,0,0,192,Supportive Care,22.7532,73.6408,37.1,3.3,36.8,63.6,16.2,Post-Monsoon,2,3,1,2,1,0,0,1,0,0,0,1,0,0,Black_Quarter,High,1
Buffalo,89,Male,4,1,0,0,1,251,Supportive Care,20.683,78.7578,3.9,14.7,22.8,99.4,77.9,Monsoon,4,6,3,1,1,1,0,0,0,0,0,0,0,0,Hemorrhagic_Septicemia,Critical,1
Buffalo,27,Female,30,0,1,1,1,160,Untreated,26.7258,80.1414,47.9,12.2,22.6,65.6,12.5,Post-Monsoon,7,6,4,0,1,1,0,1,0,0,0,0,0,0,FMD,High,1
Buffalo,37,Female,4,1,1,1,1,229,Supportive Care,27.4872,78.0569,2.5,2.8,30.0,74.3,6.8,Summer,3,2,3,0,1,0,0,0,0,0,0,1,0,0,Mastitis,Moderate,0
Cow,8,Female,5,0,0,1,1,307,Untreated,25.6243,78.2117,37.3,1.7,31.6,65.5,6.0,Post-Monsoon,4,4,4,0,1,1,1,0,0,0,0,0,0,0,FMD,High,1
Buffalo,38,Female,3,1,0,1,1,108,Dewormed,24.8376,73.2796,19.6,6.0,23.6,92.9,30.8,Winter,5,1,1,0,1,0,0,0,0,1,0,1,0,0,Mastitis,Moderate,0
Cow,71,Female,1,0,1,1,1,343,Supportive Care,19.4012,76.3338,2.2,4.0,28.7,59.5,14.3,Monsoon,6,3,1,0,1,1,1,1,0,0,0,0,0,0,FMD,Moderate,0
Cow,26,Female,13,1,1,1,1,224,Supportive Care,18.4629,81.7374,48.7,11.0,19.2,71.1,16.6,Summer,1,5,1,0,1,0,0,0,0,0,0,0,0,0,Mastitis,Moderate,0
Cow,83,Female,18,1,1,0,1,280,Untreated,22.7064,79.808,43.7,0.3,27.3,97.4,25.6,Post-Monsoon,5,5,4,0,1,0,0,0,1,0,0,0,0,0,Lumpy_Skin_Disease,High,1
Cow,58,Female,7,0,0,1,0,141,Supportive Care,22.1844,74.9523,39.0,13.7,13.3,63.4,14.8,Monsoon,2,4,2,0,1,1,1,1,0,0,0,0,0,0,FMD,Moderate,0
Buffalo,50,Female,1,0,0,1,0,201,Supportive Care,17.2227,73.5586,37.2,2.0,25.8,66.4,12.8,Summer,4,5,1,0,1,1,1,1,1,0,0,0,0,0,FMD,Moderate,0
Cow,111,Female,27,1,1,0,1,299,Dewormed,21.8006,75.5531,31.0,10.9,28.8,80.3,19.0,Post-Monsoon,0,5,3,0,1,0,0,0,0,1,0,1,0,0,Mastitis,Moderate,0
Cow,78,Female,5,0,1,1,0,305,Dewormed,23.2191,79.5447,25.2,8.3,37.9,75.7,26.1,Post-Monsoon,2,6,3,0,1,0,0,1,0,0,0,0,0,0,Black_Quarter,High,1
Cow,57,Female,2,1,0,1,0,103,Dewormed,18.4795,77.7704,23.5,3.6,29.2,86.0,75.7,Monsoon,2,6,1,0,1,1,0,0,0,0,1,0,0,0,Hemorrhagic_Septicemia,Critical,1
Buffalo,28,Male,4,1,1,1,1,321,Untreated,18.9595,83.152,36.1,12.3,34.2,64.0,11.0,Post-Monsoon,6,4,3,0,1,0,0,0,1,0,0,0,0,0,Lumpy_Skin_Disease,High,1
Cow,102,Female,19,0,1,1,1,205,Untreated,16.5322,80.7251,3.3,2.4,31.4,65.8,14.7,Monsoon,1,1,4,0,1,1,1,0,0,0,0,0,0,0,FMD,High,1
Cow,10,Female,6,0,1,1,1,48,Supportive Care,18.8551,83.0318,49.5,11.2,22.8,74.2,0.6,Winter,1,6,3,0,1,1,1,1,0,0,1,0,0,0,FMD,High,1
Buffalo,83,Male,37,1,1,0,1,61,Antibiotics,16.262,73.8899,1.2,2.5,31.7,96.8,8.6,Post-Monsoon,2,1,1,0,1,0,0,0,1,0,0,0,0,0,Lumpy_Skin_Disease,Moderate,0
Cow,87,Female,2,0,0,0,1,43,Untreated,27.3815,76.4912,24.1,7.8,36.1,69.0,36.6,Summer,1,6,1,0,0,0,0,0,0,0,0,1,0,0,Mastitis,Moderate,0
Buffalo,60,Male,11,1,1,1,0,197,Untreated,25.5504,82.4459,0.5,3.8,34.0,64.4,40.1,Monsoon,3,4,4,0,1,0,0,0,0,0,1,0,0,1,Anthrax,Critical,1
Buffalo,81,Female,3,1,1,1,1,124,Untreated,18.9923,74.1151,85.3,6.1,18.8,46.2,2.8,Monsoon,1,0,0,0,0,1,0,0,0,0,0,0,0,0,Healthy,Low,0
Buffalo,69,Female,26,0,0,1,1,205,Supportive Care,22.489,81.7558,42.6,2.0,20.7,55.9,10.6,Winter,3,4,2,0,1,1,0,1,1,0,0,0,0,0,FMD,Moderate,0
Cow,102,Female,19,1,0,1,1,153,Untreated,26.5022,75.5176,45.6,4.8,25.8,85.7,43.8,Monsoon,2,2,4,0,1,1,0,0,0,0,1,0,0,0,Hemorrhagic_Septicemia,Critical,1
Cow,87,Female,9,1,1,0,1,227,Antibiotics,27.6718,82.7146,11.7,8.8,27.3,79.8,6.8,Post-Monsoon,5,6,2,0,0,0,0,0,1,0,0,0,0,0,Lumpy_Skin_Disease,Moderate,0
Buffalo,81,Male,12,0,0,0,1,332,Supportive Care,24.5375,83.9511,4.4,11.9,21.0,37.2,14.0,Summer,4,6,1,0,1,1,1,1,0,0,0,0,0,0,FMD,Moderate,0
Cow,19,Female,14,0,1,1,1,85,Antibiotics,24.5911,74.47,37.6,2.5,22.9,76.3,6.8,Monsoon,4,3,2,0,1,0,1,1,0,0,0,0,0,0,FMD,Moderate,0
Buffalo,26,Female,6,0,1,1,1,184,Dewormed,26.2505,74.0818,8.3,12.2,26.3,73.0,12.4,Monsoon,4,4,3,0,1,0,1,1,0,0,0,0,0,0,FMD,High,1
Cow,82,Female,7,0,0,1,0,220,Dewormed,23.0179,79.0816,24.6,8.9,24.8,57.8,0.4,Post-Monsoon,2,2,1,0,1,1,1,1,0,0,0,0,0,0,FMD,Moderate,0
Cow,61,Female,11,0,0,0,0,999,Untreated,16.291,83.459,38.3,5.9,19.0,48.5,14.3,Post-Monsoon,5,6,2,0,1,0,1,1,0,0,0,0,0,0,FMD,Moderate,0
Cow,43,Female,27,1,1,1,0,310,Antibiotics,22.3091,79.5134,17.4,14.0,14.6,36.7,5.0,Monsoon,3,0,0,0,1,0,0,0,0,0,0,0,0,0,Healthy,Low,0
Cow,117,Female,15,0,0,0,0,999,Untreated,17.1997,81.6149,1.2,1.8,20.7,61.0,7.1,Monsoon,1,1,4,0,1,1,1,1,0,0,0,0,0,0,FMD,High,1
Buffalo,43,Female,14,1,1,1,0,294,Dewormed,21.5539,77.0305,8.2,8.7,30.3,75.8,38.0,Monsoon,1,1,1,0,1,0,0,0,0,1,0,1,0,0,Mastitis,Moderate,0
Cow,89,Female,16,1,0,0,0,276,Supportive Care,19.7278,77.8629,21.3,8.8,25.5,64.9,3.4,Summer,0,0,0,0,0,0,0,0,0,0,0,0,0,0,Healthy,Low,0
Buffalo,105,Male,7,1,1,1,0,112,Dewormed,21.464,74.6941,27.3,1.8,30.5,61.0,18.1,Post-Monsoon,4,6,3,2,0,0,0,1,0,0,0,0,0,0,Black_Quarter,High,1
Cow,65,Female,1,1,0,0,1,313,Supportive Care,16.1764,73.4568,38.9,8.0,24.4,75.8,71.1,Monsoon,3,3,1,2,1,1,0,0,0,0,1,0,0,0,Hemorrhagic_Septicemia,Critical,1
Buffalo,63,Female,8,1,0,0,1,229,Supportive Care,20.4359,80.3707,38.6,3.7,28.8,74.6,43.8,Monsoon,1,3,1,0,1,1,0,0,0,0,1,0,0,0,Hemorrhagic_Septicemia,Critical,1
Cow,45,Female,2,0,1,1,1,78,Dewormed,26.6457,79.322,46.9,2.9,23.1,49.7,6.2,Winter,4,3,1,0,1,1,1,1,0,0,0,0,0,0,FMD,Moderate,0
Buffalo,69,Female,1,1,1,0,1,152,Supportive Care,17.0032,83.4521,48.2,9.4,23.4,84.8,13.6,Post-Monsoon,3,5,1,0,1,0,0,0,1,0,0,0,0,0,Lumpy_Skin_Disease,Moderate,0
Buffalo,42,Female,68,1,1,0,1,331,Untreated,22.6776,80.9449,82.6,8.9,21.9,42.1,6.0,Summer,1,0,0,0,0,0,0,0,0,0,0,0,0,0,Healthy,Low,0
Cow,102,Female,2,0,1,1,1,157,Dewormed,27.8538,83.9146,19.8,3.9,23.6,81.4,5.2,Post-Monsoon,4,4,1,0,1,0,0,0,0,1,0,1,0,0,Mastitis,Moderate,0
Buffalo,80,Male,40,0,1,1,1,361,Supportive Care,15.2572,83.6538,5.0,2.7,28.0,73.7,11.3,Summer,5,4,2,0,1,1,1,1,1,0,0,0,0,0,FMD,Moderate,0
Buffalo,80,Male,7,0,0,1,1,347,Untreated,22.2557,79.3676,31.2,12.7,24.7,76.5,46.7,Monsoon,5,4,3,0,0,1,0,0,0,0,1,0,0,0,Hemorrhagic_Septicemia,Critical,1
Buffalo,18,Female,14,1,1,0,1,32,Antibiotics,22.962,73.8518,30.1,8.7,32.7,74.4,8.5,Post-Monsoon,3,3,3,0,1,0,0,0,1,0,0,0,0,0,Lumpy_Skin_Disease,High,1
Cow,21,Female,2,0,0,1,0,354,Dewormed,20.7978,78.1151,31.0,0.3,35.2,73.4,11.8,Post-Monsoon,3,2,1,0,1,0,0,1,0,0,0,0,0,0,Black_Quarter,Moderate,0
Buffalo,41,Female,3,1,1,1,0,46,Supportive Care,17.3278,74.425,23.0,2.0,40.2,58.9,12.6,Monsoon,8,2,1,0,0,0,0,1,0,0,0,0,0,0,Black_Quarter,Moderate,0
Buffalo,36,Female,2,0,0,1,1,79,Supportive Care,27.8452,84.8868,5.4,5.2,20.2,71.1,22.7,Summer,3,5,1,0,0,0,0,0,0,1,0,1,0,0,Mastitis,Moderate,0
Cow,55,Female,20,1,1,1,1,174,Supportive Care,16.6506,81.9401,18.8,12.6,30.0,72.6,22.8,Post-Monsoon,5,2,2,0,1,0,0,0,0,0,1,0,0,0,Anthrax,Critical,1
Cow,47,Female,26,1,0,0,0,179,Untreated,16.9012,74.0648,33.4,3.2,30.9,74.5,25.5,Post-Monsoon,4,6,4,0,1,0,0,0,1,0,0,0,0,0,Lumpy_Skin_Disease,High,1
Cow,57,Female,27,1,1,0,0,286,Supportive Care,19.1256,84.1699,7.1,11.5,27.8,75.6,26.2,Monsoon,2,4,2,0,1,0,0,1,0,0,0,0,0,1,Black_Quarter,Moderate,0
Cow,114,Female,9,1,1,1,1,331,Dewormed,23.7223,77.9148,1.5,11.1,24.0,68.5,11.4,Monsoon,3,1,1,0,1,0,0,0,0,1,0,0,0,0,Mastitis,Moderate,0
Buffalo,23,Female,5,1,1,0,0,121,Antibiotics,23.0814,84.3335,32.8,11.2,25.2,72.9,30.0,Monsoon,2,1,2,2,1,0,0,0,0,0,1,0,0,1,Anthrax,Critical,1
Cow,57,Female,2,1,1,1,1,205,Supportive Care,20.714,82.3357,3.8,8.5,31.7,85.4,6.4,Summer,0,3,1,0,1,0,0,0,0,0,0,1,0,0,Mastitis,Moderate,0
Cow,62,Female,1,1,1,0,1,320,Untreated,18.834,75.4283,22.5,12.8,30.7,78.0,38.4,Monsoon,3,1,1,0,1,0,0,0,0,1,1,1,0,0,Mastitis,Moderate,0
Cow,113,Female,15,0,1,1,1,262,Untreated,17.1329,74.4323,23.4,4.4,29.7,73.9,6.9,Summer,0,1,1,0,1,0,0,0,0,1,0,1,0,0,Mastitis,Moderate,0
Buffalo,48,Male,5,1,0,1,1,312,Supportive Care,23.4554,73.6601,20.7,10.9,26.4,83.9,47.4,Monsoon,4,1,1,2,1,1,0,0,0,1,0,0,0,0,Hemorrhagic_Septicemia,Critical,1
Buffalo,67,Female,37,1,0,1,0,101,Dewormed,18.8457,80.8086,4.9,5.5,32.5,65.3,44.6,Monsoon,2,3,1,2,1,0,0,0,0,0,0,0,0,1,Black_Quarter,High,1
Cow,76,Female,12,1,1,1,1,257,Antibiotics,22.1408,81.1667,20.6,3.1,30.9,68.2,63.8,Monsoon,1,1,2,0,1,1,0,0,0,0,1,0,0,0,Hemorrhagic_Septicemia,Critical,1
Cow,116,Female,11,1,0,1,0,270,Supportive Care,27.314,76.0312,18.6,5.9,32.2,73.5,26.6,Post-Monsoon,2,4,3,0,1,0,0,0,1,0,0,0,0,0,Lumpy_Skin_Disease,High,1
Cow,81,Female,11,1,0,1,1,324,Dewormed,25.9559,80.1847,32.0,14.1,28.7,85.4,49.1,Monsoon,3,1,1,1,1,1,0,0,0,0,1,0,1,0,Hemorrhagic_Septicemia,Critical,1
Buffalo,8,Female,24,1,0,0,1,88,Dewormed,25.4323,84.0858,17.1,13.2,33.0,67.9,26.9,Post-Monsoon,2,4,2,1,1,0,0,0,0,0,1,0,0,1,Anthrax,Critical,1
Buffalo,62,Female,6,1,0,1,1,86,Dewormed,19.8888,74.6009,47.0,7.3,31.5,82.9,69.2,Monsoon,4,1,1,1,1,1,0,0,0,0,1,0,0,0,Hemorrhagic_Septicemia,Critical,1
Cow,49,Female,16,0,1,1,0,128,Untreated,25.5986,82.1092,73.8,10.6,20.1,68.6,6.6,Winter,0,0,0,0,0,0,0,0,0,0,0,0,0,0,Healthy,Low,0
Buffalo,30,Female,31,1,1,1,0,233,Supportive Care,19.283,74.3738,11.1,10.7,30.7,66.9,34.1,Monsoon,6,2,3,1,1,0,0,1,0,0,0,0,0,0,Black_Quarter,High,1
Cow,91,Female,13,1,1,1,1,313,Antibiotics,15.6814,81.046,6.2,11.2,30.2,83.0,5.4,Summer,3,3,1,0,1,0,0,0,0,1,0,1,0,0,Mastitis,Moderate,0
Cow,110,Female,6,1,1,1,1,56,Supportive Care,19.5622,79.5952,31.2,1.0,25.8,66.4,13.4,Post-Monsoon,0,0,0,0,0,0,0,0,0,0,0,0,0,1,Healthy,Low,0
Cow,86,Female,10,0,0,0,0,999,Untreated,22.7903,75.7067,45.2,5.9,29.8,73.8,15.5,Post-Monsoon,2,4,3,0,0,0,0,0,1,0,0,0,0,0,Lumpy_Skin_Disease,High,1
Cow,35,Female,3,0,1,0,1,326,Dewormed,20.1877,80.8371,9.7,12.5,28.0,73.6,21.1,Post-Monsoon,3,6,1,0,0,0,0,0,1,0,0,0,0,0,Lumpy_Skin_Disease,Moderate,0
Cow,54,Female,1,1,1,1,1,348,Dewormed,22.2436,80.6535,20.0,10.1,28.9,67.2,9.8,Monsoon,2,0,0,0,0,0,0,0,0,0,0,0,0,0,Healthy,Low,0
Cow,6,Female,3,0,0,1,0,324,Dewormed,16.8159,82.7732,37.7,8.2,27.2,43.0,0.3,Summer,4,2,2,0,1,1,0,1,0,0,0,0,0,0,FMD,Moderate,0
Buffalo,19,Female,36,0,1,0,0,150,Dewormed,18.0888,74.6065,35.2,9.4,31.2,77.8,10.8,Post-Monsoon,5,3,1,0,1,0,0,0,1,0,0,0,0,0,Lumpy_Skin_Disease,Moderate,0
Buffalo,82,Female,4,1,0,1,1,234,Dewormed,25.2055,78.9127,16.5,5.5,30.5,71.1,79.1,Monsoon,8,6,3,1,1,1,0,0,0,1,1,0,0,0,Hemorrhagic_Septicemia,Critical,1
Buffalo,85,Male,16,0,1,1,1,329,Dewormed,19.0034,75.1478,36.6,3.1,30.0,36.9,0.5,Summer,1,3,3,0,1,1,1,1,0,0,0,1,0,0,FMD,High,1
Cow,33,Female,8,1,1,1,0,104,Supportive Care,24.8267,77.0288,32.4,8.5,37.1,86.2,46.0,Monsoon,1,5,1,0,1,0,0,1,0,0,0,0,0,0,Black_Quarter,Moderate,0
Buffalo,6,Male,51,1,0,1,1,261,Untreated,26.4253,81.6781,6.5,8.7,28.1,100.0,55.1,Monsoon,0,2,1,1,1,1,0,0,0,0,0,1,0,0,Hemorrhagic_Septicemia,Critical,1
Buffalo,89,Male,7,1,1,1,1,162,Supportive Care,26.3714,74.7923,6.3,1.3,26.2,73.5,34.6,Monsoon,2,5,2,0,1,0,0,0,0,1,0,1,0,0,Mastitis,Moderate,0
Buffalo,108,Female,34,1,1,1,0,69,Dewormed,20.9788,73.2308,20.6,4.4,35.6,85.2,18.2,Monsoon,1,4,1,2,1,0,0,1,0,0,0,0,0,0,Black_Quarter,High,1
Buffalo,91,Female,17,1,0,1,1,299,Untreated,27.0108,83.2145,23.3,4.8,36.7,73.1,7.2,Summer,3,2,2,0,1,0,0,0,0,1,1,1,0,1,Mastitis,Moderate,0
Cow,58,Female,8,0,1,0,1,355,Untreated,27.1379,76.3854,24.9,14.9,27.4,76.9,13.7,Winter,3,3,4,0,1,0,1,1,0,0,0,0,0,0,FMD,High,1
Buffalo,63,Female,1,0,1,0,1,36,Dewormed,15.7423,82.4062,44.5,3.2,24.9,87.0,15.9,Post-Monsoon,1,3,1,0,1,0,0,0,1,0,0,0,0,0,Lumpy_Skin_Disease,Moderate,0
Buffalo,14,Female,19,1,0,0,0,79,Antibiotics,23.8994,77.9324,32.9,8.3,33.6,96.9,25.7,Post-Monsoon,4,6,3,0,0,0,0,0,1,0,0,0,0,0,Lumpy_Skin_Disease,High,1
Buffalo,20,Female,19,1,1,0,0,170,Dewormed,17.5142,78.794,12.2,6.6,23.6,77.7,32.4,Monsoon,0,2,1,0,1,0,0,0,0,0,1,0,0,1,Anthrax,Critical,1
Buffalo,11,Male,4,0,1,0,0,232,Antibiotics,24.4724,75.8942,17.9,3.2,33.6,72.8,23.4,Post-Monsoon,2,2,2,0,1,0,0,0,1,0,0,0,0,0,Lumpy_Skin_Disease,Moderate,0
Cow,10,Female,6,1,1,0,0,272,Untreated,26.1476,74.4943,10.2,3.8,41.1,67.2,43.9,Post-Monsoon,4,1,3,0,1,0,0,1,0,0,0,0,0,0,Black_Quarter,High,1
Buffalo,105,Male,22,1,1,0,1,325,Dewormed,23.8457,78.5734,30.0,12.7,29.7,82.4,18.7,Post-Monsoon,3,4,1,0,1,0,0,0,1,0,0,0,0,0,Lumpy_Skin_Disease,Moderate,0
Cow,35,Female,8,0,1,0,1,100,Antibiotics,25.8663,76.7404,23.8,6.2,31.7,81.9,24.1,Post-Monsoon,3,1,4,0,1,0,0,0,1,0,1,0,0,0,Lumpy_Skin_Disease,High,1
Cow,15,Female,8,1,0,1,1,182,Antibiotics,21.8761,78.8868,46.8,4.7,26.1,90.0,77.4,Monsoon,0,3,4,1,1,1,0,0,0,0,1,0,0,0,Hemorrhagic_Septicemia,Critical,1
Buffalo,109,Male,8,1,0,1,1,218,Supportive Care,22.9783,81.7198,32.5,5.7,33.2,83.3,71.4,Monsoon,3,1,1,1,0,1,0,0,0,0,1,0,0,0,Hemorrhagic_Septicemia,Critical,1
Buffalo,47,Female,8,0,1,1,0,338,Antibiotics,16.2103,74.8189,24.0,8.9,12.1,78.8,15.9,Winter,1,5,4,0,1,1,0,0,0,1,0,1,0,0,Mastitis,Moderate,0
Buffalo,41,Male,9,1,1,1,1,132,Dewormed,20.3395,74.1403,47.8,7.7,35.8,80.9,36.0,Post-Monsoon,4,5,1,0,1,0,0,0,0,0,1,0,0,1,Anthrax,Critical,1
Cow,91,Female,8,0,1,0,1,36,Untreated,25.3954,76.3613,47.8,11.3,29.4,90.1,10.0,Post-Monsoon,0,4,4,0,1,0,0,0,1,0,0,0,0,0,Lumpy_Skin_Disease,High,1
Cow,79,Female,5,0,0,1,1,297,Antibiotics,19.6694,82.9681,56.0,7.0,22.4,47.2,13.5,Monsoon,0,0,0,0,0,0,0,0,0,0,0,0,0,0,Healthy,Low,0
Buffalo,48,Female,9,0,0,0,1,156,Antibiotics,26.4072,84.9674,48.6,12.3,19.5,56.1,2.4,Post-Monsoon,3,2,1,0,1,1,0,1,0,0,0,0,0,0,FMD,Moderate,0
Cow,99,Female,21,1,1,0,1,168,Untreated,15.9026,81.2929,3.6,11.9,31.8,83.0,16.2,Post-Monsoon,5,3,4,0,0,0,0,0,1,0,0,0,0,0,Lumpy_Skin_Disease,High,1
Cow,33,Female,8,0,1,1,1,306,Untreated,25.4672,79.4951,2.4,4.3,31.9,98.2,8.5,Winter,2,1,4,0,1,0,0,0,0,1,0,1,0,0,Mastitis,Moderate,0
Buffalo,23,Female,23,1,1,1,1,135,Supportive Care,23.6925,81.2589,41.7,2.3,28.5,87.8,20.1,Post-Monsoon,1,2,3,0,1,0,0,0,0,0,1,0,0,0,Lumpy_Skin_Disease,High,1
Cow,116,Female,2,0,1,0,1,234,Supportive Care,24.9652,75.9142,43.7,5.1,26.3,82.1,20.0,Post-Monsoon,3,5,1,0,1,0,0,0,1,0,0,0,0,0,Lumpy_Skin_Disease,Moderate,0
Buffalo,58,Male,4,0,1,1,1,160,Dewormed,20.0565,74.0374,2.2,0.2,30.4,58.4,11.1,Summer,2,5,3,0,1,1,1,1,0,0,0,0,0,0,FMD,High,1
Buffalo,26,Female,7,0,1,0,0,323,Untreated,22.3661,76.5667,32.7,6.3,30.5,66.8,36.0,Post-Monsoon,2,5,1,0,1,0,0,0,0,0,0,0,0,0,Black_Quarter,Moderate,0
Buffalo,113,Male,14,0,1,0,0,300,Supportive Care,15.2727,77.9562,16.9,8.6,29.2,69.6,25.6,Post-Monsoon,5,4,1,0,1,0,0,1,0,0,0,0,0,0,Black_Quarter,Moderate,0
Cow,51,Female,5,0,0,1,1,47,Supportive Care,24.777,73.8795,47.1,14.1,24.3,47.8,10.5,Monsoon,3,1,2,0,1,1,1,1,0,0,0,0,0,0,FMD,Moderate,0
Buffalo,106,Female,6,1,0,0,1,151,Dewormed,24.3554,75.1092,42.7,1.2,26.5,55.0,12.7,Winter,3,4,3,0,1,1,1,0,0,0,0,0,0,0,FMD,High,1
Cow,26,Female,8,0,1,0,1,168,Untreated,20.3303,74.9631,20.7,10.9,25.8,49.6,4.9,Post-Monsoon,0,0,0,0,0,0,0,0,0,0,0,0,0,0,Healthy,Low,0
Cow,23,Female,5,0,0,1,0,110,Antibiotics,27.8723,80.9388,44.8,1.9,28.0,96.8,58.9,Monsoon,2,2,1,2,1,1,0,0,0,0,1,0,1,0,Hemorrhagic_Septicemia,Critical,1
Cow,42,Female,5,1,1,0,0,353,Antibiotics,20.4539,82.4851,21.2,9.7,33.5,59.0,23.1,Monsoon,2,3,1,2,1,0,0,1,0,0,0,1,0,0,Black_Quarter,High,1
Buffalo,28,Female,21,1,1,0,1,345,Untreated,16.1106,84.9505,16.0,14.2,31.3,78.2,15.5,Post-Monsoon,7,2,2,0,1,0,0,0,1,0,0,0,0,0,Lumpy_Skin_Disease,Moderate,0
Buffalo,44,Female,4,1,1,0,1,54,Supportive Care,25.0768,83.4126,15.7,8.2,32.9,84.4,23.9,Post-Monsoon,4,6,1,0,1,0,0,0,0,0,0,0,0,1,Lumpy_Skin_Disease,Moderate,0
Buffalo,82,Female,17,1,1,1,1,235,Dewormed,19.4483,76.6043,13.9,9.5,18.9,81.3,12.8,Winter,3,2,2,0,1,0,0,0,0,1,0,1,0,0,Mastitis,Moderate,0
Cow,46,Female,13,1,0,1,1,48,Dewormed,24.4483,75.3101,47.1,0.1,18.8,77.8,14.3,Post-Monsoon,0,4,3,0,1,0,1,0,0,1,0,1,0,0,Mastitis,Moderate,0
Cow,51,Female,11,0,1,0,1,107,Supportive Care,17.7753,80.2876,32.8,10.5,27.5,75.9,6.4,Post-Monsoon,5,1,4,0,1,0,0,0,1,0,0,0,0,1,Lumpy_Skin_Disease,High,1
Buffalo,119,Female,18,1,1,1,1,45,Antibiotics,27.9171,78.2369,94.9,4.0,22.6,51.8,10.2,Monsoon,3,0,0,0,0,0,0,0,0,0,0,0,1,0,Healthy,Low,0
Buffalo,99,Male,1,1,1,1,1,121,Supportive Care,19.8427,76.5626,37.7,9.7,24.9,65.3,4.6,Winter,0,0,0,0,0,0,0,0,0,0,0,0,0,0,Healthy,Low,0
Cow,9,Female,2,0,0,0,0,999,Untreated,20.3256,78.7416,40.1,8.7,28.4,63.1,1.9,Monsoon,2,4,1,0,1,1,1,1,0,0,0,0,0,0,FMD,Moderate,0
Cow,69,Female,6,0,1,1,1,351,Antibiotics,15.5552,77.309,40.9,11.9,25.4,73.2,28.3,Post-Monsoon,4,2,3,0,1,1,0,0,1,0,0,0,0,0,Lumpy_Skin_Disease,High,1
Cow,46,Female,2,1,0,0,1,234,Antibiotics,24.7579,76.656,20.7,11.7,30.6,81.5,74.6,Monsoon,3,5,1,0,1,0,0,0,0,0,1,0,0,0,Hemorrhagic_Septicemia,Critical,1
Cow,49,Female,11,0,1,0,1,265,Antibiotics,23.2353,74.0294,20.1,5.6,27.7,72.6,9.1,Post-Monsoon,3,4,2,0,1,0,0,0,1,0,0,0,0,0,Lumpy_Skin_Disease,Moderate,0
Cow,66,Female,8,0,1,0,1,277,Untreated,18.1122,75.4791,49.3,5.8,25.2,66.9,6.9,Monsoon,3,2,1,0,1,1,1,1,0,0,0,0,0,0,FMD,Moderate,0
Buffalo,114,Female,8,1,1,1,1,336,Untreated,25.9967,84.7404,10.9,9.4,23.0,44.6,11.9,Summer,7,3,1,0,1,1,1,1,0,0,0,0,0,0,FMD,Moderate,0
Cow,83,Female,8,1,0,1,1,79,Dewormed,15.4609,82.6416,46.6,6.7,24.4,91.7,47.5,Monsoon,2,1,3,2,1,0,0,0,1,0,0,0,0,0,Hemorrhagic_Septicemia,Critical,1
Buffalo,43,Female,3,0,0,1,0,238,Untreated,20.9955,77.9926,49.5,8.9,29.6,88.3,46.0,Monsoon,1,2,1,0,1,1,0,0,0,0,1,0,0,0,Hemorrhagic_Septicemia,Critical,1
Cow,115,Female,3,1,1,0,1,175,Dewormed,26.617,74.7301,42.1,10.4,28.8,85.2,9.2,Post-Monsoon,3,4,1,0,1,0,0,0,0,0,0,0,0,0,Lumpy_Skin_Disease,Moderate,0
Buffalo,109,Female,3,1,1,0,1,145,Dewormed,24.6059,77.9759,55.2,8.1,17.9,62.5,3.3,Summer,2,0,0,0,0,0,0,0,0,0,0,1,0,0,Healthy,Low,0
Buffalo,43,Male,6,1,0,1,1,257,Untreated,21.1224,80.2163,15.6,0.1,28.7,79.4,34.1,Monsoon,5,5,3,2,1,1,0,0,0,0,1,0,0,0,Hemorrhagic_Septicemia,Critical,1
Buffalo,9,Female,10,1,1,0,1,197,Antibiotics,19.5578,76.8504,36.9,14.1,38.4,89.3,11.3,Post-Monsoon,4,6,2,0,1,0,0,0,1,0,1,0,0,0,Lumpy_Skin_Disease,Moderate,0
Cow,108,Female,45,1,1,0,1,160,Dewormed,15.6034,84.3178,26.8,6.1,32.4,83.2,17.7,Post-Monsoon,4,1,1,0,1,0,0,0,1,0,0,0,0,0,Lumpy_Skin_Disease,Moderate,0
Cow,35,Female,1,1,1,1,0,319,Antibiotics,22.2477,74.7301,67.2,6.2,21.4,59.4,2.5,Monsoon,0,0,0,0,0,0,0,0,0,0,0,0,0,0,Healthy,Low,0
Cow,77,Female,1,0,0,1,0,256,Untreated,16.0495,74.423,24.3,12.8,25.7,87.4,40.2,Monsoon,6,4,1,2,1,0,0,0,0,0,0,0,0,0,Hemorrhagic_Septicemia,Critical,1
Cow,30,Female,14,0,1,0,1,310,Untreated,24.4364,76.2888,22.1,13.5,28.0,83.1,27.2,Post-Monsoon,1,2,1,0,1,0,0,0,1,0,0,0,0,0,Lumpy_Skin_Disease,Moderate,0
Cow,66,Female,10,0,0,1,0,191,Antibiotics,27.0945,81.5602,46.4,1.6,25.8,94.3,73.6,Monsoon,2,5,3,1,1,1,0,0,0,0,1,0,0,0,Hemorrhagic_Septicemia,Critical,1
Cow,118,Female,4,1,1,1,0,90,Untreated,19.2084,81.4042,30.6,7.3,17.6,69.5,8.1,Post-Monsoon,1,0,0,0,0,0,0,0,0,0,1,0,0,1,Healthy,Low,0
Buffalo,67,Male,9,1,1,1,1,310,Supportive Care,26.8486,84.4757,0.8,13.0,26.8,68.9,10.4,Post-Monsoon,4,4,1,0,0,0,0,0,0,0,1,0,0,1,Anthrax,Critical,1
Cow,79,Female,1,0,1,1,1,134,Antibiotics,15.7452,77.6147,43.2,6.2,31.0,74.8,36.6,Monsoon,4,2,1,2,1,0,0,1,0,0,0,1,0,0,Black_Quarter,High,1
Cow,57,Female,17,0,1,1,1,214,Dewormed,22.6768,73.9931,27.6,11.2,38.6,57.4,4.5,Winter,4,5,2,0,1,0,1,1,0,0,0,0,0,0,FMD,Moderate,0
Buffalo,66,Male,60,1,1,1,0,264,Untreated,16.267,81.022,15.3,8.5,36.9,54.3,41.9,Monsoon,2,4,1,0,1,0,0,1,0,0,0,1,1,0,Black_Quarter,Moderate,0
Buffalo,118,Female,10,0,0,1,1,140,Dewormed,15.1426,74.217,14.8,6.4,34.6,54.9,7.4,Monsoon,4,5,2,0,1,1,1,1,0,0,0,0,0,1,FMD,Moderate,0
Buffalo,73,Female,14,1,1,1,1,349,Dewormed,24.7457,83.4076,12.2,5.3,34.6,86.1,32.6,Monsoon,6,5,4,0,1,1,1,0,0,1,0,1,0,0,Mastitis,Moderate,0
Buffalo,90,Female,3,1,1,1,1,78,Supportive Care,23.992,84.0382,58.2,11.5,22.8,52.3,1.5,Summer,0,0,0,0,0,0,0,0,0,0,0,0,0,0,Healthy,Low,0
Buffalo,10,Female,3,0,1,0,1,223,Supportive Care,24.1953,79.4181,16.8,10.2,37.0,83.1,21.1,Post-Monsoon,4,2,2,0,0,0,0,0,1,0,0,0,0,0,Lumpy_Skin_Disease,Moderate,0
Buffalo,22,Female,1,1,0,1,1,59,Untreated,25.4956,74.5703,44.7,8.7,22.8,65.9,5.5,Summer,4,3,1,0,1,0,0,0,0,0,0,1,0,0,Mastitis,Moderate,0
Buffalo,14,Female,20,1,0,1,1,182,Dewormed,21.0483,84.4494,28.8,14.6,31.0,81.1,43.9,Monsoon,3,4,1,2,1,1,0,0,0,0,1,1,0,0,Hemorrhagic_Septicemia,Critical,1
Cow,71,Female,1,1,1,1,0,187,Untreated,24.0705,80.5998,17.0,2.8,21.2,64.4,36.7,Post-Monsoon,3,1,1,0,1,0,0,0,0,1,0,1,0,1,Mastitis,Moderate,0
Cow,115,Female,17,1,1,0,0,201,Dewormed,15.4788,83.0736,37.9,10.3,29.7,93.7,14.6,Post-Monsoon,3,1,2,0,1,0,0,0,1,0,0,0,0,0,Lumpy_Skin_Disease,Moderate,0
Cow,115,Female,9,1,0,1,1,363,Dewormed,25.0524,80.1838,27.4,3.3,34.1,78.3,13.8,Post-Monsoon,4,6,3,0,1,0,0,0,1,0,1,0,0,0,Lumpy_Skin_Disease,High,1
Buffalo,91,Female,1,0,1,1,1,290,Dewormed,22.3231,82.0042,46.3,8.8,20.8,59.5,7.2,Monsoon,2,1,1,0,1,1,1,1,0,0,0,0,0,0,FMD,Moderate,0
Cow,55,Female,10,1,1,0,0,175,Dewormed,17.7084,74.578,3.6,10.5,28.7,80.7,18.6,Post-Monsoon,2,4,2,0,1,0,0,0,1,0,0,0,0,0,Lumpy_Skin_Disease,Moderate,0
Buffalo,88,Female,2,0,0,1,1,45,Antibiotics,25.3208,79.9752,39.2,5.6,29.4,77.0,51.1,Monsoon,4,1,1,0,1,1,1,0,0,0,1,1,0,0,Hemorrhagic_Septicemia,Critical,1
Cow,32,Female,23,1,1,0,1,168,Dewormed,26.8417,81.7976,29.6,3.2,30.0,90.6,14.0,Post-Monsoon,4,1,3,0,1,0,0,0,1,0,0,0,0,0,Lumpy_Skin_Disease,High,1
Buffalo,109,Female,8,1,1,0,0,293,Supportive Care,15.6122,83.3875,21.2,10.3,37.7,67.9,12.5,Monsoon,4,3,4,1,1,0,0,1,1,0,0,0,0,0,Black_Quarter,High,1
Buffalo,107,Female,3,1,1,1,1,348,Supportive Care,26.7815,73.3239,32.7,13.8,31.2,48.8,10.8,Winter,0,0,0,0,0,0,0,0,0,0,0,0,0,0,Healthy,Low,0
Buffalo,118,Female,5,1,1,0,0,241,Dewormed,17.024,84.6702,47.1,2.5,36.1,90.1,18.3,Post-Monsoon,4,5,2,0,1,0,0,0,1,0,0,0,0,1,Lumpy_Skin_Disease,Moderate,0
Buffalo,63,Female,7,0,0,1,0,260,Dewormed,23.8352,74.109,41.4,14.1,24.4,81.9,11.2,Winter,3,2,2,0,1,1,1,1,0,0,0,1,0,0,FMD,Moderate,0
Buffalo,81,Female,3,0,1,1,1,351,Untreated,19.9074,75.7151,24.2,2.4,16.7,65.5,5.2,Post-Monsoon,3,2,2,0,1,1,1,1,0,0,0,0,0,0,FMD,Moderate,0
Buffalo,70,Female,14,1,0,1,1,343,Antibiotics,26.1458,74.0745,26.7,7.3,27.4,88.7,39.3,Monsoon,2,2,2,0,1,0,0,0,0,1,0,1,0,0,Mastitis,Moderate,0
Cow,64,Female,8,0,1,1,0,263,Antibiotics,26.8833,84.2272,42.9,8.5,30.1,72.6,22.2,Monsoon,2,3,1,2,1,0,0,0,1,0,0,0,0,0,Black_Quarter,High,1
Buffalo,55,Female,5,1,1,1,0,303,Untreated,21.1708,75.6048,38.8,6.4,31.4,83.5,11.4,Post-Monsoon,5,3,1,0,1,0,0,0,1,0,0,0,0,0,Lumpy_Skin_Disease,Moderate,0
Cow,16,Female,6,1,1,1,1,301,Supportive Care,24.6318,84.1888,29.5,9.3,41.1,48.2,47.7,Post-Monsoon,6,5,4,0,1,0,0,0,0,0,1,0,0,1,Anthrax,Critical,1
Cow,12,Female,10,1,0,0,0,221,Untreated,21.5059,75.3666,39.1,10.4,31.3,83.3,6.3,Post-Monsoon,1,6,3,0,1,0,0,0,1,0,0,0,0,0,Lumpy_Skin_Disease,High,1
Cow,48,Female,16,1,1,0,0,208,Antibiotics,27.619,81.7608,94.6,0.4,33.8,85.0,13.4,Post-Monsoon,0,0,0,0,0,0,0,0,1,0,0,0,0,0,Healthy,Low,0
Cow,111,Female,3,0,1,1,1,144,Supportive Care,24.9946,76.013,39.9,2.4,18.0,79.7,3.0,Monsoon,2,4,1,0,1,1,0,1,0,0,0,0,0,0,FMD,Moderate,0
Buffalo,35,Male,2,0,1,0,0,236,Supportive Care,19.7501,80.5292,35.0,8.9,34.8,72.9,31.2,Monsoon,6,4,1,2,1,0,0,1,0,0,0,0,0,0,Black_Quarter,High,1
Buffalo,17,Female,16,1,1,1,1,293,Untreated,17.7762,80.5801,10.2,5.9,26.1,100.0,20.5,Monsoon,4,1,4,2,1,0,0,0,0,0,1,0,0,0,Hemorrhagic_Septicemia,Critical,1
Cow,61,Female,34,1,1,0,1,293,Untreated,18.8964,78.2336,6.1,6.8,32.2,82.2,29.4,Post-Monsoon,7,1,2,0,0,0,0,0,1,0,0,0,0,0,Lumpy_Skin_Disease,Moderate,0
Cow,13,Female,6,1,1,0,1,39,Dewormed,26.3506,80.8371,47.4,3.4,29.4,91.3,19.8,Post-Monsoon,3,4,4,0,0,0,0,0,0,0,0,0,0,0,Lumpy_Skin_Disease,High,1
Cow,50,Female,5,0,0,0,1,36,Dewormed,24.5211,81.1784,2.7,7.5,29.5,81.0,61.8,Monsoon,4,1,1,1,1,1,0,0,0,0,1,0,0,0,Hemorrhagic_Septicemia,Critical,1
Buffalo,49,Male,3,1,0,0,1,130,Antibiotics,18.3476,77.9454,43.8,5.5,34.1,100.0,21.0,Post-Monsoon,4,6,1,0,1,0,0,0,1,0,0,0,0,0,Lumpy_Skin_Disease,Moderate,0
Cow,46,Female,4,1,0,1,0,318,Dewormed,15.6419,80.4661,44.8,12.7,27.1,63.6,13.9,Monsoon,4,4,3,2,1,0,0,1,0,0,0,0,0,0,Black_Quarter,High,1
Buffalo,36,Female,16,1,1,1,1,229,Untreated,16.112,74.3691,2.1,5.7,24.3,57.7,8.2,Winter,5,5,1,0,1,1,1,1,0,0,0,0,0,0,FMD,Moderate,0
Buffalo,36,Female,19,1,1,0,1,142,Supportive Care,19.9632,80.0994,38.1,3.0,26.1,94.3,14.2,Post-Monsoon,3,2,2,0,1,0,0,0,0,1,0,1,1,0,Mastitis,Moderate,0
Cow,114,Female,1,0,0,1,0,39,Dewormed,27.7849,74.123,20.0,7.2,26.5,77.0,47.2,Monsoon,4,6,1,2,1,1,0,0,0,0,1,0,0,0,Hemorrhagic_Septicemia,Critical,1
Cow,119,Female,2,1,0,1,1,350,Dewormed,21.0428,79.6692,36.3,5.4,30.0,63.0,12.2,Monsoon,0,1,1,0,1,0,0,0,0,1,0,1,0,0,Mastitis,Moderate,0
Buffalo,20,Female,2,0,1,0,0,180,Dewormed,17.3632,81.9376,45.6,11.5,24.0,41.2,13.1,Monsoon,3,1,1,0,1,1,1,1,0,0,0,0,0,0,FMD,Moderate,0
Cow,77,Female,4,1,1,0,1,203,Supportive Care,27.5169,83.1266,44.7,3.7,29.3,90.7,26.7,Post-Monsoon,1,3,3,0,1,0,0,0,1,0,0,0,0,1,Lumpy_Skin_Disease,High,1
Buffalo,108,Female,23,0,1,1,0,275,Dewormed,21.763,84.8572,46.5,6.9,26.9,90.0,4.2,Post-Monsoon,3,2,1,0,1,1,1,1,0,0,0,0,0,0,FMD,Moderate,0
Buffalo,7,Female,2,0,1,0,0,311,Dewormed,15.2712,79.6807,17.8,2.9,34.1,55.5,47.7,Post-Monsoon,2,3,1,1,1,1,0,1,0,0,0,0,0,0,Black_Quarter,High,1
Buffalo,76,Female,2,0,1,1,1,36,Dewormed,23.1587,81.6792,7.3,8.0,30.8,74.0,9.1,Post-Monsoon,3,1,1,0,1,0,0,0,1,0,0,0,0,0,Lumpy_Skin_Disease,Moderate,0
Cow,14,Female,5,0,1,1,0,204,Untreated,21.9909,73.2481,28.9,1.2,29.8,20.0,2.0,Summer,6,2,4,0,1,1,1,0,0,0,0,0,0,0,FMD,High,1
Buffalo,26,Male,6,1,1,0,1,223,Antibiotics,15.4426,77.95,3.8,8.3,30.8,76.3,5.4,Post-Monsoon,1,6,1,0,1,1,0,0,1,0,0,1,0,0,Lumpy_Skin_Disease,Moderate,0
Buffalo,19,Female,20,1,0,0,0,186,Antibiotics,22.809,84.3799,26.3,7.2,31.1,92.9,15.2,Post-Monsoon,2,5,4,0,1,0,0,0,1,0,0,0,1,0,Lumpy_Skin_Disease,High,1
Cow,90,Female,22,1,1,0,0,77,Untreated,19.7023,84.8478,42.7,5.1,30.0,70.5,62.7,Monsoon,3,4,4,2,1,0,1,0,0,0,1,0,0,0,Hemorrhagic_Septicemia,Critical,1
Buffalo,37,Male,4,1,1,1,1,357,Dewormed,24.9398,76.8147,3.3,5.1,32.8,82.0,27.7,Post-Monsoon,5,3,2,0,0,0,0,1,1,0,0,0,0,0,Lumpy_Skin_Disease,Moderate,0
Buffalo,105,Female,1,0,1,0,0,36,Antibiotics,22.3894,81.8108,45.1,12.3,27.9,81.0,44.9,Monsoon,4,4,1,1,1,0,0,1,0,0,0,0,0,0,Black_Quarter,High,1
Cow,73,Female,32,1,0,0,0,86,Untreated,21.5387,78.4557,11.5,12.0,27.1,55.5,34.8,Monsoon,2,2,1,1,0,0,0,1,0,0,0,0,1,0,Black_Quarter,High,1
Cow,78,Female,5,0,0,0,1,295,Dewormed,20.7726,80.5969,14.9,10.3,32.8,52.1,14.3,Summer,2,5,1,0,1,1,1,1,0,0,0,0,0,0,FMD,Moderate,0
Cow,21,Female,16,0,1,1,1,304,Supportive Care,23.8299,81.4182,43.6,15.0,26.3,79.7,34.6,Monsoon,5,4,4,0,1,1,0,0,0,0,1,0,0,0,Hemorrhagic_Septicemia,Critical,1
Buffalo,10,Female,11,1,0,1,1,162,Untreated,16.4911,80.3446,2.3,6.4,39.3,71.0,38.5,Post-Monsoon,3,6,4,0,0,0,0,0,0,0,1,0,0,1,Anthrax,Critical,1
Cow,107,Female,11,0,0,1,1,305,Dewormed,25.6909,76.6944,7.3,2.9,34.1,81.1,7.1,Monsoon,1,3,2,0,1,1,1,0,0,0,0,0,0,0,FMD,Moderate,0
Cow,91,Female,4,1,1,1,1,268,Dewormed,21.5654,84.446,58.1,2.6,26.9,68.9,0.8,Summer,0,0,0,0,0,0,0,0,0,0,0,0,0,0,Healthy,Low,0
Cow,53,Female,5,1,0,0,1,284,Supportive Care,24.3928,77.4367,14.1,5.9,27.0,78.6,21.5,Summer,6,5,2,0,1,0,0,0,0,1,0,1,0,0,Mastitis,Moderate,0
Buffalo,33,Female,2,1,0,1,0,170,Untreated,16.1284,84.7861,23.2,6.0,33.3,66.8,44.7,Monsoon,3,2,1,0,1,0,0,1,0,0,0,0,0,0,Black_Quarter,Moderate,0
Cow,66,Female,37,0,1,1,0,260,Dewormed,20.608,83.7644,13.1,5.5,28.1,87.4,9.6,Monsoon,3,2,1,0,1,1,1,1,0,0,0,0,0,0,FMD,Moderate,0
Buffalo,16,Male,15,1,1,0,1,146,Supportive Care,17.0331,77.128,13.9,0.2,27.0,74.3,13.7,Post-Monsoon,1,0,0,0,0,0,0,0,0,0,0,0,0,0,Healthy,Low,0
Cow,88,Female,28,0,0,1,1,210,Antibiotics,17.6653,74.7571,5.6,1.1,29.6,49.7,14.9,Monsoon,2,6,4,0,0,1,1,1,0,0,0,0,0,0,FMD,High,1
Buffalo,41,Male,7,0,1,1,0,363,Untreated,15.4929,74.8324,46.5,12.3,36.0,54.9,32.8,Post-Monsoon,1,6,1,1,1,0,0,1,0,0,0,0,0,0,Black_Quarter,High,1
Cow,78,Female,17,0,0,1,1,346,Supportive Care,25.2877,77.4504,29.6,11.3,23.2,39.0,0.3,Post-Monsoon,3,6,3,0,0,1,1,1,0,0,0,0,0,0,FMD,High,1
Cow,38,Female,27,0,1,1,0,202,Untreated,23.1344,74.2111,29.8,14.8,36.5,55.7,24.4,Post-Monsoon,3,5,2,1,1,0,0,0,0,0,1,0,0,1,Anthrax,Critical,1
Cow,63,Female,7,0,1,1,1,208,Untreated,20.802,76.7866,15.5,2.8,13.9,69.8,1.3,Monsoon,1,5,4,0,1,1,1,1,0,0,0,0,0,0,FMD,High,1
Cow,68,Female,2,1,0,0,0,151,Untreated,19.7989,75.8586,8.4,12.4,30.1,82.9,30.8,Monsoon,1,1,1,1,1,1,0,0,0,1,1,0,0,0,Hemorrhagic_Septicemia,Critical,1
Buffalo,92,Female,4,0,1,0,1,141,Antibiotics,16.0548,77.8033,30.7,12.8,21.1,57.6,6.9,Monsoon,7,1,2,0,1,0,0,0,0,1,0,1,0,0,Mastitis,Moderate,0
Cow,111,Female,1,1,0,0,1,268,Supportive Care,15.6613,74.739,5.5,9.9,30.8,89.6,36.7,Monsoon,3,1,1,2,1,1,0,0,0,0,0,0,0,0,Hemorrhagic_Septicemia,Critical,1
Buffalo,79,Female,1,1,1,0,1,364,Antibiotics,20.8524,74.3387,3.9,7.0,30.1,77.3,26.9,Post-Monsoon,4,5,1,0,1,0,0,0,1,0,0,0,0,0,Lumpy_Skin_Disease,Moderate,0
Cow,97,Female,5,1,0,1,0,131,Dewormed,25.6443,77.5508,36.0,4.1,26.1,63.7,49.8,Post-Monsoon,3,3,2,0,1,0,0,1,0,0,0,0,0,0,Black_Quarter,Moderate,0
Cow,54,Female,8,1,1,1,0,135,Untreated,23.2747,75.8943,33.7,4.2,33.0,74.2,16.6,Monsoon,4,5,4,2,1,0,0,1,0,0,0,0,0,0,Black_Quarter,High,1
Buffalo,35,Female,5,1,0,1,0,37,Supportive Care,20.0682,82.4457,12.1,10.7,31.4,83.0,62.4,Monsoon,2,6,3,1,1,0,0,0,0,0,1,1,0,0,Hemorrhagic_Septicemia,Critical,1
Cow,70,Female,1,1,1,0,0,186,Supportive Care,16.3452,79.7604,41.8,0.9,36.7,62.3,41.3,Post-Monsoon,3,6,1,1,1,0,0,1,1,0,0,0,0,0,Black_Quarter,High,1
Cow,92,Female,4,1,0,1,1,126,Antibiotics,21.4046,74.551,28.5,7.9,32.6,74.0,45.5,Monsoon,5,6,1,1,1,0,0,0,0,0,1,0,0,0,Hemorrhagic_Septicemia,Critical,1
Cow,15,Female,3,0,1,0,0,220,Supportive Care,20.8328,74.6943,40.7,1.3,15.2,82.7,12.7,Winter,1,2,1,0,1,0,0,0,0,1,0,1,0,0,Mastitis,Moderate,0
Cow,42,Female,1,1,1,0,1,313,Untreated,22.7409,79.4981,34.1,13.7,35.8,81.2,17.7,Post-Monsoon,4,2,1,0,1,0,0,0,1,0,0,0,0,0,Lumpy_Skin_Disease,Moderate,0
Buffalo,88,Female,19,1,0,1,0,351,Antibiotics,18.9815,78.3572,10.4,5.6,27.7,80.1,40.1,Monsoon,3,3,1,0,1,0,0,0,0,0,1,0,0,0,Hemorrhagic_Septicemia,Critical,1
Buffalo,47,Female,7,0,1,1,1,289,Dewormed,24.2823,83.2608,7.3,7.2,23.8,32.3,10.6,Winter,5,5,2,0,1,0,1,1,0,0,0,0,0,0,FMD,Moderate,0
Buffalo,14,Female,20,0,1,0,1,30,Supportive Care,17.6535,75.9274,28.5,5.8,28.7,91.1,6.8,Post-Monsoon,5,5,2,0,1,0,0,0,1,0,0,0,0,0,Lumpy_Skin_Disease,Moderate,0
Cow,30,Female,3,0,1,0,1,203,Supportive Care,27.9217,74.3785,9.5,12.4,26.0,66.8,2.4,Post-Monsoon,1,4,1,0,1,1,0,1,0,0,0,0,0,0,FMD,Moderate,0
Cow,81,Female,10,1,0,0,1,193,Dewormed,18.9119,73.7788,4.4,12.8,33.7,75.4,18.9,Post-Monsoon,3,2,1,0,1,0,0,0,1,0,0,0,0,0,Lumpy_Skin_Disease,Moderate,0
Buffalo,21,Male,5,0,0,1,1,95,Untreated,16.7426,80.809,48.9,6.8,24.1,80.2,12.0,Monsoon,3,1,1,0,1,0,0,0,0,1,0,1,0,0,Mastitis,Moderate,0
Buffalo,88,Female,8,0,0,0,1,250,Untreated,27.939,78.6088,46.4,12.2,30.4,86.4,65.5,Monsoon,2,2,1,1,0,1,0,0,0,0,1,0,0,0,Hemorrhagic_Septicemia,Critical,1
Cow,100,Female,11,0,1,1,0,144,Dewormed,23.6376,81.9162,36.5,11.8,29.5,57.9,13.5,Monsoon,0,0,0,0,0,0,0,0,0,0,0,0,0,0,Healthy,Low,0
Cow,31,Female,47,1,0,0,0,117,Untreated,27.3148,78.292,24.3,14.8,30.7,85.9,58.9,Monsoon,1,5,2,0,1,1,0,0,0,0,0,1,0,0,Hemorrhagic_Septicemia,Critical,1
Cow,94,Female,1,0,0,0,1,215,Antibiotics,22.4305,77.9318,24.1,13.6,29.5,95.5,24.6,Post-Monsoon,3,6,1,0,1,0,0,0,1,0,0,0,0,0,Lumpy_Skin_Disease,Moderate,0
Cow,29,Female,17,0,0,1,0,123,Supportive Care,16.8299,82.5103,12.9,3.9,15.9,87.2,7.0,Summer,4,2,3,0,0,1,1,0,0,0,0,0,0,0,FMD,High,1
Buffalo,76,Female,7,0,0,0,1,242,Antibiotics,15.1976,73.0413,71.4,7.3,16.9,72.4,7.9,Monsoon,0,0,0,0,0,0,0,0,0,0,0,0,0,0,Healthy,Low,0
Buffalo,119,Male,4,1,1,0,0,92,Supportive Care,25.3172,79.8322,83.4,1.4,21.0,60.6,2.4,Post-Monsoon,1,0,0,0,0,1,0,0,0,0,0,1,0,0,Healthy,Low,0
Buffalo,26,Male,3,1,0,1,1,310,Supportive Care,23.7539,73.2487,38.9,10.6,25.3,89.2,45.0,Monsoon,3,4,2,1,1,0,0,0,0,0,1,0,0,0,Hemorrhagic_Septicemia,Critical,1
Buffalo,60,Female,40,0,1,0,0,254,Antibiotics,19.8755,76.8885,25.8,6.1,23.2,31.7,0.7,Winter,6,1,1,0,1,1,1,1,0,0,0,0,0,0,FMD,Moderate,0
Buffalo,102,Female,2,0,1,1,0,117,Antibiotics,25.4592,79.2015,13.9,2.3,26.7,91.9,24.5,Post-Monsoon,2,5,1,2,1,0,0,1,0,0,0,0,0,0,Black_Quarter,High,1
Buffalo,95,Male,22,1,1,1,1,176,Supportive Care,20.825,79.0493,33.7,12.9,22.7,86.1,5.7,Post-Monsoon,3,6,3,0,1,1,1,1,0,0,0,0,0,0,FMD,High,1
Buffalo,36,Female,11,1,0,1,0,118,Antibiotics,25.8521,83.8418,25.1,7.7,36.0,62.0,11.5,Monsoon,2,1,4,1,1,0,0,0,0,0,1,0,0,0,Anthrax,Critical,1
Cow,20,Female,8,0,0,1,1,112,Dewormed,26.9709,83.4372,18.6,1.8,20.5,31.3,14.3,Summer,2,5,3,0,1,1,1,1,0,0,0,0,1,0,FMD,High,1
Buffalo,61,Female,6,0,0,1,1,54,Supportive Care,15.8814,81.3998,25.8,6.5,38.1,76.9,42.0,Post-Monsoon,3,1,2,0,1,0,0,1,0,1,0,0,0,0,Black_Quarter,Moderate,0
Buffalo,84,Male,5,1,1,1,0,39,Untreated,25.4761,83.7989,17.5,15.0,34.8,70.9,23.4,Winter,0,2,4,0,1,0,0,1,0,1,0,1,0,0,Mastitis,Moderate,0
Buffalo,21,Female,33,0,1,0,1,356,Untreated,19.504,74.8029,87.2,9.8,19.5,64.9,6.9,Summer,0,0,0,0,0,0,1,0,0,0,0,0,0,0,Healthy,Low,0
Cow,116,Female,7,0,0,0,1,224,Antibiotics,19.79,76.302,21.9,9.3,28.2,69.2,79.9,Monsoon,1,1,3,1,1,1,0,0,0,0,1,0,0,0,Hemorrhagic_Septicemia,Critical,1
Buffalo,58,Female,16,1,1,0,1,162,Antibiotics,20.3917,79.6514,0.9,0.2,34.5,74.6,18.9,Post-Monsoon,2,5,4,0,0,0,0,0,1,0,0,0,0,0,Lumpy_Skin_Disease,High,1
Buffalo,102,Female,31,0,1,1,0,300,Supportive Care,19.169,81.8774,21.5,9.2,35.5,81.2,17.5,Post-Monsoon,4,6,4,0,1,0,0,1,0,0,0,0,0,0,Black_Quarter,High,1
Cow,12,Female,4,1,1,1,0,330,Supportive Care,15.0695,83.6784,31.3,3.1,38.7,91.6,13.9,Post-Monsoon,3,2,2,1,1,0,0,1,0,0,0,0,1,0,Black_Quarter,High,1
Cow,6,Female,8,1,1,0,0,69,Dewormed,27.8405,83.8691,76.0,6.5,21.9,61.3,2.8,Winter,0,0,0,0,1,0,0,0,0,0,0,0,0,0,Healthy,Low,0
Buffalo,21,Male,12,1,0,1,1,161,Supportive Care,18.3555,84.0803,16.0,1.7,27.7,74.0,77.9,Monsoon,4,4,3,1,1,1,0,0,0,0,1,0,0,0,Hemorrhagic_Septicemia,Critical,1
Cow,96,Female,14,1,0,1,1,136,Supportive Care,24.2809,79.3845,42.3,5.9,28.1,84.9,29.0,Post-Monsoon,5,6,1,0,1,0,0,0,0,1,0,1,0,0,Mastitis,Moderate,0
Cow,108,Female,9,1,1,0,1,328,Dewormed,23.1413,78.6479,0.9,11.0,33.3,70.6,29.9,Monsoon,2,3,1,0,1,0,0,0,0,1,0,1,0,0,Mastitis,Moderate,0
Buffalo,41,Female,16,1,1,0,1,176,Supportive Care,15.7298,80.8085,30.8,9.7,26.1,63.0,6.6,Post-Monsoon,0,0,0,0,0,0,0,0,0,0,0,0,0,0,Healthy,Low,0
Cow,39,Female,25,1,0,1,0,144,Dewormed,18.1577,77.926,46.2,8.6,42.1,73.5,23.3,Post-Monsoon,5,3,3,0,1,0,0,1,0,0,0,0,0,0,Black_Quarter,High,1
Cow,43,Female,21,1,1,1,0,129,Dewormed,24.476,81.845,44.1,1.6,23.4,79.2,35.8,Post-Monsoon,3,6,2,0,1,0,0,0,0,1,1,1,1,1,Mastitis,Moderate,0
Buffalo,10,Female,14,1,1,0,0,128,Supportive Care,24.7776,83.7839,35.4,3.0,32.5,70.8,46.1,Post-Monsoon,4,2,1,1,1,0,0,1,0,0,0,0,0,0,Black_Quarter,High,1
Cow,54,Female,6,1,0,1,0,284,Supportive Care,16.052,82.8046,50.0,3.4,29.4,96.6,65.7,Monsoon,3,4,1,0,1,1,0,0,1,1,1,0,0,0,Hemorrhagic_Septicemia,Critical,1
Buffalo,60,Male,12,0,1,0,1,304,Dewormed,22.3004,83.4487,39.1,6.4,32.1,74.2,9.0,Monsoon,4,1,2,0,1,1,1,1,0,0,0,0,0,0,FMD,Moderate,0
Buffalo,75,Female,12,1,1,1,1,219,Antibiotics,17.7026,75.3708,7.7,11.6,34.4,76.3,17.5,Monsoon,5,3,2,0,1,0,1,1,0,0,0,0,0,0,Black_Quarter,Moderate,0
Buffalo,99,Male,19,0,1,0,1,336,Antibiotics,17.624,84.3436,36.3,7.0,30.5,79.1,5.7,Post-Monsoon,4,1,2,0,1,0,0,0,1,0,0,0,1,0,Lumpy_Skin_Disease,Moderate,0
Cow,30,Female,4,1,0,0,1,112,Untreated,20.1901,75.7736,45.9,5.1,28.5,81.2,13.5,Post-Monsoon,2,4,1,0,1,0,0,0,0,0,0,0,0,1,Lumpy_Skin_Disease,Moderate,0
Buffalo,46,Female,28,1,1,1,1,52,Dewormed,27.9733,76.8105,6.3,6.0,24.7,67.9,36.3,Winter,1,6,4,0,1,0,0,0,0,1,0,0,0,0,Mastitis,Moderate,0
Cow,119,Female,4,0,1,1,1,37,Antibiotics,23.8236,79.4149,14.0,10.5,22.6,43.0,9.0,Monsoon,1,0,0,0,0,0,0,0,0,0,0,0,0,0,Healthy,Low,0
Cow,22,Female,13,0,1,1,1,235,Supportive Care,25.6029,83.8213,35.9,9.9,30.3,88.2,49.5,Post-Monsoon,0,1,3,2,1,0,0,1,0,0,0,0,0,0,Black_Quarter,High,1
Cow,65,Female,5,1,1,0,1,37,Supportive Care,16.2945,74.271,32.5,1.8,32.7,82.3,20.0,Post-Monsoon,3,5,2,0,0,0,0,0,1,0,0,0,0,0,Lumpy_Skin_Disease,Moderate,0
Buffalo,101,Female,8,1,0,1,1,160,Dewormed,23.6245,74.5321,11.2,3.9,27.1,91.3,44.4,Monsoon,3,5,2,0,1,1,0,0,0,0,1,0,0,0,Hemorrhagic_Septicemia,Critical,1
Cow,113,Female,2,0,1,1,0,136,Dewormed,26.7342,74.523,46.2,11.0,37.2,59.3,23.3,Post-Monsoon,5,6,1,1,1,0,0,1,0,0,0,0,0,0,Black_Quarter,High,1
Buffalo,106,Female,2,1,1,0,0,283,Supportive Care,20.5792,84.5482,8.7,10.4,32.4,77.6,26.0,Post-Monsoon,1,2,1,0,1,0,0,0,0,0,0,1,0,0,Lumpy_Skin_Disease,Moderate,0
Cow,59,Female,1,1,0,1,1,49,Dewormed,23.2074,78.2117,25.3,1.6,32.3,75.2,22.5,Monsoon,3,5,1,2,0,0,0,1,0,0,0,0,0,0,Black_Quarter,High,1
Buffalo,91,Male,2,1,1,1,0,151,Untreated,23.1112,83.6189,36.7,13.8,25.1,85.1,25.7,Summer,3,6,1,0,0,0,0,0,0,1,0,0,0,0,Mastitis,Moderate,0
Cow,73,Female,17,1,1,0,0,255,Dewormed,18.8516,73.1448,49.1,0.9,31.8,98.5,20.7,Post-Monsoon,5,5,3,0,1,0,0,0,0,0,0,0,0,0,Lumpy_Skin_Disease,High,1
Buffalo,6,Male,17,1,1,1,0,283,Dewormed,21.9472,79.9897,46.0,3.1,33.3,75.1,43.0,Monsoon,4,6,1,0,0,0,0,1,0,0,0,0,0,0,Black_Quarter,Moderate,0
Buffalo,73,Female,6,1,1,1,0,127,Dewormed,20.5468,76.041,11.0,4.0,29.1,84.4,46.9,Post-Monsoon,1,3,3,0,1,0,0,1,0,0,0,0,0,0,Black_Quarter,High,1
Cow,97,Female,9,0,1,0,1,210,Dewormed,18.6448,83.0784,16.0,12.3,35.9,79.4,22.2,Post-Monsoon,6,6,2,0,1,0,0,0,0,0,1,0,0,1,Anthrax,Critical,1
Cow,55,Female,13,1,0,1,1,257,Dewormed,18.8696,74.4063,3.0,12.8,29.2,82.8,13.4,Summer,2,1,4,0,1,0,0,0,0,1,0,1,0,1,Mastitis,Moderate,0
Cow,19,Female,5,1,1,0,1,274,Untreated,16.9028,77.509,46.0,1.1,29.6,78.6,10.7,Post-Monsoon,3,5,1,0,1,0,0,0,1,0,0,0,0,0,Lumpy_Skin_Disease,Moderate,0
Buffalo,72,Female,44,0,1,1,1,217,Dewormed,15.8917,75.5509,47.7,6.3,27.8,47.8,8.6,Winter,0,3,2,0,1,1,0,1,0,1,0,0,0,0,FMD,Moderate,0
Cow,43,Female,9,1,1,0,1,166,Dewormed,22.9943,83.2431,26.2,11.0,32.2,89.2,9.6,Post-Monsoon,4,1,3,0,1,0,0,0,1,0,1,0,0,0,Lumpy_Skin_Disease,High,1
Buffalo,19,Female,7,0,1,1,0,309,Supportive Care,20.7988,82.8843,11.6,12.1,17.6,59.8,5.5,Post-Monsoon,5,2,2,0,1,1,1,0,0,0,0,0,0,0,FMD,Moderate,0
Cow,89,Female,1,1,0,0,0,319,Antibiotics,22.7813,84.3693,30.3,14.6,30.2,56.9,35.3,Monsoon,3,4,1,2,1,0,0,1,0,0,0,0,0,0,Black_Quarter,High,1
Cow,18,Female,27,0,1,0,1,142,Antibiotics,23.1496,79.0725,38.6,2.8,26.4,80.3,9.5,Post-Monsoon,3,1,2,0,0,0,0,0,1,0,0,0,0,0,Lumpy_Skin_Disease,Moderate,0
Buffalo,36,Male,3,1,1,0,0,347,Dewormed,27.6432,73.9037,0.7,0.6,21.6,66.0,11.5,Summer,1,2,2,0,1,0,0,0,0,1,0,1,0,0,Mastitis,Moderate,0
Buffalo,91,Male,3,0,1,0,1,213,Antibiotics,22.7731,76.0136,25.1,5.8,30.1,92.3,19.0,Post-Monsoon,6,5,1,0,1,0,0,0,0,0,0,0,0,0,Lumpy_Skin_Disease,Moderate,0
Buffalo,22,Male,13,0,1,0,0,234,Dewormed,24.9155,78.6812,26.9,9.2,26.6,100.0,32.1,Winter,2,4,1,0,1,0,0,1,1,1,0,1,0,0,Mastitis,Moderate,0
Buffalo,43,Female,25,0,0,0,1,263,Untreated,22.2251,74.4773,13.6,12.1,23.1,81.9,6.8,Winter,4,4,1,0,1,0,0,1,0,0,1,0,0,0,FMD,Moderate,0
Cow,94,Female,3,0,0,1,0,163,Supportive Care,27.0355,81.5817,3.7,8.7,25.1,56.2,49.5,Monsoon,0,5,2,1,0,0,0,1,0,0,0,0,0,0,Black_Quarter,High,1
Buffalo,29,Female,9,1,1,0,1,161,Antibiotics,21.6803,74.3278,19.6,6.8,36.6,80.7,6.3,Post-Monsoon,3,3,2,0,1,0,0,0,1,0,0,0,0,0,Lumpy_Skin_Disease,Moderate,0
Cow,60,Female,3,1,0,0,1,238,Supportive Care,22.8346,81.9382,31.0,5.8,28.1,96.1,18.3,Post-Monsoon,7,6,1,0,1,0,0,0,1,1,0,0,0,0,Lumpy_Skin_Disease,Moderate,0
Cow,74,Female,3,0,1,1,0,40,Dewormed,22.6151,76.6174,58.7,9.4,27.4,42.8,7.1,Monsoon,1,0,0,0,0,0,0,0,0,0,0,0,0,0,Healthy,Low,0
Buffalo,11,Male,5,1,1,0,1,171,Dewormed,19.4833,82.4214,49.1,2.9,30.7,81.1,25.4,Post-Monsoon,1,2,4,0,0,0,0,0,1,0,0,0,0,0,Lumpy_Skin_Disease,High,1
Buffalo,73,Female,15,1,1,0,1,341,Dewormed,25.1342,73.7911,31.3,0.4,28.9,60.9,29.2,Monsoon,1,5,3,2,1,0,0,1,0,0,0,0,0,0,Black_Quarter,High,1
Cow,26,Female,19,0,1,1,1,107,Supportive Care,21.8047,73.7416,14.2,0.1,22.9,80.6,22.1,Winter,3,6,3,0,1,0,0,0,0,0,0,1,0,0,Mastitis,Moderate,0
Buffalo,32,Female,8,1,0,0,1,102,Dewormed,26.0228,77.3131,8.7,4.7,31.1,84.9,22.5,Post-Monsoon,4,1,3,0,0,0,0,0,1,0,0,0,0,1,Lumpy_Skin_Disease,High,1
Cow,59,Female,7,1,1,0,1,304,Untreated,27.4076,79.7781,35.1,10.9,30.0,85.8,25.5,Post-Monsoon,6,6,1,0,1,0,0,0,1,0,0,0,0,1,Lumpy_Skin_Disease,Moderate,0
Cow,41,Female,6,1,0,1,1,146,Supportive Care,16.6003,79.7437,3.4,2.5,33.3,75.6,39.2,Monsoon,4,1,4,1,1,1,0,0,0,0,1,0,0,0,Hemorrhagic_Septicemia,Critical,1
Buffalo,6,Male,21,0,1,1,1,182,Supportive Care,24.9993,73.4287,14.5,13.8,28.1,56.0,10.1,Post-Monsoon,1,3,2,0,1,1,1,1,0,0,0,0,0,0,FMD,Moderate,0
Cow,54,Female,2,0,1,1,0,114,Supportive Care,21.753,78.8639,14.7,4.1,35.3,52.5,19.1,Post-Monsoon,5,6,1,1,1,0,0,1,0,0,0,0,0,0,Black_Quarter,High,1
Buffalo,7,Male,4,1,1,1,1,75,Dewormed,23.6969,80.1921,34.1,6.2,23.0,47.2,3.2,Summer,0,0,0,0,0,0,0,0,0,0,0,0,0,0,Healthy,Low,0
Buffalo,61,Female,28,0,1,1,1,184,Dewormed,19.4127,74.8208,18.4,6.0,10.5,71.2,0.8,Winter,1,6,4,0,1,0,1,1,0,0,0,0,0,0,FMD,High,1
Buffalo,113,Female,16,0,1,0,1,238,Dewormed,21.7032,81.7241,26.3,7.1,29.9,61.6,13.6,Summer,2,5,1,0,1,1,1,1,0,0,0,0,0,0,FMD,Moderate,0
Buffalo,26,Female,5,0,1,1,1,31,Untreated,26.1291,83.423,13.8,13.2,27.7,84.5,25.8,Post-Monsoon,3,5,3,0,1,0,0,0,0,1,0,1,0,0,Mastitis,Moderate,0
Cow,20,Female,9,1,1,1,1,207,Dewormed,22.2779,74.8382,47.1,11.3,26.7,85.3,21.7,Post-Monsoon,2,5,4,0,1,0,0,0,1,1,0,0,0,0,Lumpy_Skin_Disease,High,1
Buffalo,18,Male,3,1,1,1,0,119,Supportive Care,24.8521,78.4043,45.1,4.2,28.1,81.5,10.7,Monsoon,3,5,2,0,1,1,1,1,0,0,0,0,0,0,FMD,Moderate,0
Cow,77,Female,13,0,1,1,1,45,Dewormed,19.6593,74.8237,24.4,6.9,29.4,50.7,3.4,Monsoon,4,1,1,0,1,1,1,1,0,0,0,0,0,0,FMD,Moderate,0
Cow,101,Female,14,1,1,1,0,191,Supportive Care,26.3082,78.9127,34.1,12.2,21.5,80.4,9.8,Monsoon,5,3,2,0,1,0,0,0,0,1,0,1,0,0,Mastitis,Moderate,0
Buffalo,72,Female,6,0,0,1,0,334,Supportive Care,22.7846,81.4146,41.2,12.3,23.4,82.6,28.1,Post-Monsoon,2,6,4,0,1,0,0,0,0,1,0,1,0,0,Mastitis,Moderate,0
Cow,48,Female,11,0,1,1,1,140,Antibiotics,26.2153,82.3298,29.3,12.8,19.1,70.0,5.3,Post-Monsoon,2,1,2,0,1,1,1,1,0,0,0,0,0,0,FMD,Moderate,0
Cow,36,Female,1,0,1,1,0,36,Supportive Care,15.2783,78.2587,42.8,14.2,34.8,71.1,28.3,Monsoon,5,6,1,2,1,0,0,1,1,0,0,0,0,0,Black_Quarter,High,1
Buffalo,77,Female,2,0,1,1,1,287,Antibiotics,22.3612,75.9515,15.9,2.2,28.0,67.5,6.9,Winter,2,4,1,0,1,1,1,1,0,0,0,0,0,0,FMD,Moderate,0
Cow,49,Female,2,1,1,1,1,165,Supportive Care,22.5461,81.1805,36.9,9.7,24.6,78.8,11.9,Monsoon,4,1,1,0,1,0,0,0,0,0,0,1,0,0,Mastitis,Moderate,0
Cow,24,Female,4,0,0,1,1,234,Dewormed,23.8405,80.3753,21.2,3.5,23.7,74.5,54.3,Monsoon,0,5,2,2,1,1,1,0,0,0,0,0,0,0,Hemorrhagic_Septicemia,Critical,1
Buffalo,119,Female,16,0,1,1,0,191,Untreated,15.9008,77.3208,36.3,2.8,21.8,67.7,9.9,Post-Monsoon,2,5,3,0,1,1,1,1,0,0,0,0,0,0,FMD,High,1
Buffalo,91,Female,1,1,1,1,1,247,Supportive Care,23.6261,83.4369,22.5,13.5,27.4,94.0,33.6,Post-Monsoon,4,3,1,0,1,0,0,0,0,1,0,1,0,0,Mastitis,Moderate,0
Cow,78,Female,14,0,0,1,1,68,Supportive Care,19.3113,84.3183,16.9,11.8,23.3,63.5,2.1,Summer,2,4,2,0,0,1,1,1,0,0,0,0,0,0,FMD,Moderate,0
Cow,70,Female,4,0,1,1,1,299,Antibiotics,25.4015,76.4604,2.9,6.6,29.7,83.6,2.0,Winter,5,1,3,0,1,1,1,1,0,0,0,0,0,0,FMD,High,1
Buffalo,72,Male,3,0,1,1,0,75,Supportive Care,23.326,78.0079,16.4,8.5,36.3,70.1,20.5,Monsoon,1,3,1,0,1,0,0,0,0,0,0,0,0,0,Black_Quarter,Moderate,0
Buffalo,17,Female,8,0,0,1,1,44,Supportive Care,27.1265,81.3694,27.1,2.7,17.1,65.7,13.2,Winter,1,3,2,0,0,1,1,1,0,0,0,0,0,0,FMD,Moderate,0
Buffalo,58,Female,3,1,1,0,1,289,Antibiotics,20.9328,74.5701,22.9,11.9,31.7,88.7,14.8,Post-Monsoon,4,2,2,0,1,0,0,0,1,0,0,0,0,1,Lumpy_Skin_Disease,Moderate,0
Cow,95,Female,9,0,1,0,1,129,Dewormed,20.3856,79.431,15.0,8.0,31.7,91.3,28.5,Post-Monsoon,1,4,3,0,1,0,0,0,1,0,0,0,0,0,Lumpy_Skin_Disease,High,1
Cow,47,Female,5,0,0,1,1,336,Antibiotics,22.9771,80.577,28.1,10.6,31.4,62.1,13.5,Summer,3,4,3,0,1,1,1,1,0,0,0,0,0,0,FMD,High,1
Cow,9,Female,30,1,1,1,1,95,Untreated,24.1732,75.3632,21.5,13.5,24.8,100.0,3.7,Monsoon,0,0,0,0,0,0,0,0,0,0,0,1,0,0,Healthy,Low,0
Cow,32,Female,15,0,0,1,1,318,Supportive Care,26.8,78.4825,38.1,10.1,28.7,53.8,11.6,Monsoon,4,5,3,0,1,1,1,1,0,0,0,0,0,0,FMD,High,1
Buffalo,100,Female,31,1,0,0,0,52,Untreated,19.9876,77.9911,44.3,9.4,32.7,79.2,17.5,Post-Monsoon,6,2,4,0,1,0,0,0,1,0,1,0,0,0,Lumpy_Skin_Disease,High,1
Cow,72,Female,8,1,0,0,1,37,Supportive Care,26.896,79.3132,5.0,6.0,27.6,83.0,5.7,Post-Monsoon,1,2,1,0,0,0,0,0,0,0,0,1,0,0,Lumpy_Skin_Disease,Moderate,0
Cow,110,Female,2,1,1,0,1,261,Untreated,18.7167,83.0574,26.5,0.2,31.3,83.3,17.3,Post-Monsoon,1,6,1,0,1,0,0,0,1,0,0,0,0,0,Lumpy_Skin_Disease,Moderate,0
Buffalo,28,Female,2,1,1,1,1,290,Supportive Care,27.1424,83.2133,92.4,7.0,22.9,36.0,10.9,Monsoon,0,0,0,0,0,0,0,0,0,0,0,0,0,0,Healthy,Low,0
Cow,34,Female,2,1,1,0,0,274,Dewormed,20.3663,77.4807,32.9,0.9,31.4,97.9,5.9,Post-Monsoon,2,4,1,0,1,0,0,0,1,0,0,0,0,0,Lumpy_Skin_Disease,Moderate,0
Buffalo,55,Male,3,0,0,1,1,230,Dewormed,23.7242,83.8115,46.6,8.8,25.0,100.0,24.9,Monsoon,3,3,1,0,1,1,0,0,0,0,1,0,0,0,Hemorrhagic_Septicemia,Critical,1
Buffalo,107,Male,17,0,0,0,1,45,Antibiotics,19.3347,83.4839,19.7,0.8,28.0,78.3,38.2,Monsoon,5,5,2,2,1,1,0,0,0,0,0,0,1,0,Hemorrhagic_Septicemia,Critical,1
Buffalo,82,Male,12,1,0,1,0,352,Supportive Care,22.0421,74.459,41.3,9.8,33.7,80.5,21.1,Post-Monsoon,1,4,4,1,1,0,0,1,0,0,0,1,0,0,Black_Quarter,High,1
Buffalo,26,Female,11,0,1,0,1,260,Supportive Care,19.5535,77.7063,44.8,3.2,23.1,64.1,11.9,Post-Monsoon,2,3,3,0,1,1,1,1,0,0,0,0,0,0,FMD,High,1
Cow,63,Female,6,1,0,1,1,247,Untreated,23.4381,84.5469,2.0,14.8,29.9,75.8,9.9,Winter,4,1,2,0,1,0,1,0,0,1,0,1,0,1,Mastitis,Moderate,0
Buffalo,94,Female,7,1,1,0,1,76,Untreated,21.3891,73.4061,7.1,6.9,33.6,87.7,5.8,Post-Monsoon,0,6,4,0,1,0,0,0,1,0,0,0,0,0,Lumpy_Skin_Disease,High,1
Buffalo,35,Female,1,0,0,1,1,176,Untreated,21.4011,81.7209,42.5,8.0,23.0,51.2,6.8,Summer,4,3,1,0,0,1,1,1,0,0,0,0,0,0,FMD,Moderate,0
Cow,78,Female,25,0,1,0,1,98,Antibiotics,26.7409,82.4616,36.8,12.1,31.8,25.0,10.8,Monsoon,2,5,1,0,1,1,1,0,0,0,0,0,0,0,FMD,Moderate,0
Cow,75,Female,12,0,0,1,1,266,Antibiotics,25.6605,81.7402,30.9,5.6,28.8,81.2,15.2,Monsoon,2,6,4,0,1,1,0,0,0,1,0,1,0,0,Mastitis,Moderate,0
Cow,17,Female,7,1,1,0,1,283,Untreated,22.3341,78.3978,33.4,8.8,32.6,77.0,20.1,Post-Monsoon,5,5,3,0,1,0,0,0,1,0,0,0,0,0,Lumpy_Skin_Disease,High,1
Cow,108,Female,11,1,1,1,0,278,Dewormed,18.8256,76.4853,46.2,5.7,19.8,74.1,7.1,Monsoon,3,2,4,0,0,0,0,0,0,1,1,1,0,0,Mastitis,Moderate,0
Buffalo,55,Male,6,0,0,1,1,319,Untreated,18.1767,74.6073,8.3,7.6,28.7,84.4,69.7,Monsoon,6,3,1,1,1,1,0,0,0,0,1,0,0,0,Hemorrhagic_Septicemia,Critical,1
Cow,104,Female,6,1,1,1,1,264,Antibiotics,27.7213,74.2413,18.5,7.2,24.4,85.6,12.9,Winter,2,5,1,0,0,0,0,0,1,1,0,1,0,0,Mastitis,Moderate,0
Cow,101,Female,29,1,1,1,1,145,Untreated,15.0604,80.128,48.8,7.9,34.7,39.7,0.5,Post-Monsoon,5,5,1,0,0,1,0,1,1,0,0,0,0,0,FMD,Moderate,0
Buffalo,47,Female,3,1,1,0,1,87,Antibiotics,15.8695,81.3315,58.2,10.2,27.2,50.5,6.8,Winter,1,0,0,0,0,0,0,0,0,0,1,0,0,0,Healthy,Low,0
Buffalo,117,Female,8,1,0,1,0,215,Supportive Care,18.5574,75.998,35.9,0.2,32.4,92.4,73.6,Monsoon,5,2,2,2,0,1,0,0,0,0,1,0,0,0,Hemorrhagic_Septicemia,Critical,1
Buffalo,87,Male,10,1,1,0,0,253,Supportive Care,27.7316,76.828,9.0,8.5,30.6,76.9,7.8,Post-Monsoon,7,1,4,0,1,0,0,0,0,0,0,0,0,0,Lumpy_Skin_Disease,High,1
Buffalo,95,Male,3,1,1,0,1,244,Dewormed,17.0919,77.2791,28.3,10.8,24.6,86.4,13.9,Monsoon,3,1,1,0,1,0,0,0,0,1,0,0,0,0,Mastitis,Moderate,0
Buffalo,64,Female,3,0,1,0,1,169,Dewormed,15.0023,76.2969,19.3,14.0,30.7,83.1,21.9,Post-Monsoon,4,3,2,0,1,0,0,0,1,0,0,0,0,0,Lumpy_Skin_Disease,Moderate,0
Buffalo,86,Female,4,1,1,1,0,303,Supportive Care,15.6595,78.5559,14.7,10.0,27.0,68.2,41.7,Post-Monsoon,3,5,3,0,1,0,0,1,0,0,0,0,0,0,Black_Quarter,High,1
Buffalo,83,Female,1,1,0,0,1,244,Antibiotics,20.9925,73.4034,12.4,1.4,25.9,76.8,78.5,Monsoon,5,5,1,2,1,1,0,0,0,0,1,0,0,0,Hemorrhagic_Septicemia,Critical,1
Cow,19,Female,5,1,1,1,0,281,Supportive Care,26.5351,82.5164,21.0,11.2,31.9,80.6,39.9,Monsoon,3,1,1,0,0,1,0,0,0,0,1,0,0,0,Hemorrhagic_Septicemia,Critical,1
Cow,22,Female,9,0,1,1,1,159,Antibiotics,22.1852,78.9413,27.3,4.2,31.2,43.1,6.9,Post-Monsoon,0,2,3,0,1,1,1,1,0,0,0,0,0,0,FMD,High,1
Buffalo,60,Female,32,1,1,1,1,166,Antibiotics,19.6544,78.1857,91.3,4.1,16.3,60.6,13.1,Monsoon,0,0,0,0,0,0,0,0,0,0,0,0,0,0,Healthy,Low,0
Cow,95,Female,2,1,1,1,1,306,Supportive Care,19.1709,83.1476,26.3,11.8,31.8,63.9,47.6,Post-Monsoon,4,5,1,1,1,0,0,0,1,0,1,0,0,1,Anthrax,Critical,1
Buffalo,14,Female,4,1,0,0,1,297,Dewormed,25.6446,78.0168,9.9,12.0,33.0,77.6,40.4,Monsoon,4,6,2,0,1,1,0,0,0,0,1,0,0,1,Hemorrhagic_Septicemia,Critical,1
Buffalo,119,Male,7,0,0,0,0,999,Supportive Care,16.1636,83.6844,2.5,2.2,29.6,98.6,27.1,Post-Monsoon,1,1,3,0,1,0,0,0,1,0,0,0,0,0,Lumpy_Skin_Disease,High,1
Cow,15,Female,1,1,1,1,1,263,Antibiotics,26.6257,79.6069,23.5,8.7,32.2,85.3,29.7,Monsoon,5,5,1,0,1,0,0,0,0,1,0,1,0,0,Mastitis,Moderate,0
Buffalo,25,Male,6,1,0,0,0,97,Supportive Care,15.0421,84.6676,37.9,5.5,32.2,72.9,41.6,Monsoon,3,1,4,1,0,0,0,1,0,0,0,0,0,0,Black_Quarter,High,1
Cow,118,Female,11,0,1,1,0,155,Antibiotics,22.5678,81.0688,15.1,4.2,35.1,55.6,37.6,Monsoon,0,5,1,0,1,0,0,1,0,1,0,0,0,0,Black_Quarter,Moderate,0
Cow,51,Female,30,1,1,0,1,112,Antibiotics,22.3285,83.8714,43.7,8.7,30.9,83.9,7.4,Post-Monsoon,2,1,4,0,1,0,0,1,1,0,0,1,0,0,Lumpy_Skin_Disease,High,1
Cow,96,Female,2,1,1,1,0,211,Supportive Care,17.8417,82.9266,40.4,14.4,29.2,75.7,26.8,Post-Monsoon,5,6,1,0,1,0,1,0,1,0,0,0,1,0,Lumpy_Skin_Disease,Moderate,0
Cow,80,Female,17,1,0,1,1,140,Dewormed,23.2966,83.3404,75.1,3.3,24.7,62.2,3.8,Winter,0,0,0,0,0,0,0,0,0,0,0,0,0,1,Healthy,Low,0
Buffalo,118,Male,2,1,0,0,1,81,Dewormed,21.3032,84.6675,7.9,1.7,28.4,74.6,12.9,Monsoon,0,2,1,0,1,1,1,1,0,0,0,0,1,0,FMD,Moderate,0
Buffalo,105,Female,2,1,1,0,1,338,Dewormed,19.6202,74.3542,30.1,8.9,24.3,59.1,6.7,Summer,0,0,0,0,0,0,0,0,0,0,0,0,0,0,Healthy,Low,0
Buffalo,66,Male,12,1,1,0,1,273,Dewormed,24.7408,83.3497,6.9,7.8,29.1,80.0,22.9,Post-Monsoon,2,1,2,0,1,0,0,0,1,0,0,0,0,0,Lumpy_Skin_Disease,Moderate,0
Cow,16,Female,6,0,0,0,1,106,Dewormed,16.7076,76.5415,49.3,13.9,41.4,66.6,2.0,Winter,0,1,4,0,1,1,1,1,0,0,0,0,0,0,FMD,High,1
Cow,12,Female,2,1,0,0,1,45,Antibiotics,18.005,80.7757,24.1,8.7,24.4,67.8,59.6,Monsoon,3,1,1,0,1,1,0,0,0,0,1,0,0,0,Hemorrhagic_Septicemia,Critical,1
Cow,38,Female,15,0,1,0,1,222,Untreated,25.5896,79.7551,40.3,8.1,27.9,72.5,16.0,Post-Monsoon,2,6,3,0,0,0,0,0,1,0,0,0,0,0,Lumpy_Skin_Disease,High,1
Buffalo,83,Female,2,1,1,1,0,74,Antibiotics,26.2783,78.8165,7.2,9.2,33.2,68.8,41.4,Post-Monsoon,5,1,1,1,1,0,0,1,0,0,0,0,0,0,Black_Quarter,High,1
Cow,34,Female,10,1,1,0,1,240,Antibiotics,20.4853,74.9352,5.2,10.5,29.6,67.8,23.5,Post-Monsoon,1,2,3,0,1,0,0,0,0,0,0,0,0,0,Lumpy_Skin_Disease,High,1
Cow,10,Female,30,1,1,1,1,324,Supportive Care,23.2995,77.6864,44.8,13.4,33.5,78.3,34.9,Winter,2,2,2,0,1,0,0,0,0,1,0,0,0,0,Mastitis,Moderate,0
Cow,119,Female,23,0,1,1,0,321,Untreated,22.6881,81.186,7.0,14.9,22.9,76.9,34.3,Monsoon,1,3,4,0,1,0,0,0,0,1,0,1,0,0,Mastitis,Moderate,0
Cow,89,Female,4,1,1,1,1,97,Antibiotics,17.1261,78.1197,31.5,5.2,34.3,89.1,35.6,Monsoon,2,1,3,1,0,0,0,1,0,0,0,0,0,0,Black_Quarter,High,1
Buffalo,44,Female,4,0,1,1,1,321,Dewormed,15.6392,82.9737,48.0,2.6,19.2,80.2,15.7,Monsoon,2,2,2,0,1,0,0,0,1,1,0,1,0,0,Mastitis,Moderate,0
Buffalo,83,Female,9,1,1,1,1,33,Dewormed,22.2934,77.3063,17.9,6.0,23.3,55.7,7.4,Post-Monsoon,1,0,0,0,0,0,0,0,0,0,1,0,0,0,Healthy,Low,0
Cow,75,Female,49,0,1,1,1,362,Antibiotics,15.9166,73.8967,12.7,3.3,23.3,38.1,3.9,Winter,1,4,1,0,1,1,1,1,0,0,0,0,0,0,FMD,Moderate,0
Buffalo,111,Male,1,1,1,1,1,103,Untreated,20.7849,76.5501,17.2,8.7,35.1,61.9,21.2,Post-Monsoon,5,5,1,0,1,0,0,0,0,0,1,0,0,1,Anthrax,Critical,1
Buffalo,72,Female,4,1,1,0,0,94,Dewormed,17.4183,82.5238,31.9,2.6,34.7,85.1,28.8,Post-Monsoon,2,1,1,0,1,0,0,0,1,0,0,1,0,0,Lumpy_Skin_Disease,Moderate,0
Cow,45,Female,1,0,1,1,1,38,Antibiotics,18.5156,77.0997,70.8,1.8,26.3,70.7,3.3,Monsoon,0,0,0,0,0,0,0,0,0,0,0,0,0,0,Healthy,Low,0
Buffalo,12,Female,3,0,0,0,1,264,Untreated,27.0225,73.5358,9.6,12.2,33.6,92.6,9.0,Post-Monsoon,3,1,1,0,1,0,0,0,0,0,0,0,0,0,Lumpy_Skin_Disease,Moderate,0
Buffalo,82,Female,1,0,1,1,1,256,Supportive Care,26.5595,75.7213,6.8,13.1,36.8,66.0,32.6,Post-Monsoon,6,1,1,0,0,0,0,0,0,0,1,0,0,1,Anthrax,Critical,1
Cow,6,Female,1,0,1,1,1,293,Antibiotics,17.7867,74.6733,1.9,0.8,38.4,41.0,50.0,Post-Monsoon,4,2,1,0,1,0,0,0,0,0,0,0,0,0,Black_Quarter,Moderate,0
Buffalo,88,Male,4,0,0,0,1,324,Supportive Care,16.0983,79.9947,44.5,0.7,24.5,39.9,2.0,Monsoon,2,5,2,0,1,1,1,1,0,0,0,0,0,0,FMD,Moderate,0
Cow,110,Female,15,1,0,0,1,178,Untreated,19.5545,76.2381,7.9,12.0,26.0,75.0,6.3,Winter,4,4,1,0,1,0,0,0,0,1,0,1,0,0,Mastitis,Moderate,0
Buffalo,70,Female,23,1,1,0,1,171,Antibiotics,26.5627,73.5277,14.3,4.6,29.0,85.2,27.8,Post-Monsoon,3,3,4,0,1,0,0,0,1,0,0,0,0,0,Lumpy_Skin_Disease,High,1
Buffalo,74,Male,7,1,0,0,1,95,Untreated,21.8627,75.9369,49.4,14.8,35.3,64.1,38.3,Monsoon,1,2,4,1,1,0,0,0,0,0,1,0,0,1,Anthrax,Critical,1
Cow,79,Female,34,1,1,1,1,117,Dewormed,20.5958,80.4498,17.7,6.9,29.3,68.5,12.4,Post-Monsoon,6,1,2,0,1,0,0,0,0,0,0,0,0,0,Lumpy_Skin_Disease,Moderate,0
Buffalo,58,Female,1,0,1,1,1,221,Antibiotics,25.782,83.0697,32.9,1.9,20.1,86.6,27.5,Post-Monsoon,1,2,1,0,1,0,0,0,0,1,1,1,0,0,Mastitis,Moderate,0
Cow,58,Female,18,1,1,0,0,262,Untreated,23.0038,79.7682,41.4,14.6,36.2,82.6,14.1,Post-Monsoon,3,2,2,0,1,0,0,1,0,0,0,1,0,0,Black_Quarter,Moderate,0
Buffalo,56,Female,1,0,0,1,1,263,Dewormed,20.5166,73.7756,35.5,8.2,24.6,97.2,28.1,Summer,2,6,1,0,1,0,0,0,0,1,0,1,0,0,Mastitis,Moderate,0
Buffalo,14,Female,2,0,1,1,1,334,Supportive Care,15.9653,83.2003,80.3,13.9,23.0,25.9,10.5,Winter,2,0,0,0,0,0,0,0,0,0,0,0,0,0,Healthy,Low,0
Cow,104,Female,1,0,1,0,0,169,Untreated,24.9564,76.1918,43.5,4.5,24.6,83.0,3.9,Winter,3,6,1,0,1,1,1,1,0,0,0,0,0,0,FMD,Moderate,0
Cow,119,Female,21,1,0,1,0,267,Dewormed,26.0284,83.1926,29.8,14.9,26.1,78.4,29.2,Post-Monsoon,4,3,2,0,1,0,0,0,0,1,0,0,0,0,Mastitis,Moderate,0
Cow,27,Female,5,1,0,1,1,281,Untreated,27.7958,83.1795,5.6,5.6,31.4,98.9,30.9,Monsoon,2,4,3,0,0,1,0,0,0,0,1,0,0,0,Hemorrhagic_Septicemia,Critical,1
Buffalo,22,Female,7,1,0,1,1,278,Untreated,27.3907,77.6223,5.4,7.9,28.4,76.5,65.6,Monsoon,5,3,2,1,1,1,0,0,0,0,1,0,1,0,Hemorrhagic_Septicemia,Critical,1
Cow,45,Female,45,0,1,1,1,237,Untreated,23.7627,76.2966,22.4,0.5,27.0,53.0,2.1,Post-Monsoon,1,0,0,0,0,0,0,0,0,0,0,0,0,0,Healthy,Low,0
Cow,57,Female,10,0,0,1,1,255,Untreated,24.4427,78.0888,29.6,7.6,23.0,94.7,74.3,Monsoon,3,1,2,0,1,1,0,0,0,0,1,0,0,0,Hemorrhagic_Septicemia,Critical,1
Cow,115,Female,2,1,0,1,1,238,Untreated,23.8308,84.051,12.9,8.8,36.1,75.6,17.6,Monsoon,4,5,1,0,1,0,0,0,0,0,1,0,0,1,Anthrax,Critical,1
Cow,97,Female,10,0,0,0,1,200,Untreated,16.1401,79.3744,6.1,6.6,27.6,80.2,40.0,Monsoon,2,6,2,1,0,1,0,0,0,0,1,0,0,0,Hemorrhagic_Septicemia,Critical,1
Cow,71,Female,3,1,1,0,1,66,Supportive Care,15.7833,78.8992,17.3,6.7,29.0,78.3,1.9,Post-Monsoon,0,0,0,0,0,0,0,0,0,0,0,0,0,1,Healthy,Low,0
Buffalo,49,Male,11,1,1,1,1,222,Supportive Care,22.7307,76.2719,26.7,6.7,27.3,75.2,11.8,Monsoon,3,6,2,0,0,0,0,0,0,1,0,1,0,0,Mastitis,Moderate,0
Buffalo,35,Female,6,1,0,1,0,243,Untreated,27.5708,75.9127,7.9,13.8,30.5,89.2,79.3,Monsoon,6,5,2,0,1,1,0,0,0,0,1,0,0,0,Hemorrhagic_Septicemia,Critical,1
Buffalo,58,Female,5,1,0,1,1,190,Supportive Care,21.3846,73.699,33.3,11.0,23.5,85.0,30.3,Monsoon,1,1,2,1,1,1,0,0,0,0,1,0,0,0,Hemorrhagic_Septicemia,Critical,1
Buffalo,51,Male,1,1,1,1,1,267,Dewormed,20.779,74.7285,69.6,13.1,18.0,52.4,10.7,Monsoon,0,0,0,0,0,0,0,0,0,0,0,0,0,0,Healthy,Low,0
Cow,41,Female,2,1,1,0,1,329,Supportive Care,17.1672,75.9647,29.5,0.6,33.1,95.4,12.5,Post-Monsoon,2,5,1,0,1,0,0,0,0,1,0,1,0,0,Mastitis,Moderate,0
Cow,71,Female,7,1,1,0,1,354,Untreated,22.5285,82.9335,24.8,11.8,20.9,80.5,25.5,Post-Monsoon,2,1,1,0,1,0,0,0,0,1,0,1,0,0,Mastitis,Moderate,0
Cow,25,Female,4,0,1,1,1,266,Antibiotics,21.1329,79.5519,40.2,12.2,23.5,71.8,15.2,Post-Monsoon,2,4,2,0,1,0,0,0,0,1,0,1,0,0,Mastitis,Moderate,0
Buffalo,44,Female,7,1,0,1,1,106,Dewormed,22.8618,82.005,8.7,6.9,24.2,95.3,12.0,Winter,4,2,2,0,1,0,0,0,0,1,0,0,0,0,Mastitis,Moderate,0
Cow,44,Female,32,1,1,0,0,311,Untreated,19.9196,75.7127,46.5,7.9,40.5,47.7,0.5,Monsoon,0,0,0,0,0,0,0,0,0,0,0,0,0,0,Healthy,Low,0
Cow,93,Female,8,1,1,1,0,359,Supportive Care,22.8083,82.2964,37.7,8.5,28.8,64.4,27.4,Monsoon,4,3,1,0,1,0,0,0,0,0,1,0,0,1,Anthrax,Critical,1
Buffalo,108,Female,42,1,1,0,1,117,Untreated,18.5071,81.9626,12.6,1.7,22.8,98.3,10.7,Winter,4,5,2,0,1,0,0,0,0,0,0,0,0,0,Mastitis,Moderate,0
Buffalo,107,Female,2,1,1,1,1,272,Untreated,16.9741,80.3184,8.2,11.8,27.8,80.5,7.5,Summer,1,5,1,0,1,0,0,0,0,1,0,1,0,0,Mastitis,Moderate,0
Buffalo,78,Female,16,0,1,1,1,93,Antibiotics,23.2242,79.4595,16.9,3.6,23.9,59.3,12.5,Monsoon,3,4,3,0,1,1,1,1,0,0,0,0,0,1,FMD,High,1
Cow,85,Female,15,1,1,1,1,270,Supportive Care,15.1998,84.0743,20.4,3.3,14.9,90.1,3.0,Winter,5,2,1,0,1,1,1,0,0,0,0,0,0,0,FMD,Moderate,0
Cow,47,Female,11,1,0,0,1,326,Antibiotics,23.3056,76.2771,41.2,13.7,29.1,85.7,15.6,Post-Monsoon,3,4,4,0,1,0,0,0,1,0,0,0,0,1,Lumpy_Skin_Disease,High,1
Cow,23,Female,3,1,1,0,0,312,Dewormed,16.9431,84.6744,32.3,3.0,28.4,81.3,10.8,Post-Monsoon,4,4,1,0,1,0,0,1,0,0,0,0,0,0,Black_Quarter,Moderate,0
Cow,101,Female,18,1,0,0,1,297,Dewormed,19.7407,76.1812,48.2,8.9,25.2,93.7,46.2,Monsoon,2,2,2,2,0,1,0,0,0,1,1,1,0,0,Hemorrhagic_Septicemia,Critical,1
Cow,60,Female,1,1,0,0,0,31,Dewormed,21.1236,74.3338,44.4,3.7,28.0,62.3,19.7,Post-Monsoon,7,2,1,1,1,0,0,1,0,0,0,0,0,0,Black_Quarter,High,1
Cow,98,Female,17,0,1,0,1,353,Untreated,22.5914,76.3476,34.0,4.6,24.6,58.6,8.5,Monsoon,3,1,2,0,1,1,1,1,0,0,0,0,0,0,FMD,Moderate,0
Cow,78,Female,6,1,0,1,1,185,Untreated,26.8767,78.9576,38.4,0.8,23.6,71.1,30.7,Monsoon,2,2,2,0,1,0,0,0,0,0,1,0,0,1,Anthrax,Critical,1
Buffalo,110,Male,4,1,1,0,1,94,Supportive Care,16.5605,83.5673,3.3,5.5,25.5,88.5,34.9,Summer,2,1,1,0,1,0,0,0,0,0,0,1,0,0,Mastitis,Moderate,0
Cow,78,Female,14,0,0,0,1,146,Untreated,18.2479,73.8734,21.4,12.1,26.6,79.6,5.8,Post-Monsoon,2,1,4,0,1,1,0,0,1,0,0,0,0,0,Lumpy_Skin_Disease,High,1
Buffalo,71,Female,13,1,1,1,1,35,Untreated,17.6429,77.9603,13.7,8.8,32.6,82.1,35.6,Post-Monsoon,5,4,3,2,1,0,0,0,0,0,1,0,0,1,Anthrax,Critical,1
Buffalo,63,Female,26,1,1,0,1,189,Untreated,17.3578,82.1967,45.4,12.2,28.1,74.1,15.1,Post-Monsoon,0,3,2,0,1,0,0,1,1,0,0,0,0,0,Lumpy_Skin_Disease,Moderate,0
Cow,43,Female,3,1,1,1,1,357,Dewormed,27.3764,80.9696,49.4,0.2,35.2,79.9,40.0,Post-Monsoon,4,3,1,0,1,0,0,0,0,1,0,1,0,0,Mastitis,Moderate,0
Buffalo,45,Female,14,0,1,1,1,262,Dewormed,23.7864,81.6826,17.8,3.2,26.6,89.2,11.9,Post-Monsoon,7,6,3,0,1,0,0,0,1,0,0,0,0,0,Lumpy_Skin_Disease,High,1
Cow,115,Female,12,0,1,1,0,79,Untreated,17.2373,79.0385,26.5,9.2,28.7,37.0,7.2,Monsoon,4,1,2,0,1,1,1,0,0,0,0,0,0,0,FMD,Moderate,0
Buffalo,63,Female,28,0,1,1,0,212,Untreated,23.3756,81.09,42.1,2.7,35.5,43.5,25.6,Post-Monsoon,1,3,3,2,1,0,0,1,1,0,0,0,0,0,Black_Quarter,High,1
Cow,9,Female,23,0,1,0,0,308,Untreated,27.9947,84.8864,31.3,4.1,43.9,49.6,9.2,Summer,2,6,1,0,1,1,1,1,0,0,0,0,0,0,FMD,Moderate,0
Buffalo,70,Male,3,0,1,0,1,288,Dewormed,16.7384,77.676,38.3,8.5,31.8,66.8,5.7,Monsoon,3,5,2,0,0,1,1,1,0,0,0,0,0,0,FMD,Moderate,0
Cow,60,Female,2,1,0,1,1,341,Dewormed,27.3073,83.4244,18.5,13.5,29.8,71.2,31.6,Monsoon,3,3,1,1,1,1,0,0,0,0,1,0,0,0,Hemorrhagic_Septicemia,Critical,1
Buffalo,13,Female,4,1,1,0,1,155,Antibiotics,22.8269,74.8671,20.6,1.5,23.9,84.1,29.4,Post-Monsoon,1,5,3,0,1,0,0,0,1,0,0,0,0,0,Lumpy_Skin_Disease,High,1
Cow,88,Female,2,0,0,1,0,292,Dewormed,22.2564,77.2217,4.8,1.6,13.7,38.9,7.8,Monsoon,4,2,1,0,1,1,1,1,1,0,0,0,0,0,FMD,Moderate,0
Cow,81,Female,18,1,0,1,1,48,Antibiotics,21.5604,74.3412,44.7,13.4,34.3,68.9,18.7,Post-Monsoon,6,2,4,1,1,0,0,1,0,0,0,0,0,0,Black_Quarter,High,1
Buffalo,15,Female,25,0,1,1,1,190,Dewormed,24.359,78.1934,29.3,10.0,20.7,62.2,7.2,Summer,0,0,0,0,0,0,0,0,0,0,0,0,0,0,Healthy,Low,0
Buffalo,50,Female,10,1,0,0,1,267,Untreated,17.7336,83.7663,49.7,14.6,33.2,79.5,37.7,Monsoon,2,2,3,2,1,1,0,0,0,0,1,1,0,0,Hemorrhagic_Septicemia,Critical,1
Cow,41,Female,18,1,1,0,0,346,Antibiotics,18.0329,75.8172,15.5,14.2,25.9,71.0,35.7,Monsoon,1,3,1,0,1,0,0,1,0,0,0,0,0,0,Black_Quarter,Moderate,0
Buffalo,37,Female,4,0,1,1,1,276,Supportive Care,15.6223,84.2159,6.0,10.6,22.2,20.3,4.1,Post-Monsoon,2,6,2,0,1,1,1,1,0,0,0,0,0,0,FMD,Moderate,0
Cow,62,Female,6,1,1,1,1,172,Untreated,26.6661,84.2445,37.5,12.6,20.8,62.4,25.2,Winter,1,5,4,0,1,0,0,0,0,0,0,1,0,0,Mastitis,Moderate,0
Buffalo,41,Female,1,1,1,1,1,241,Supportive Care,25.7365,77.1879,45.1,2.6,25.5,83.7,15.2,Post-Monsoon,0,6,1,1,1,0,0,0,0,0,0,0,0,1,Anthrax,Critical,1
Cow,13,Female,16,1,0,0,0,31,Untreated,25.2099,80.4033,44.2,10.7,33.9,97.4,8.5,Post-Monsoon,6,5,3,0,1,0,0,0,0,0,0,0,0,0,Lumpy_Skin_Disease,High,1
Buffalo,8,Male,2,0,0,1,0,48,Supportive Care,26.8611,79.5093,19.1,11.1,21.4,72.8,10.9,Post-Monsoon,5,5,1,0,1,1,0,1,0,0,0,0,0,1,FMD,Moderate,0
Buffalo,111,Female,1,1,1,1,1,250,Supportive Care,27.1372,80.3274,44.6,14.2,29.1,79.1,39.8,Monsoon,1,2,1,0,1,0,0,1,0,0,0,0,1,0,Black_Quarter,Moderate,0
Buffalo,33,Female,4,1,0,0,0,338,Supportive Care,19.3304,78.5514,47.3,4.4,32.9,76.7,22.5,Post-Monsoon,4,3,2,0,1,0,0,0,1,0,0,0,0,0,Lumpy_Skin_Disease,Moderate,0
Buffalo,65,Female,4,0,1,0,1,79,Untreated,15.9863,75.0374,14.7,6.5,34.8,76.1,16.4,Post-Monsoon,3,5,1,0,1,0,0,0,1,0,0,0,0,0,Lumpy_Skin_Disease,Moderate,0
Buffalo,99,Female,13,1,0,0,0,45,Untreated,17.5456,80.2045,11.7,3.3,31.3,85.6,5.2,Post-Monsoon,2,4,1,0,1,0,0,0,1,0,0,0,0,1,Lumpy_Skin_Disease,Moderate,0
Buffalo,109,Female,2,1,1,0,1,200,Dewormed,15.5929,73.0995,43.0,14.8,31.0,86.7,14.0,Post-Monsoon,1,5,1,0,1,0,1,0,1,0,0,0,0,0,Lumpy_Skin_Disease,Moderate,0
Buffalo,32,Female,7,1,0,1,0,355,Untreated,18.2386,84.9139,6.9,6.2,28.4,73.9,18.8,Winter,2,2,4,0,1,0,0,0,0,1,1,1,0,0,Mastitis,Moderate,0
Cow,97,Female,15,0,1,0,1,140,Supportive Care,17.0704,81.5589,45.0,3.7,34.6,75.8,22.0,Post-Monsoon,4,3,2,0,1,0,0,0,0,0,0,0,0,1,Lumpy_Skin_Disease,Moderate,0
Cow,14,Female,45,1,1,0,0,353,Dewormed,27.2374,79.54,99.6,13.8,17.8,53.6,11.1,Summer,0,0,0,0,0,0,0,0,0,0,0,0,0,0,Healthy,Low,0
Buffalo,90,Female,5,1,1,0,1,167,Supportive Care,19.5457,82.5999,17.9,8.0,21.9,65.3,7.6,Monsoon,5,2,2,0,1,1,1,1,0,0,0,0,0,1,FMD,Moderate,0
Cow,6,Female,18,0,0,1,0,299,Antibiotics,21.481,74.7314,31.7,7.8,37.5,93.3,53.6,Monsoon,6,2,2,0,1,1,0,0,0,0,1,0,0,0,Hemorrhagic_Septicemia,Critical,1
Buffalo,32,Female,9,1,1,0,1,302,Dewormed,18.6504,74.5943,33.2,7.7,32.7,74.2,22.6,Post-Monsoon,1,4,3,0,1,0,0,0,1,1,0,0,0,0,Lumpy_Skin_Disease,High,1
Cow,76,Female,4,0,1,1,1,128,Antibiotics,22.5551,84.5417,32.0,9.0,10.0,51.0,11.3,Monsoon,0,5,1,0,1,1,1,1,0,0,0,0,0,0,FMD,Moderate,0
Buffalo,86,Female,1,1,0,1,1,273,Untreated,15.0461,75.3287,31.9,13.5,27.9,100.0,48.6,Monsoon,4,6,1,1,1,1,0,0,0,0,1,0,0,0,Hemorrhagic_Septicemia,Critical,1
Buffalo,20,Female,18,1,1,1,1,357,Antibiotics,27.9377,73.0318,1.0,1.1,24.2,80.7,13.8,Monsoon,4,6,3,0,1,1,1,1,0,0,0,0,0,0,FMD,High,1
Buffalo,104,Female,1,1,1,0,1,243,Antibiotics,22.8097,79.7027,5.0,1.8,36.9,84.5,13.4,Post-Monsoon,4,3,1,0,0,0,0,0,1,0,0,0,0,0,Lumpy_Skin_Disease,Moderate,0
Buffalo,81,Male,12,1,1,1,1,221,Untreated,18.1868,81.8144,13.0,2.8,28.2,77.6,6.9,Winter,1,4,1,0,1,0,0,0,0,1,0,1,0,1,Mastitis,Moderate,0
Cow,31,Female,10,1,1,1,1,293,Antibiotics,15.6371,80.4902,30.4,8.9,28.7,57.5,36.2,Post-Monsoon,3,1,2,0,1,0,0,0,0,0,0,1,0,0,Mastitis,Moderate,0
Cow,112,Female,1,0,1,0,0,65,Untreated,27.6375,73.8508,46.5,2.3,29.9,78.2,17.7,Post-Monsoon,4,5,1,0,1,0,0,1,0,0,0,0,0,0,Black_Quarter,Moderate,0
Cow,75,Female,14,1,0,0,1,64,Antibiotics,26.8213,79.342,9.7,10.7,26.9,93.2,8.6,Post-Monsoon,6,5,2,0,1,0,0,0,0,0,0,0,0,0,Lumpy_Skin_Disease,Moderate,0
Buffalo,42,Female,7,1,0,1,0,192,Dewormed,24.9202,82.4569,44.5,14.5,35.0,84.0,28.2,Post-Monsoon,3,1,1,0,0,0,0,0,1,0,0,0,0,0,Lumpy_Skin_Disease,Moderate,0
Buffalo,16,Female,2,1,1,0,1,167,Dewormed,27.4194,84.6646,28.8,7.9,29.9,90.8,29.8,Monsoon,0,2,1,0,1,0,0,0,0,1,0,1,0,0,Mastitis,Moderate,0
Cow,22,Female,3,1,1,1,0,220,Supportive Care,27.4821,73.5156,3.3,5.4,26.1,88.5,15.7,Post-Monsoon,3,3,1,0,0,0,0,0,1,0,0,0,0,0,Lumpy_Skin_Disease,Moderate,0
Cow,29,Female,2,1,0,1,1,319,Dewormed,18.5587,74.1354,39.0,3.9,32.3,85.5,36.2,Monsoon,1,2,1,2,1,1,0,0,0,0,1,0,0,0,Hemorrhagic_Septicemia,Critical,1
Cow,108,Female,2,1,1,1,1,337,Antibiotics,22.8708,78.2353,22.6,1.4,22.6,40.1,12.0,Summer,2,5,1,0,1,1,1,1,0,1,0,0,0,0,FMD,Moderate,0
Buffalo,83,Male,6,0,0,1,1,226,Supportive Care,17.9146,74.2763,49.7,4.7,31.4,68.3,2.4,Winter,0,6,3,0,1,1,1,1,0,0,0,0,0,0,FMD,High,1
Buffalo,107,Female,31,1,0,0,1,191,Dewormed,24.2966,82.7949,2.9,0.4,28.4,82.1,27.2,Post-Monsoon,5,3,3,0,1,0,0,0,1,0,0,0,1,0,Lumpy_Skin_Disease,High,1
Cow,10,Female,5,1,1,1,1,137,Antibiotics,17.0209,82.81,33.8,12.1,21.6,77.2,6.6,Post-Monsoon,5,2,4,0,0,0,0,0,0,1,0,1,0,0,Mastitis,Moderate,0
Buffalo,45,Male,6,0,1,0,1,206,Antibiotics,27.6353,80.2719,8.1,5.3,30.2,64.1,48.1,Post-Monsoon,1,6,1,2,1,0,0,1,0,0,0,0,0,0,Black_Quarter,High,1
Cow,108,Female,1,0,1,0,1,181,Untreated,26.7407,76.6862,40.2,3.9,28.9,87.6,15.5,Post-Monsoon,2,4,1,0,1,0,0,0,1,0,0,0,0,0,Lumpy_Skin_Disease,Moderate,0
Buffalo,42,Female,4,1,1,0,1,98,Untreated,18.1234,78.8346,16.2,1.5,30.2,94.2,20.7,Post-Monsoon,6,3,3,0,1,0,0,0,1,0,0,0,0,0,Lumpy_Skin_Disease,High,1
Buffalo,54,Female,12,1,1,0,0,256,Supportive Care,23.2283,73.5235,4.0,0.3,33.6,72.3,26.8,Post-Monsoon,4,1,2,1,1,0,0,1,0,0,0,0,0,0,Black_Quarter,High,1
Buffalo,63,Female,1,0,0,1,1,137,Antibiotics,19.7678,84.1485,31.1,11.7,27.1,82.0,55.5,Monsoon,1,3,1,2,1,1,0,0,0,0,1,0,0,0,Hemorrhagic_Septicemia,Critical,1
Buffalo,107,Female,6,1,0,0,0,322,Antibiotics,26.1374,79.9265,42.3,0.3,28.6,81.4,28.2,Post-Monsoon,2,6,2,0,1,0,1,0,1,0,0,0,0,0,Lumpy_Skin_Disease,Moderate,0
Cow,116,Female,4,1,1,0,1,295,Dewormed,27.8611,84.6563,37.0,12.5,30.9,88.5,29.6,Post-Monsoon,3,3,1,0,0,0,0,0,1,1,0,0,0,0,Lumpy_Skin_Disease,Moderate,0
Cow,76,Female,5,1,0,1,0,266,Antibiotics,23.0048,75.3089,10.1,6.8,30.4,81.3,32.4,Monsoon,7,5,3,0,1,1,0,0,0,0,1,0,0,0,Hemorrhagic_Septicemia,Critical,1
Buffalo,67,Male,2,0,1,1,1,233,Antibiotics,17.4224,74.2732,41.7,12.4,24.1,69.6,10.2,Monsoon,0,0,0,0,0,0,1,0,0,0,0,0,0,0,Healthy,Low,0
Cow,69,Female,6,1,0,1,1,340,Dewormed,20.2476,73.8739,56.3,13.6,25.6,51.1,13.4,Summer,0,0,0,0,0,0,0,0,0,0,0,0,0,0,Healthy,Low,0
Buffalo,119,Female,8,0,0,1,0,102,Antibiotics,23.3428,73.3783,8.1,12.3,33.9,71.9,48.0,Post-Monsoon,2,3,4,2,1,0,0,1,0,0,0,0,0,0,Black_Quarter,High,1
Cow,105,Female,4,1,1,0,0,289,Untreated,18.7717,77.9701,17.3,12.8,29.8,77.1,6.8,Post-Monsoon,1,5,2,0,1,0,0,1,1,0,0,0,0,0,Lumpy_Skin_Disease,Moderate,0
Cow,44,Female,3,1,0,1,1,254,Dewormed,16.634,81.6617,38.1,0.7,29.2,90.0,29.4,Monsoon,1,6,1,1,1,1,0,0,0,0,1,0,0,0,Hemorrhagic_Septicemia,Critical,1
Cow,56,Female,9,1,1,0,1,135,Antibiotics,19.9834,84.478,39.6,11.2,36.4,100.0,17.0,Post-Monsoon,3,6,1,0,1,0,0,0,1,0,0,0,0,0,Lumpy_Skin_Disease,Moderate,0
Cow,50,Female,9,0,0,1,1,276,Untreated,18.1635,75.7293,18.0,11.8,33.6,55.6,10.0,Post-Monsoon,2,4,1,0,1,1,1,1,0,0,0,0,0,0,FMD,Moderate,0
Buffalo,90,Female,9,1,0,1,1,124,Antibiotics,16.8686,75.4803,19.6,14.9,25.7,79.9,18.9,Winter,4,5,3,0,1,0,0,0,0,1,0,1,0,0,Mastitis,Moderate,0
Cow,108,Female,5,1,1,0,1,248,Untreated,17.4822,82.6628,7.7,6.7,33.6,81.9,10.7,Post-Monsoon,5,2,3,0,1,0,0,0,1,0,0,0,0,0,Lumpy_Skin_Disease,High,1
Cow,103,Female,10,1,1,0,0,102,Untreated,26.6667,75.6276,16.1,0.1,30.3,52.6,10.2,Summer,1,0,0,0,0,0,0,0,0,0,0,0,0,0,Healthy,Low,0
Cow,44,Female,6,1,1,1,1,121,Untreated,19.7908,82.563,30.3,11.9,26.6,84.5,18.7,Winter,5,2,3,0,1,0,0,0,0,1,0,1,0,0,Mastitis,Moderate,0
Buffalo,85,Male,4,1,1,1,0,269,Dewormed,27.7522,75.1926,28.3,13.5,26.5,63.2,23.9,Summer,0,5,2,0,1,0,0,0,0,1,0,1,0,0,Mastitis,Moderate,0
Cow,115,Female,6,0,0,1,1,298,Dewormed,25.7432,73.7279,7.2,13.9,32.1,66.2,24.9,Monsoon,1,2,1,0,1,0,0,0,0,1,0,1,0,0,Mastitis,Moderate,0
Buffalo,106,Female,6,1,0,1,1,340,Dewormed,27.281,73.1954,11.1,1.2,33.5,71.9,19.0,Monsoon,3,2,3,2,1,0,0,1,0,0,1,0,0,1,Anthrax,Critical,1
Cow,37,Female,1,1,0,1,0,329,Supportive Care,21.6841,78.0589,25.5,3.4,39.2,81.6,21.6,Post-Monsoon,3,2,1,1,1,0,0,1,0,0,0,0,0,0,Black_Quarter,High,1
Cow,112,Female,7,1,0,1,0,217,Antibiotics,22.8787,78.0718,32.9,13.3,30.4,68.0,23.9,Winter,4,4,1,0,1,0,0,0,0,1,0,1,0,0,Mastitis,Moderate,0
Cow,59,Female,8,1,1,1,1,199,Dewormed,21.2949,79.8963,28.8,11.0,30.0,71.0,27.4,Post-Monsoon,3,6,3,0,0,0,0,0,0,1,0,1,0,1,Mastitis,Moderate,0
Buffalo,37,Female,15,1,1,1,0,77,Dewormed,23.8994,73.7453,21.6,1.3,29.4,70.3,29.8,Summer,2,1,3,0,1,0,0,0,0,1,0,1,0,0,Mastitis,Moderate,0
Cow,20,Female,35,0,0,1,1,145,Untreated,24.5214,79.5704,33.2,8.1,26.6,56.5,13.3,Monsoon,1,4,4,0,1,1,1,1,0,0,0,0,0,0,FMD,High,1
Buffalo,73,Female,30,0,1,0,1,140,Untreated,17.5019,75.8052,45.2,6.4,24.3,100.0,3.5,Summer,4,4,1,0,0,1,1,1,0,0,0,0,0,1,FMD,Moderate,0
Cow,83,Female,19,0,1,0,1,145,Antibiotics,19.6973,74.8089,22.2,7.8,30.8,81.2,17.4,Post-Monsoon,5,4,3,0,0,0,0,0,1,0,0,0,0,0,Lumpy_Skin_Disease,High,1
Cow,39,Female,4,1,1,1,1,310,Dewormed,23.8061,76.6308,45.2,2.6,35.2,68.7,38.5,Monsoon,2,6,3,0,1,0,0,0,0,0,1,0,0,1,Anthrax,Critical,1
Buffalo,22,Male,3,1,0,1,1,114,Dewormed,16.4044,76.6146,41.5,8.2,35.1,44.8,10.4,Post-Monsoon,1,5,1,0,1,1,1,1,0,0,0,0,0,0,FMD,Moderate,0
Buffalo,35,Female,3,1,1,0,1,259,Supportive Care,23.8389,82.7704,8.3,14.2,30.0,93.1,22.3,Post-Monsoon,3,1,1,0,1,0,0,0,1,0,0,0,0,0,Lumpy_Skin_Disease,Moderate,0
Buffalo,112,Female,21,1,0,1,1,129,Untreated,18.7939,75.5614,28.8,6.2,32.7,83.5,22.1,Monsoon,3,4,4,0,0,1,0,0,0,0,1,0,0,0,Hemorrhagic_Septicemia,Critical,1
Cow,9,Female,10,0,1,1,1,180,Antibiotics,21.0218,77.7183,30.8,7.1,23.5,51.9,4.5,Summer,1,3,2,0,1,1,1,1,0,0,0,1,0,0,FMD,Moderate,0
Buffalo,34,Male,10,1,0,0,0,148,Dewormed,20.9908,83.0979,40.7,7.7,26.1,70.8,41.5,Post-Monsoon,1,6,1,1,1,0,0,1,0,0,0,0,0,0,Black_Quarter,High,1
Buffalo,104,Female,5,1,1,1,1,303,Antibiotics,21.7096,83.6389,39.3,2.3,22.9,82.0,14.9,Monsoon,1,3,4,0,1,1,0,0,0,0,0,1,0,0,Mastitis,Moderate,0
Buffalo,57,Male,7,1,1,0,1,292,Dewormed,24.8742,81.3446,33.2,13.1,33.2,90.6,7.3,Summer,2,3,3,0,1,0,0,0,0,1,0,1,0,0,Mastitis,Moderate,0
Cow,110,Female,3,1,1,0,0,112,Supportive Care,15.2764,77.1049,8.0,14.7,27.5,79.2,8.3,Post-Monsoon,2,5,1,0,1,0,0,0,1,0,0,0,0,0,Lumpy_Skin_Disease,Moderate,0
Buffalo,85,Female,14,1,1,1,0,331,Untreated,17.8693,76.6202,29.8,5.0,28.8,69.7,13.4,Summer,1,2,4,0,1,0,0,0,0,1,0,1,0,0,Mastitis,Moderate,0
Buffalo,28,Female,1,1,1,0,1,87,Dewormed,18.3291,73.4104,34.6,4.0,36.4,88.8,6.5,Post-Monsoon,4,1,1,0,1,0,0,0,1,0,0,0,0,0,Lumpy_Skin_Disease,Moderate,0
Buffalo,52,Female,6,1,0,1,1,59,Supportive Care,27.8052,80.3457,22.1,12.2,28.8,78.8,4.3,Winter,0,0,0,0,0,0,0,0,0,0,1,0,0,0,Healthy,Low,0
Buffalo,65,Female,4,1,1,1,0,129,Dewormed,18.8748,75.3956,33.6,11.5,40.2,58.4,29.9,Post-Monsoon,4,3,1,0,1,0,0,0,0,0,0,0,0,0,Black_Quarter,Moderate,0
Cow,33,Female,5,1,1,1,0,131,Dewormed,27.5712,75.3439,51.2,11.6,16.8,64.6,8.6,Summer,1,0,0,0,0,0,0,0,0,0,0,0,0,0,Healthy,Low,0
Cow,12,Female,1,1,0,1,1,56,Untreated,22.9541,81.2608,28.3,5.4,28.5,87.6,42.4,Monsoon,2,6,1,2,1,1,0,0,0,0,1,0,0,0,Hemorrhagic_Septicemia,Critical,1
Cow,83,Female,5,0,1,1,1,184,Dewormed,16.3384,82.4515,8.7,14.3,31.7,80.2,13.2,Monsoon,3,3,2,0,1,0,0,0,1,1,0,1,0,0,Mastitis,Moderate,0
Cow,77,Female,7,1,0,1,0,79,Dewormed,23.983,75.8551,9.1,9.8,30.8,67.3,17.3,Post-Monsoon,3,6,1,1,1,0,1,0,0,0,0,0,0,0,Black_Quarter,High,1
Cow,53,Female,8,1,1,1,1,243,Untreated,20.6619,84.458,22.2,11.3,30.3,78.4,14.5,Summer,5,2,1,0,1,0,0,0,0,1,0,1,0,0,Mastitis,Moderate,0
Buffalo,93,Female,17,0,0,1,1,64,Dewormed,24.4493,79.1469,48.1,11.8,31.1,22.9,0.4,Post-Monsoon,4,5,1,0,1,1,1,1,0,0,0,0,0,0,FMD,Moderate,0
Buffalo,37,Female,8,0,1,0,1,307,Antibiotics,22.2231,75.6854,16.2,11.1,17.3,56.5,3.6,Winter,2,6,4,0,1,1,1,1,0,0,0,0,0,0,FMD,High,1
Buffalo,99,Female,5,1,1,0,1,299,Antibiotics,18.2229,80.8791,51.4,1.8,33.6,67.1,11.3,Winter,2,0,0,0,0,0,0,0,0,0,1,0,0,0,Healthy,Low,0
Buffalo,64,Female,11,0,0,1,1,178,Dewormed,18.1404,80.548,10.8,8.9,35.9,60.9,49.0,Monsoon,6,5,3,0,1,0,0,0,1,0,0,0,0,1,Anthrax,Critical,1
Buffalo,17,Male,1,1,1,0,1,357,Dewormed,27.0214,77.4226,8.9,12.4,29.8,76.0,25.3,Post-Monsoon,3,5,1,0,0,0,0,0,1,0,0,0,0,0,Lumpy_Skin_Disease,Moderate,0
Cow,59,Female,23,1,0,1,1,245,Dewormed,26.3553,80.682,24.8,0.1,28.3,96.1,78.3,Monsoon,5,1,1,1,1,1,0,0,0,0,1,0,0,0,Hemorrhagic_Septicemia,Critical,1
Buffalo,90,Male,7,1,0,0,0,310,Untreated,18.7451,81.4428,43.5,3.7,28.9,94.8,22.5,Post-Monsoon,3,6,2,0,1,1,0,0,1,0,0,0,0,0,Lumpy_Skin_Disease,Moderate,0
Cow,105,Female,4,1,0,1,0,180,Antibiotics,18.9016,82.0615,31.0,0.5,30.5,78.1,26.2,Monsoon,6,6,3,2,1,1,0,0,0,0,1,0,0,0,Hemorrhagic_Septicemia,Critical,1
Buffalo,35,Female,8,1,0,1,1,116,Supportive Care,23.4562,83.4055,44.6,10.4,29.3,91.0,35.6,Monsoon,5,4,3,0,1,1,0,0,0,0,1,0,0,0,Hemorrhagic_Septicemia,Critical,1
Cow,93,Female,43,1,1,1,1,73,Untreated,27.9919,84.8391,81.9,5.9,31.5,89.3,8.1,Winter,0,0,0,0,0,0,0,0,0,0,0,0,0,0,Healthy,Low,0
Buffalo,99,Female,2,0,0,0,1,266,Antibiotics,25.6574,73.8897,36.8,10.6,34.4,76.3,60.3,Monsoon,2,1,1,0,1,1,0,0,0,0,1,0,0,0,Hemorrhagic_Septicemia,Critical,1
Cow,71,Female,11,1,0,0,1,107,Dewormed,23.5259,81.6973,6.2,14.0,19.6,88.9,34.8,Winter,0,2,2,0,1,0,0,0,0,1,0,1,0,0,Mastitis,Moderate,0
Buffalo,93,Female,17,1,1,1,0,327,Untreated,15.6562,74.9143,37.4,9.0,27.7,67.0,14.4,Monsoon,7,6,3,0,1,0,0,0,0,0,1,0,0,0,Anthrax,Critical,1
Cow,74,Female,3,0,1,0,0,311,Supportive Care,15.3093,75.7874,16.3,3.2,29.2,69.1,44.3,Monsoon,2,6,1,0,1,0,0,0,0,0,0,0,0,0,Black_Quarter,Moderate,0
Buffalo,109,Female,7,0,1,0,1,238,Supportive Care,25.7429,75.6284,16.9,10.2,29.7,74.5,29.5,Post-Monsoon,4,1,4,0,1,0,0,0,1,0,0,1,0,0,Lumpy_Skin_Disease,High,1
Buffalo,118,Female,17,0,1,1,0,266,Antibiotics,22.1297,76.5886,34.9,8.3,30.9,69.9,28.2,Post-Monsoon,3,2,2,2,1,0,1,0,0,0,1,0,0,1,Anthrax,Critical,1
Cow,11,Female,13,0,1,0,1,106,Untreated,21.9239,83.4294,8.2,6.4,22.4,65.3,8.8,Winter,2,2,3,0,1,1,0,1,0,0,0,0,0,0,FMD,High,1
Cow,73,Female,5,1,0,0,1,342,Supportive Care,20.1339,76.3721,42.6,14.3,36.2,76.3,18.4,Post-Monsoon,0,4,3,2,0,0,0,1,0,0,0,0,0,0,Black_Quarter,High,1
Cow,118,Female,19,0,1,0,1,56,Dewormed,17.7642,84.6705,33.8,6.3,30.5,86.9,27.1,Post-Monsoon,2,1,2,0,1,0,0,0,1,1,0,0,0,0,Lumpy_Skin_Disease,Moderate,0
Cow,119,Female,89,1,0,1,0,236,Supportive Care,17.5288,80.9048,89.9,13.6,21.4,38.4,10.9,Winter,0,0,0,0,0,1,0,0,0,0,0,0,0,0,Healthy,Low,0
Buffalo,89,Female,2,0,1,1,0,203,Dewormed,23.4684,84.0119,10.7,13.8,24.9,70.3,12.3,Monsoon,2,3,1,1,1,0,0,0,0,0,1,1,0,0,Anthrax,Critical,1
Cow,52,Female,5,1,1,1,0,262,Dewormed,21.5107,82.6569,28.2,6.9,40.9,82.3,21.0,Monsoon,4,4,4,2,1,0,0,1,0,0,0,0,0,0,Black_Quarter,High,1
Buffalo,92,Female,7,0,0,1,1,102,Untreated,18.1916,77.5492,26.3,10.9,19.8,63.0,15.5,Winter,1,2,1,0,1,0,0,0,0,1,0,1,0,0,Mastitis,Moderate,0
Cow,96,Female,7,1,0,1,0,78,Supportive Care,20.6964,75.4931,17.0,14.2,34.0,76.5,49.0,Post-Monsoon,1,2,3,1,1,0,0,1,0,0,0,0,0,0,Black_Quarter,High,1
Buffalo,25,Female,26,0,0,0,1,142,Dewormed,17.8909,77.2183,48.0,13.3,30.6,87.1,21.9,Monsoon,0,6,2,0,0,1,0,0,0,1,0,0,0,0,Hemorrhagic_Septicemia,Critical,1
Cow,94,Female,7,1,1,1,0,341,Antibiotics,18.2018,78.3649,38.2,3.6,40.6,70.5,23.8,Monsoon,4,4,1,1,0,0,0,1,0,1,0,0,0,0,Black_Quarter,High,1
Cow,17,Female,13,1,1,0,0,49,Supportive Care,25.1337,79.7287,20.6,12.3,34.9,75.1,26.0,Post-Monsoon,3,1,1,0,0,0,0,0,1,0,0,0,0,0,Lumpy_Skin_Disease,Moderate,0
Cow,52,Female,18,1,0,1,1,280,Antibiotics,18.2507,82.864,24.5,0.3,30.1,70.5,12.7,Winter,0,0,0,0,0,0,0,0,0,0,0,1,0,0,Healthy,Low,0
Cow,64,Female,4,1,1,1,0,133,Dewormed,27.168,78.0557,23.7,8.2,43.6,72.4,18.7,Monsoon,0,6,2,1,1,0,0,1,0,0,0,0,0,0,Black_Quarter,High,1
Buffalo,36,Female,3,1,1,0,1,134,Antibiotics,27.0184,77.2346,44.4,15.0,26.1,90.5,23.1,Post-Monsoon,1,5,2,0,1,0,0,0,0,0,0,0,0,0,Lumpy_Skin_Disease,Moderate,0
Buffalo,98,Female,22,0,1,1,1,121,Supportive Care,24.1327,84.4434,38.3,3.5,31.4,53.4,12.1,Summer,4,6,2,0,0,1,1,1,0,0,0,0,0,0,FMD,Moderate,0
Cow,37,Female,10,0,0,1,1,302,Dewormed,18.6366,77.9038,11.1,8.3,25.7,59.3,31.0,Post-Monsoon,3,2,2,2,1,0,0,1,0,0,0,0,0,0,Black_Quarter,High,1
Cow,41,Female,12,1,0,1,1,148,Antibiotics,22.1257,75.7398,19.5,0.9,33.3,73.5,10.1,Monsoon,5,5,2,1,1,0,1,0,0,0,1,0,0,1,Anthrax,Critical,1
Cow,50,Female,3,1,1,1,1,146,Antibiotics,19.1617,76.2061,36.9,1.9,34.1,81.5,21.4,Winter,2,1,2,0,1,0,0,0,0,1,0,0,0,0,Mastitis,Moderate,0
Cow,78,Female,13,1,1,1,1,106,Dewormed,16.6718,75.3159,8.6,11.8,19.4,76.1,22.0,Post-Monsoon,4,4,4,0,1,0,0,0,0,1,0,1,0,0,Mastitis,Moderate,0
Buffalo,91,Female,6,1,1,0,1,344,Supportive Care,26.2609,75.8601,34.9,12.3,27.8,74.6,9.8,Post-Monsoon,5,6,2,0,1,0,0,0,1,0,0,0,0,0,Lumpy_Skin_Disease,Moderate,0
Cow,56,Female,3,1,1,1,0,77,Antibiotics,27.4258,81.358,26.1,5.2,33.9,86.7,19.0,Post-Monsoon,4,1,2,0,0,0,0,0,0,0,0,1,0,0,Lumpy_Skin_Disease,Moderate,0
Cow,93,Female,2,0,1,0,0,114,Untreated,21.4873,84.1107,9.3,8.7,28.2,89.7,2.3,Post-Monsoon,4,1,1,0,1,1,1,1,0,0,0,0,0,0,FMD,Moderate,0
Buffalo,59,Female,11,0,1,1,0,183,Dewormed,27.8734,77.1977,6.2,6.7,37.8,62.1,48.7,Post-Monsoon,2,3,1,0,1,0,0,1,0,0,0,0,0,0,Black_Quarter,Moderate,0
Buffalo,15,Male,15,0,1,1,0,144,Untreated,17.7381,77.3593,14.8,10.7,23.2,60.4,11.5,Winter,5,4,2,0,0,1,1,1,0,0,0,0,0,1,FMD,Moderate,0
Buffalo,110,Male,3,0,0,1,0,33,Antibiotics,16.0307,74.9897,2.7,1.9,37.3,28.9,0.6,Post-Monsoon,3,6,2,0,1,1,1,1,0,0,0,0,0,0,FMD,Moderate,0
Cow,116,Female,4,0,1,0,0,43,Untreated,27.5879,73.4271,3.6,10.8,24.9,66.9,2.8,Post-Monsoon,5,1,2,0,1,1,1,1,0,0,0,0,0,1,FMD,Moderate,0
Buffalo,16,Male,33,1,1,1,1,278,Dewormed,20.6262,77.1619,10.5,10.7,29.3,71.3,37.8,Post-Monsoon,4,5,1,2,1,0,0,0,0,0,1,0,0,1,Anthrax,Critical,1
Buffalo,84,Male,9,0,1,0,1,261,Untreated,18.4314,75.0071,15.6,14.3,41.1,57.8,13.3,Winter,1,2,2,0,1,1,1,1,1,0,0,0,0,0,FMD,Moderate,0
Buffalo,14,Male,8,1,0,1,0,32,Antibiotics,27.0629,79.0002,9.3,2.2,25.2,85.9,5.8,Summer,2,3,3,0,1,0,0,0,0,1,0,1,0,0,Mastitis,Moderate,0
Buffalo,52,Male,10,1,1,0,1,146,Untreated,26.3827,75.7068,23.5,7.4,31.5,83.1,5.5,Post-Monsoon,4,3,3,0,1,0,0,0,1,0,0,0,0,0,Lumpy_Skin_Disease,High,1
Buffalo,66,Male,8,1,0,1,1,264,Supportive Care,16.6172,83.7352,18.7,10.3,23.0,72.6,76.1,Monsoon,4,2,2,0,1,1,1,0,0,0,1,0,0,0,Hemorrhagic_Septicemia,Critical,1
Buffalo,46,Female,1,1,0,1,1,49,Dewormed,21.6172,75.8322,1.3,8.2,29.5,92.6,70.4,Monsoon,2,5,1,0,0,1,0,0,0,0,0,0,0,0,Hemorrhagic_Septicemia,Critical,1
Cow,92,Female,2,0,1,0,1,302,Supportive Care,21.4296,77.258,16.4,12.7,25.5,48.4,11.7,Post-Monsoon,5,3,1,0,0,1,1,1,0,0,0,0,0,0,FMD,Moderate,0
Buffalo,95,Female,8,0,1,1,0,120,Supportive Care,22.8933,83.7156,3.9,13.2,24.0,88.9,39.2,Post-Monsoon,2,6,1,0,1,0,0,0,0,1,1,1,0,0,Mastitis,Moderate,0
Cow,12,Female,3,1,0,0,1,299,Dewormed,18.7918,76.8188,27.1,12.1,28.8,78.6,22.7,Post-Monsoon,6,3,1,0,0,0,0,0,1,0,1,0,0,1,Lumpy_Skin_Disease,Moderate,0
Cow,42,Female,24,1,0,1,0,213,Untreated,20.6678,75.4966,19.6,1.5,31.6,74.7,43.0,Monsoon,3,2,3,0,0,0,0,1,0,0,0,0,0,0,Black_Quarter,High,1
Cow,79,Female,10,1,1,0,1,249,Untreated,23.1395,78.043,8.1,5.5,29.4,97.2,25.2,Post-Monsoon,4,4,1,0,1,0,0,0,1,0,0,0,0,0,Lumpy_Skin_Disease,Moderate,0
Cow,56,Female,11,1,1,0,0,167,Dewormed,27.3089,73.0123,17.0,9.4,29.0,56.1,16.8,Monsoon,4,5,3,2,1,0,0,1,0,0,0,0,0,0,Black_Quarter,High,1
Buffalo,85,Female,8,1,0,0,1,168,Dewormed,22.8484,79.0231,33.9,2.6,28.2,88.8,53.8,Monsoon,5,4,1,2,1,1,0,0,0,0,1,1,0,0,Hemorrhagic_Septicemia,Critical,1
Cow,55,Female,14,0,1,0,1,311,Untreated,21.5533,81.2413,16.3,4.7,25.8,70.9,12.6,Post-Monsoon,7,4,2,2,1,1,0,1,0,0,0,0,0,0,Black_Quarter,High,1
Buffalo,57,Female,6,0,1,1,1,35,Antibiotics,19.817,79.1061,0.6,4.5,34.1,58.5,48.7,Post-Monsoon,2,4,4,0,1,0,0,0,0,0,1,0,0,1,Anthrax,Critical,1
Cow,46,Female,10,0,1,0,1,260,Antibiotics,22.356,84.3863,46.3,1.8,16.4,58.6,14.1,Winter,6,1,1,0,1,1,1,0,0,0,0,0,0,0,FMD,Moderate,0
Buffalo,117,Male,43,0,1,1,1,329,Untreated,21.1246,79.1377,10.2,8.7,36.0,50.8,6.1,Winter,1,3,2,0,1,0,1,1,0,0,0,0,0,0,FMD,Moderate,0
Buffalo,36,Male,1,1,0,1,1,307,Dewormed,26.4305,76.9942,8.1,13.3,33.1,84.6,72.6,Monsoon,3,6,1,2,1,1,0,0,0,0,1,0,0,0,Hemorrhagic_Septicemia,Critical,1
Buffalo,9,Female,6,1,1,1,0,280,Supportive Care,18.1721,73.0558,13.6,4.8,35.9,65.9,13.0,Post-Monsoon,3,6,3,0,1,0,0,1,0,0,0,0,0,0,Black_Quarter,High,1
Buffalo,54,Male,6,1,0,0,0,193,Supportive Care,18.8131,77.6694,4.4,8.5,30.5,72.0,27.2,Monsoon,4,4,3,2,1,0,0,1,1,0,0,0,1,0,Black_Quarter,High,1
Cow,19,Female,31,1,1,0,1,83,Antibiotics,25.2136,82.3284,7.2,13.6,31.8,83.6,17.1,Post-Monsoon,2,3,2,0,1,0,0,0,1,0,0,0,0,0,Lumpy_Skin_Disease,Moderate,0
Buffalo,116,Female,5,1,1,1,1,202,Supportive Care,17.0963,77.4653,29.6,1.3,26.8,88.0,9.6,Monsoon,2,4,3,0,1,0,0,0,1,0,0,1,0,0,Mastitis,Moderate,0
Cow,83,Female,2,1,0,0,0,344,Untreated,16.7094,80.7335,25.0,14.6,37.0,86.9,44.6,Monsoon,4,6,1,0,1,0,0,1,0,0,0,0,0,0,Black_Quarter,Moderate,0
Cow,117,Female,8,0,1,0,1,65,Antibiotics,23.9635,76.0086,32.4,9.2,23.6,68.1,5.4,Summer,3,3,2,0,0,0,0,1,0,0,0,0,0,0,FMD,Moderate,0
Cow,95,Female,1,0,0,1,1,35,Untreated,26.1209,78.5091,13.0,12.4,26.3,79.4,55.0,Monsoon,4,1,1,1,0,1,0,0,0,0,1,0,0,0,Hemorrhagic_Septicemia,Critical,1
Buffalo,32,Female,2,0,1,1,0,301,Untreated,19.5027,73.6628,9.6,11.6,32.5,70.5,29.9,Post-Monsoon,4,1,1,2,1,0,0,1,0,0,0,0,0,0,Black_Quarter,High,1
Cow,73,Female,46,1,0,1,1,41,Supportive Care,20.6936,80.7433,45.5,10.2,30.0,78.4,35.6,Monsoon,1,6,4,0,1,1,0,1,0,0,0,0,0,0,Hemorrhagic_Septicemia,Critical,1
Buffalo,33,Female,23,0,1,1,1,192,Antibiotics,18.326,78.895,21.9,12.8,22.1,29.8,8.7,Post-Monsoon,2,3,2,0,1,1,1,1,0,0,0,0,0,0,FMD,Moderate,0
Buffalo,55,Female,3,1,1,1,1,41,Untreated,24.8626,81.6002,28.3,4.2,28.4,85.3,9.7,Post-Monsoon,2,2,1,0,1,0,0,0,1,0,0,0,0,0,Lumpy_Skin_Disease,Moderate,0
Buffalo,82,Male,5,1,0,0,1,147,Untreated,25.1007,75.3795,22.9,13.9,25.9,87.4,12.5,Post-Monsoon,2,6,4,0,1,0,0,0,1,0,0,0,0,0,Lumpy_Skin_Disease,High,1
Buffalo,41,Female,10,1,0,0,1,257,Dewormed,25.0829,74.1564,52.6,13.0,23.8,49.7,2.4,Monsoon,0,0,0,0,0,0,0,0,1,0,0,0,0,0,Healthy,Low,0
Cow,92,Female,9,1,1,0,1,220,Dewormed,17.9412,84.1803,23.7,11.1,35.7,90.2,39.5,Winter,2,5,2,0,0,0,0,0,0,1,0,1,0,0,Mastitis,Moderate,0
Buffalo,91,Female,3,0,1,0,0,307,Untreated,22.3836,82.5716,29.7,4.0,29.4,69.4,33.1,Post-Monsoon,1,2,2,0,0,0,0,1,0,0,0,0,0,0,Black_Quarter,Moderate,0
Cow,80,Female,1,1,1,1,1,357,Dewormed,20.9699,73.9,1.6,7.7,34.9,84.4,45.3,Monsoon,2,5,1,0,1,1,0,0,0,0,1,0,0,0,Hemorrhagic_Septicemia,Critical,1
Buffalo,50,Female,15,0,1,1,0,128,Dewormed,18.0279,84.6017,5.6,14.9,27.9,51.8,33.6,Post-Monsoon,7,2,3,0,1,0,0,1,0,0,0,0,0,0,Black_Quarter,High,1
Buffalo,15,Female,6,0,1,1,1,306,Dewormed,16.0882,78.2593,29.6,6.7,23.5,79.5,29.4,Monsoon,1,1,1,0,1,0,0,0,0,1,0,1,0,0,Mastitis,Moderate,0
Cow,119,Female,3,1,1,1,1,157,Supportive Care,25.2923,81.033,40.1,4.8,27.2,65.0,23.5,Post-Monsoon,3,3,1,0,1,0,0,0,0,1,0,1,0,0,Mastitis,Moderate,0
Buffalo,101,Male,3,0,1,0,0,269,Antibiotics,17.0995,78.4802,10.6,14.7,31.6,58.8,7.7,Post-Monsoon,0,3,2,0,1,1,1,1,0,0,1,0,0,0,FMD,Moderate,0
Buffalo,13,Female,4,0,1,1,0,233,Antibiotics,19.4571,83.3373,8.7,8.4,28.5,85.0,9.7,Monsoon,1,3,3,0,1,0,0,0,0,1,0,1,0,0,Mastitis,Moderate,0
Cow,8,Female,1,1,0,1,0,283,Supportive Care,23.1899,77.8869,16.3,7.7,37.6,83.8,17.5,Post-Monsoon,6,4,1,0,1,0,0,1,0,0,0,0,0,0,Black_Quarter,Moderate,0
Cow,61,Female,3,1,0,0,1,165,Supportive Care,26.6928,80.0867,46.9,6.1,30.8,81.6,35.0,Monsoon,5,4,2,1,1,1,0,0,0,0,1,0,0,0,Hemorrhagic_Septicemia,Critical,1
Buffalo,114,Female,5,1,1,0,1,273,Dewormed,26.2289,76.7779,1.3,13.5,31.9,86.2,20.7,Post-Monsoon,2,2,3,0,0,0,0,0,1,0,0,0,0,0,Lumpy_Skin_Disease,High,1
Buffalo,89,Female,3,0,1,0,0,292,Dewormed,26.0503,76.6844,10.3,4.7,33.5,80.1,17.6,Post-Monsoon,2,3,1,0,1,0,0,0,1,0,0,0,0,0,Lumpy_Skin_Disease,Moderate,0
Buffalo,31,Female,2,1,1,1,0,79,Untreated,24.822,79.721,11.1,14.5,24.8,71.7,17.1,Winter,4,1,1,0,1,0,0,0,0,1,0,1,0,0,Mastitis,Moderate,0
Cow,8,Female,40,1,1,1,0,38,Antibiotics,21.8623,83.5661,5.8,12.7,29.9,61.0,26.7,Post-Monsoon,4,5,2,1,1,1,0,1,0,0,0,0,0,0,Black_Quarter,High,1
Buffalo,46,Female,3,0,0,1,1,212,Untreated,26.0089,78.7239,84.5,11.2,32.1,50.8,9.8,Post-Monsoon,0,0,0,0,0,0,0,0,0,0,0,0,0,1,Healthy,Low,0
Buffalo,100,Female,4,1,1,1,1,278,Antibiotics,16.3352,78.8629,27.5,14.0,23.2,67.5,1.9,Winter,0,0,0,0,0,0,0,0,0,0,0,0,0,0,Healthy,Low,0
Cow,43,Female,7,1,1,1,1,155,Untreated,22.2945,79.6206,33.6,5.4,33.7,57.5,5.5,Summer,1,6,4,0,1,1,0,1,0,0,0,1,0,0,FMD,High,1
Buffalo,85,Female,35,1,1,1,1,197,Antibiotics,17.6315,84.1231,25.6,6.9,28.9,84.0,71.0,Monsoon,1,1,4,1,1,1,0,0,0,0,1,0,0,0,Hemorrhagic_Septicemia,Critical,1
Cow,104,Female,4,1,1,1,0,342,Supportive Care,24.7301,77.0884,14.3,7.1,31.4,71.0,47.6,Monsoon,3,4,3,0,1,0,0,1,0,0,0,0,0,0,Black_Quarter,High,1
Buffalo,110,Female,6,1,1,0,1,127,Untreated,15.4295,78.298,45.2,10.7,28.5,91.0,68.2,Monsoon,4,1,4,2,1,1,0,0,0,0,1,0,0,0,Hemorrhagic_Septicemia,Critical,1
Buffalo,15,Female,13,0,0,1,1,172,Supportive Care,25.8501,75.878,22.0,9.8,29.3,67.9,13.5,Post-Monsoon,0,2,4,0,0,1,1,0,0,0,0,0,0,0,FMD,High,1
Buffalo,31,Female,4,0,0,1,0,337,Dewormed,19.8696,73.988,38.9,7.1,28.0,82.0,23.6,Monsoon,6,4,2,1,1,0,0,0,0,0,0,0,1,0,Hemorrhagic_Septicemia,Critical,1
Buffalo,57,Female,2,1,0,0,0,341,Supportive Care,27.2503,75.1049,10.3,0.3,32.7,77.3,45.3,Monsoon,0,4,1,0,1,1,0,0,0,0,1,0,0,0,Hemorrhagic_Septicemia,Critical,1
Buffalo,30,Female,16,1,1,0,0,104,Supportive Care,23.6308,79.3048,25.9,5.2,27.8,60.3,45.3,Monsoon,4,3,2,1,1,0,0,1,0,0,0,0,0,0,Black_Quarter,High,1
Buffalo,34,Female,1,0,1,0,0,80,Antibiotics,24.9364,81.2569,40.4,1.4,36.1,76.8,27.8,Post-Monsoon,1,3,1,0,0,0,0,0,1,0,0,0,0,0,Lumpy_Skin_Disease,Moderate,0
Buffalo,85,Female,5,1,1,0,1,35,Supportive Care,25.6402,81.9412,20.4,11.9,26.7,70.3,37.2,Monsoon,1,5,3,2,1,1,0,0,0,0,1,0,0,1,Anthrax,Critical,1
Cow,79,Female,2,0,0,1,0,120,Antibiotics,21.9206,78.8032,18.5,3.8,31.2,83.6,29.0,Summer,2,1,1,0,1,0,0,0,0,1,0,1,0,0,Mastitis,Moderate,0
Cow,57,Female,2,0,1,0,0,207,Untreated,21.5983,76.0494,18.4,11.4,30.4,91.9,37.7,Post-Monsoon,2,2,1,0,1,0,0,0,0,1,0,0,0,0,Black_Quarter,Moderate,0
Buffalo,114,Female,7,1,1,1,0,36,Dewormed,19.4461,73.2966,30.7,3.8,39.4,81.2,34.7,Post-Monsoon,1,1,1,2,0,0,0,1,0,0,0,0,0,0,Black_Quarter,High,1
Cow,18,Female,2,1,1,0,1,191,Dewormed,26.9486,83.3302,4.2,3.9,33.8,65.5,20.9,Post-Monsoon,3,4,1,0,1,0,0,0,1,0,0,0,0,0,Lumpy_Skin_Disease,Moderate,0
Cow,41,Female,2,0,1,0,0,358,Dewormed,22.6273,76.5979,43.5,6.3,27.2,95.0,29.9,Post-Monsoon,4,1,1,0,1,0,0,1,0,0,0,0,0,0,Lumpy_Skin_Disease,Moderate,0
Buffalo,56,Male,9,1,0,1,0,65,Antibiotics,20.9954,75.1371,42.0,14.6,27.2,84.9,52.9,Monsoon,5,6,3,1,1,0,0,0,0,0,0,0,0,0,Hemorrhagic_Septicemia,Critical,1
Cow,47,Female,6,1,1,0,1,113,Dewormed,15.4152,77.0988,9.0,8.5,30.3,84.6,11.3,Post-Monsoon,2,1,3,0,1,0,0,0,1,0,0,0,0,0,Lumpy_Skin_Disease,High,1
Buffalo,56,Female,1,0,0,1,1,293,Untreated,16.4903,81.2056,19.9,7.9,24.2,67.1,0.0,Winter,2,4,1,0,1,1,1,1,0,0,0,0,0,0,FMD,Moderate,0
Cow,117,Female,3,0,1,1,1,329,Untreated,27.1026,83.4392,6.2,2.3,31.5,76.2,14.6,Post-Monsoon,4,4,1,0,1,0,0,0,0,0,0,1,0,1,Mastitis,Moderate,0
Buffalo,20,Female,12,1,0,1,1,86,Supportive Care,27.0788,77.7609,14.5,7.3,26.5,60.8,20.5,Monsoon,2,1,1,0,1,1,0,1,0,0,1,0,0,0,Hemorrhagic_Septicemia,Critical,1
Cow,22,Female,6,0,1,0,0,122,Untreated,26.3215,79.7771,20.6,0.7,33.2,79.5,7.3,Post-Monsoon,2,4,3,0,1,0,0,0,1,0,1,0,0,0,Lumpy_Skin_Disease,High,1
Buffalo,37,Female,10,0,1,0,1,253,Antibiotics,25.3201,78.926,47.8,3.3,30.2,51.4,12.0,Summer,1,3,4,0,1,1,1,1,0,0,0,0,0,0,FMD,High,1
Cow,115,Female,1,1,1,1,1,93,Dewormed,18.1417,81.5862,4.7,8.2,24.2,64.6,70.1,Monsoon,2,5,1,1,1,1,0,0,0,0,1,0,0,0,Hemorrhagic_Septicemia,Critical,1
Cow,15,Female,16,0,0,1,0,274,Dewormed,24.8032,74.9728,22.5,7.5,16.3,59.5,3.6,Summer,1,1,4,0,1,1,1,1,1,0,0,0,0,0,FMD,High,1
Cow,71,Female,23,1,0,1,1,243,Untreated,21.8583,84.1354,25.8,1.0,25.5,83.9,32.1,Monsoon,4,2,3,2,1,1,0,0,0,0,0,0,0,0,Hemorrhagic_Septicemia,Critical,1
Cow,89,Female,6,1,1,0,1,232,Dewormed,22.6471,75.3169,44.8,2.5,33.0,84.5,6.2,Post-Monsoon,2,2,1,0,1,1,0,0,1,0,0,0,0,0,Lumpy_Skin_Disease,Moderate,0
Cow,93,Female,5,0,1,1,0,197,Dewormed,20.453,77.4091,23.9,10.4,19.0,48.3,11.7,Monsoon,3,1,1,0,1,1,1,1,0,0,0,0,0,0,FMD,Moderate,0
Buffalo,40,Female,26,0,1,1,0,192,Dewormed,19.3229,84.8652,35.2,8.1,23.8,65.6,10.6,Monsoon,4,4,2,0,1,1,0,1,0,0,0,0,0,1,FMD,Moderate,0
Cow,119,Female,13,1,1,1,1,140,Antibiotics,23.0333,83.9246,61.2,11.0,21.3,30.2,11.6,Post-Monsoon,0,0,0,0,0,0,0,0,0,0,0,0,0,0,Healthy,Low,0
Buffalo,65,Female,4,1,1,1,1,258,Dewormed,19.4611,81.6924,62.3,7.1,31.7,51.3,2.5,Winter,0,0,0,0,0,0,0,0,0,0,0,0,0,0,Healthy,Low,0
Buffalo,26,Female,17,0,1,1,1,81,Untreated,26.6093,82.0931,14.1,14.3,29.5,77.0,33.4,Summer,3,1,1,0,1,0,0,0,0,0,0,1,0,0,Mastitis,Moderate,0
Cow,13,Female,3,1,1,1,1,247,Untreated,21.0433,82.9243,26.0,10.9,33.2,87.8,5.4,Post-Monsoon,4,1,2,0,1,0,0,0,1,0,0,0,0,0,Lumpy_Skin_Disease,Moderate,0
Buffalo,76,Female,4,0,0,0,1,119,Antibiotics,26.689,77.3673,4.9,2.8,33.3,88.6,49.5,Monsoon,6,5,1,1,1,1,0,0,0,0,1,0,0,0,Hemorrhagic_Septicemia,Critical,1
Buffalo,76,Female,15,1,0,1,1,339,Dewormed,18.6479,82.71,47.4,3.1,26.8,79.6,30.0,Monsoon,3,3,2,1,1,0,0,0,0,0,1,0,0,1,Anthrax,Critical,1
Cow,32,Female,7,0,0,1,1,235,Supportive Care,23.6954,83.9005,43.8,1.2,13.5,65.9,9.0,Winter,2,3,1,0,0,1,1,1,0,0,0,0,0,0,FMD,Moderate,0
Cow,16,Female,5,1,0,0,1,144,Untreated,27.9789,82.4695,45.2,4.3,25.2,75.3,69.5,Monsoon,1,3,4,0,1,1,0,0,1,0,1,0,0,0,Hemorrhagic_Septicemia,Critical,1
Cow,14,Female,3,1,1,1,0,293,Supportive Care,24.1548,75.3864,19.2,7.8,26.1,67.8,6.0,Winter,2,5,1,0,1,1,1,1,0,0,0,0,0,1,FMD,Moderate,0
Cow,43,Female,20,1,1,1,1,345,Antibiotics,20.4828,79.8607,39.5,3.8,32.0,84.2,9.3,Post-Monsoon,2,4,4,0,0,0,0,0,1,0,0,0,0,0,Lumpy_Skin_Disease,High,1
Buffalo,52,Female,6,1,0,0,1,274,Untreated,27.9305,76.5493,29.2,9.5,26.8,88.0,43.2,Monsoon,3,4,4,0,1,1,0,0,0,0,1,0,0,0,Hemorrhagic_Septicemia,Critical,1
Buffalo,45,Male,11,0,0,1,0,290,Untreated,24.2164,80.1424,47.6,12.2,23.8,78.9,9.1,Monsoon,4,6,3,0,1,1,1,1,0,0,0,0,0,0,FMD,High,1
Buffalo,73,Female,18,0,0,1,1,359,Supportive Care,24.9528,82.5379,16.3,14.4,25.8,32.5,1.7,Winter,4,1,2,0,1,1,1,1,0,0,0,0,0,0,FMD,Moderate,0
Cow,24,Female,22,1,1,0,1,284,Antibiotics,26.0476,76.2477,30.1,13.0,29.6,86.3,23.9,Post-Monsoon,4,3,2,0,1,0,0,0,1,0,0,0,0,0,Lumpy_Skin_Disease,Moderate,0
Buffalo,81,Female,2,1,1,1,1,156,Antibiotics,15.7977,78.619,20.3,11.1,32.6,68.8,43.5,Post-Monsoon,1,3,1,2,1,0,0,0,0,0,1,0,0,1,Anthrax,Critical,1
Buffalo,95,Female,10,1,1,1,0,347,Dewormed,18.8468,83.6677,46.4,4.3,40.3,56.8,15.8,Post-Monsoon,5,3,1,0,1,0,0,1,0,0,0,0,0,0,Black_Quarter,Moderate,0
Cow,63,Female,5,1,0,1,0,95,Supportive Care,25.8053,77.1642,23.9,10.6,27.6,90.6,66.5,Monsoon,0,6,1,2,0,1,0,0,0,0,1,0,0,0,Hemorrhagic_Septicemia,Critical,1
Buffalo,38,Female,23,0,1,0,1,314,Untreated,24.4066,81.7531,28.1,2.1,29.2,43.0,2.0,Summer,2,4,4,0,1,1,1,1,0,0,0,0,0,0,FMD,High,1
Buffalo,105,Female,3,1,1,1,1,264,Dewormed,25.2807,83.4856,7.8,9.5,35.9,63.5,42.4,Monsoon,2,6,2,2,1,0,0,0,0,0,1,0,0,0,Anthrax,Critical,1
Buffalo,104,Female,29,1,1,0,1,325,Antibiotics,25.0826,84.1783,16.0,6.9,30.0,63.3,24.7,Post-Monsoon,1,5,2,0,1,0,0,0,1,1,0,0,0,0,Lumpy_Skin_Disease,Moderate,0
Buffalo,67,Female,1,1,0,1,0,289,Supportive Care,20.7066,75.4812,46.9,13.5,24.8,66.6,24.8,Post-Monsoon,5,2,1,2,1,0,0,1,0,0,0,0,0,0,Black_Quarter,High,1
Cow,52,Female,4,1,0,0,0,292,Untreated,15.7513,76.701,37.8,5.0,30.6,75.0,45.9,Monsoon,5,1,1,2,1,0,0,1,0,1,0,0,0,0,Black_Quarter,High,1
Cow,26,Female,1,1,0,1,0,41,Antibiotics,16.8222,82.2654,41.6,5.1,18.1,89.2,11.9,Monsoon,2,6,1,0,0,0,0,0,0,1,0,1,0,0,Mastitis,Moderate,0
Buffalo,28,Male,10,1,1,1,0,274,Antibiotics,16.7162,81.1898,30.8,5.3,24.8,100.0,33.4,Winter,3,6,1,0,1,0,0,0,0,1,0,1,0,0,Mastitis,Moderate,0
Cow,101,Female,2,1,0,1,1,262,Untreated,26.443,81.302,4.0,14.9,29.6,89.7,29.3,Monsoon,6,4,1,0,1,1,0,0,0,0,1,0,1,0,Hemorrhagic_Septicemia,Critical,1
Buffalo,71,Female,45,1,0,0,0,258,Dewormed,25.9326,83.3791,35.4,2.7,28.6,81.8,11.3,Post-Monsoon,5,4,4,0,1,0,0,0,1,0,0,0,0,0,Lumpy_Skin_Disease,High,1
Buffalo,106,Female,60,0,1,0,1,170,Supportive Care,25.4576,74.9717,25.8,1.8,29.1,79.4,12.6,Post-Monsoon,4,5,2,0,1,0,0,0,1,0,1,0,0,1,Lumpy_Skin_Disease,Moderate,0
Buffalo,110,Female,2,0,0,0,0,999,Antibiotics,25.3373,84.2026,14.9,14.9,26.8,66.3,3.7,Winter,0,0,0,0,0,0,0,1,0,0,0,0,0,0,Healthy,Low,0
Buffalo,95,Female,2,0,1,1,1,72,Antibiotics,25.0033,78.1259,41.2,4.7,31.2,56.5,24.6,Monsoon,2,4,1,2,1,0,0,0,0,0,1,0,0,1,Anthrax,Critical,1
Cow,72,Female,3,1,0,0,1,82,Untreated,20.156,75.7296,35.6,7.1,32.1,77.7,10.0,Post-Monsoon,5,1,1,0,1,0,0,0,1,0,0,0,0,0,Lumpy_Skin_Disease,Moderate,0
Cow,68,Female,6,1,0,1,1,301,Dewormed,22.8711,77.8364,97.0,10.4,30.8,50.9,10.2,Monsoon,0,0,0,0,0,0,0,0,0,0,0,0,1,0,Healthy,Low,0
Buffalo,68,Male,3,1,0,0,0,186,Antibiotics,19.7123,75.2501,29.9,13.1,30.7,84.7,14.4,Post-Monsoon,4,3,1,0,1,0,0,0,1,0,0,0,0,0,Lumpy_Skin_Disease,Moderate,0
Buffalo,100,Female,8,0,0,0,1,346,Antibiotics,23.1297,78.0346,3.7,9.2,26.9,77.9,14.5,Post-Monsoon,1,5,4,0,0,1,0,0,1,0,0,0,0,0,Lumpy_Skin_Disease,High,1
Cow,67,Female,7,1,1,0,1,78,Dewormed,25.3283,76.7446,18.6,6.6,30.4,83.2,27.3,Post-Monsoon,4,2,4,0,1,0,0,0,1,0,0,0,1,0,Lumpy_Skin_Disease,High,1
Buffalo,57,Female,9,0,0,1,1,87,Untreated,24.1055,73.0686,0.7,5.8,25.9,61.5,7.4,Monsoon,6,1,1,0,1,1,1,1,0,0,0,0,0,0,FMD,Moderate,0
Buffalo,41,Female,19,1,0,1,1,313,Dewormed,26.4348,83.2075,22.0,1.4,27.0,79.8,61.2,Monsoon,5,4,1,0,1,0,0,0,0,0,1,0,0,0,Hemorrhagic_Septicemia,Critical,1
Cow,41,Female,27,1,1,1,0,286,Supportive Care,19.0039,82.8087,44.9,3.8,30.6,69.9,14.7,Post-Monsoon,3,2,1,0,1,0,1,1,0,0,0,0,0,0,Black_Quarter,Moderate,0
Buffalo,15,Female,7,1,1,1,0,143,Untreated,23.7415,75.7564,16.5,7.0,26.5,20.0,8.8,Winter,7,1,2,0,1,0,1,1,0,0,0,0,0,1,FMD,Moderate,0
Cow,31,Female,10,0,1,1,1,169,Supportive Care,17.8821,75.921,29.3,14.5,38.6,32.5,5.7,Monsoon,5,4,2,0,1,1,1,1,0,1,0,0,0,1,FMD,Moderate,0
Cow,97,Female,27,1,0,1,1,235,Dewormed,15.8256,82.0271,15.3,6.4,27.7,88.3,44.6,Monsoon,3,4,1,0,1,1,0,0,0,0,1,0,0,0,Hemorrhagic_Septicemia,Critical,1
Buffalo,13,Male,4,1,1,1,1,256,Antibiotics,17.0134,83.4343,31.2,6.4,37.4,76.7,10.3,Post-Monsoon,4,2,1,0,1,0,0,0,0,0,1,0,0,0,Anthrax,Critical,1
Buffalo,51,Female,8,1,1,1,1,201,Untreated,15.4335,74.8603,12.0,3.8,33.2,94.7,28.9,Monsoon,4,1,1,0,1,1,0,0,0,0,1,1,0,0,Hemorrhagic_Septicemia,Critical,1
Cow,43,Female,33,1,0,1,1,284,Dewormed,21.5611,75.8582,33.2,10.3,24.4,95.5,38.8,Monsoon,4,5,1,0,1,1,0,0,1,0,0,0,0,0,Hemorrhagic_Septicemia,Critical,1
Buffalo,102,Male,3,1,0,0,1,207,Untreated,22.9653,74.6797,27.4,12.6,26.3,70.0,65.8,Monsoon,2,6,1,0,0,0,0,0,0,0,1,0,1,0,Hemorrhagic_Septicemia,Critical,1
Buffalo,68,Male,25,1,1,1,1,283,Dewormed,23.7101,82.9867,77.2,5.7,24.4,64.5,13.5,Post-Monsoon,1,0,0,0,0,0,0,0,0,0,0,0,0,0,Healthy,Low,0
Cow,117,Female,1,1,1,0,1,327,Antibiotics,22.991,78.8538,36.2,4.0,33.0,75.8,5.6,Post-Monsoon,4,3,1,0,0,0,0,0,1,0,0,0,0,0,Lumpy_Skin_Disease,Moderate,0
Buffalo,80,Female,4,0,1,0,1,269,Dewormed,22.0704,79.6321,23.8,13.5,30.8,83.6,15.8,Post-Monsoon,4,2,1,0,1,0,0,0,1,1,0,0,0,0,Lumpy_Skin_Disease,Moderate,0
Cow,71,Female,2,0,1,0,0,214,Untreated,25.4592,75.9109,9.5,0.4,34.6,72.9,14.8,Summer,2,1,1,0,1,1,1,1,0,0,0,0,0,0,FMD,Moderate,0
Cow,88,Female,6,1,1,0,1,55,Dewormed,21.3371,84.9294,28.9,2.8,31.5,90.3,8.2,Post-Monsoon,5,1,3,0,1,0,0,0,1,1,0,0,0,0,Lumpy_Skin_Disease,High,1
Cow,8,Female,1,1,1,1,1,188,Supportive Care,24.8849,77.2526,49.3,8.9,25.9,82.7,21.9,Monsoon,1,1,1,0,1,0,0,0,0,1,0,1,0,0,Mastitis,Moderate,0
Cow,83,Female,2,1,1,1,1,303,Antibiotics,16.0911,79.6868,1.6,5.2,27.3,71.2,20.4,Winter,1,4,1,0,0,0,0,0,0,1,0,1,0,0,Mastitis,Moderate,0
Cow,52,Female,11,1,0,1,1,196,Supportive Care,16.0301,81.5704,42.0,0.3,28.0,85.9,71.2,Monsoon,3,3,3,2,0,1,0,0,0,0,1,0,0,0,Hemorrhagic_Septicemia,Critical,1
Buffalo,16,Female,4,0,0,1,1,289,Untreated,27.407,84.3591,30.0,4.5,29.5,33.8,13.6,Monsoon,2,3,3,0,1,1,1,1,0,0,0,0,0,0,FMD,High,1
Cow,9,Female,1,0,1,1,0,144,Dewormed,26.9638,82.9611,41.5,8.0,33.0,81.7,15.6,Monsoon,5,4,1,0,1,0,0,1,0,0,0,0,0,0,Black_Quarter,Moderate,0
Buffalo,71,Female,1,0,1,1,1,163,Antibiotics,19.5435,83.0889,60.7,10.7,30.6,67.8,7.3,Monsoon,1,0,0,0,0,0,0,0,0,0,0,0,0,0,Healthy,Low,0
Buffalo,79,Female,3,0,1,1,0,35,Supportive Care,24.0331,75.8358,25.0,11.4,22.8,55.0,8.3,Post-Monsoon,3,0,0,0,0,0,0,0,1,0,0,0,0,0,Healthy,Low,0
Cow,19,Female,6,1,1,1,0,351,Antibiotics,25.3981,83.6132,27.3,10.8,29.4,87.9,25.0,Post-Monsoon,5,6,3,2,1,0,0,1,0,0,0,0,0,0,Black_Quarter,High,1
Cow,42,Female,10,1,1,1,0,261,Untreated,24.7625,75.601,31.0,13.9,31.0,64.7,35.1,Winter,5,1,3,0,1,0,0,0,0,1,0,1,0,0,Mastitis,Moderate,0
Buffalo,63,Female,1,0,1,1,1,207,Antibiotics,22.9502,77.0727,38.7,7.7,23.6,58.5,3.5,Monsoon,2,5,1,0,1,1,1,1,0,0,0,1,0,0,FMD,Moderate,0
Cow,88,Female,2,1,0,1,1,185,Antibiotics,21.2401,73.5025,26.6,9.5,29.5,81.0,26.3,Monsoon,3,3,1,2,1,1,0,0,0,0,1,0,0,0,Hemorrhagic_Septicemia,Critical,1
Cow,65,Female,6,0,0,1,0,103,Supportive Care,24.2799,76.4081,24.3,9.5,30.0,87.2,34.7,Monsoon,3,4,4,1,0,1,0,0,0,0,1,0,0,0,Hemorrhagic_Septicemia,Critical,1
Buffalo,55,Female,9,0,1,1,1,67,Supportive Care,27.5146,82.3129,39.6,1.5,21.3,51.3,3.7,Monsoon,2,2,4,0,1,1,1,1,0,0,0,0,0,0,FMD,High,1
Buffalo,116,Female,7,0,1,1,0,290,Antibiotics,16.2048,76.1548,15.1,14.7,32.2,48.8,5.7,Monsoon,2,3,1,0,1,1,1,1,0,0,0,0,0,0,FMD,Moderate,0
Cow,91,Female,8,1,1,0,1,364,Supportive Care,16.5688,84.1483,10.0,13.6,25.4,63.9,38.5,Post-Monsoon,2,1,4,0,1,0,0,0,0,1,0,0,0,0,Mastitis,Moderate,0
Cow,7,Female,23,0,1,1,0,266,Supportive Care,23.8413,80.247,78.3,6.5,32.6,51.1,13.5,Summer,0,0,0,0,0,0,0,0,0,0,0,0,0,0,Healthy,Low,0
Cow,14,Female,3,0,1,0,1,110,Untreated,17.5452,78.781,3.6,14.5,30.4,80.9,29.5,Post-Monsoon,1,4,2,0,1,0,0,0,1,0,0,0,0,0,Lumpy_Skin_Disease,Moderate,0
Cow,96,Female,17,0,1,1,1,66,Dewormed,16.5086,81.2208,15.1,3.5,35.2,51.4,2.3,Winter,4,2,3,0,1,1,1,1,0,0,0,0,1,0,FMD,High,1
Cow,42,Female,15,1,1,1,1,126,Supportive Care,24.5274,75.0648,59.0,8.3,39.9,46.7,10.2,Winter,1,0,0,0,0,0,0,0,0,0,0,1,0,0,Healthy,Low,0
Cow,8,Female,12,0,1,0,1,227,Supportive Care,23.546,78.6226,26.1,2.5,14.7,52.5,0.1,Post-Monsoon,0,1,3,0,1,1,1,1,0,0,0,0,0,0,FMD,High,1
Cow,71,Female,9,1,0,1,0,319,Supportive Care,26.6018,82.7433,24.2,4.8,32.9,59.7,32.0,Post-Monsoon,1,4,4,2,1,0,0,0,0,0,1,0,0,1,Anthrax,Critical,1
Buffalo,6,Female,27,1,0,0,1,146,Untreated,18.3234,73.244,16.4,9.4,28.9,77.2,22.9,Post-Monsoon,2,4,1,0,1,0,0,0,1,0,0,0,0,0,Lumpy_Skin_Disease,Moderate,0
Cow,109,Female,29,0,1,1,1,150,Dewormed,21.8928,81.1098,40.6,9.7,18.3,61.1,3.8,Winter,0,1,2,0,1,1,1,1,0,0,0,1,0,0,FMD,Moderate,0
Buffalo,70,Female,27,0,1,1,1,107,Untreated,18.032,83.8861,27.7,10.7,31.7,54.0,3.4,Post-Monsoon,2,3,4,0,1,0,1,1,0,0,0,0,0,0,FMD,High,1
Cow,13,Female,2,1,1,1,1,164,Untreated,23.0647,82.7043,46.4,13.1,19.6,62.5,9.0,Summer,1,0,0,0,0,0,0,0,0,0,1,0,0,0,Healthy,Low,0
Cow,22,Female,6,1,1,1,0,257,Dewormed,21.1871,80.3383,20.7,0.6,37.8,84.8,13.3,Post-Monsoon,6,2,4,0,0,0,0,1,0,0,0,0,0,0,Black_Quarter,High,1
Cow,106,Female,1,0,1,0,1,87,Supportive Care,18.4239,77.2399,2.5,3.4,25.4,63.9,27.0,Post-Monsoon,2,3,1,0,1,0,0,0,1,0,0,0,1,0,Lumpy_Skin_Disease,Moderate,0
Buffalo,22,Female,4,1,1,0,1,71,Dewormed,27.7096,82.8059,24.5,2.8,38.4,83.3,11.1,Post-Monsoon,3,3,2,0,1,0,0,0,1,0,0,0,0,0,Lumpy_Skin_Disease,Moderate,0
Buffalo,52,Female,14,0,1,1,1,199,Antibiotics,26.8212,82.2679,45.7,5.6,25.2,65.2,36.3,Summer,4,6,1,0,1,0,0,1,0,1,0,1,0,0,Mastitis,Moderate,0
Buffalo,55,Male,5,1,1,0,1,146,Supportive Care,21.6122,77.172,22.6,14.9,30.2,84.5,12.2,Post-Monsoon,5,1,1,0,0,0,0,0,1,1,0,0,0,0,Lumpy_Skin_Disease,Moderate,0
Cow,98,Female,5,1,1,1,1,302,Untreated,25.5481,79.6545,26.0,11.0,22.5,83.9,21.8,Post-Monsoon,2,4,2,0,0,0,0,0,0,1,0,1,0,0,Mastitis,Moderate,0
Buffalo,60,Female,2,1,1,0,1,57,Antibiotics,17.0989,82.1737,19.0,0.5,27.4,79.4,28.0,Post-Monsoon,3,3,1,0,1,0,0,0,1,0,0,0,0,0,Lumpy_Skin_Disease,Moderate,0
